id,text,true_intent,pred_intent,intent_correct,confidence,weak_by_conf,weak_intent_real,weak_slot_real,true_slots,pred_slots
test_1,барлык хәтерләтүләрне күрсәт,reminder/show_reminders,alarm/show_alarms,False,0.9405,False,False,False,{'reference': 'барлык'},{'datetime': 'барлык'}
test_2,Миңа свитер кирәкме?,weather/find,weather/find,True,0.9195,False,False,False,{'weather/attribute': 'свитер'},"{'datetime': 'миңа', 'location': 'kirәкме'}"
test_3,Бүген сәгать ун алтыга хәтерләтүне өстә,reminder/set_reminder,reminder/set_reminder,True,0.9545,False,False,False,{'datetime': 'Бүген сәгать ун алтыга'},"{'datetime': 'Бүген', 'reminder/todo': 'ун алтыга хәтерләтүне'}"
test_4,Минем хәтерләтүне бетер,reminder/cancel_reminder,AddToPlaylist,False,0.9358,False,False,False,{'reference': 'Минем'},"{'entity_name': 'хәтерләтүне бетер', 'playlist': 'Минем'}"
test_5,Миңа бензин салырга искә төшер.,reminder/set_reminder,weather/find,False,0.9271,False,False,False,{'reminder/todo': 'бензин салырга'},{'datetime': 'миңа'}
test_6,Чәршәмбе көнне миңа кул чатыры кирәкме?,weather/find,weather/find,True,0.9635,False,False,False,"{'datetime': 'Чәршәмбе', 'weather/attribute': 'кул чатыры'}","{'datetime': 'чәршәмбе көнне', 'location': 'миңа'}"
test_7,биш минуттан соң минем будильникны кабатла,alarm/snooze_alarm,alarm/set_alarm,False,0.9371,False,True,False,"{'datetime': 'биш минуттан', 'reference': 'минем'}","{'reference': 'минем будильникны', 'datetime': 'биш минуттан соң'}"
test_8,максның туган көне турында искә төшеруне куй,reminder/set_reminder,alarm/set_alarm,False,0.9331,False,False,False,{'reminder/todo': 'максның туган көне турында искә төшеруне'},{'datetime': 'максның туган көне турында'}
test_9,Миңа барлык хәтерләтүләрне күрсәт,reminder/show_reminders,SearchCreativeWork,False,0.9501,False,False,False,{'reference': 'барлык'},{'datetime': 'миңа'}
test_10,Барлык будильникларны күрсәт.,alarm/show_alarms,alarm/show_alarms,True,0.9735,False,False,False,{'reference': 'Барлык'},{}
test_11,Бүген яңгыр явар микән?,weather/find,weather/find,True,0.9408,False,False,False,"{'datetime': 'Бүген', 'weather/attribute': 'яңгыр'}","{'datetime': 'бүген', 'location': 'яңгыр явар'}"
test_12,Будильникны иртәнге 8 куй,alarm/set_alarm,alarm/set_alarm,True,0.9515,False,False,False,{'datetime': 'иртәнге 8'},"{'reference': 'Будильникны', 'datetime': '8 куй'}"
test_13,Бүген температура нинди?,weather/find,weather/find,True,0.9678,False,False,False,"{'datetime': 'Бүген', 'weather/attribute': 'температура'}","{'datetime': 'Бүген', 'weather/attribute': 'температура'}"
test_14,Минем хәтерләтүне күрсәт,reminder/show_reminders,PlayMusic,False,0.9266,False,False,False,{'reference': 'Минем'},"{'artist': 'Минем', 'music_item': 'хәтерләтүне'}"
test_15,Барлык будильникларны күрсәт,alarm/show_alarms,alarm/show_alarms,True,0.9813,False,False,False,{'reference': 'Барлык'},{}
test_16,Миңа Бен белән Джорджия турында сөйләшергә искә төшер,reminder/set_reminder,reminder/set_reminder,True,0.9748,False,False,False,{'reminder/todo': 'Бен белән Джорджия турында сөйләшергә'},"{'datetime': 'миңа', 'reminder/todo': 'Бен белән Джорджия турында сөйләшергә'}"
test_17,Будильникны иртәнге 5 куй,alarm/set_alarm,alarm/set_alarm,True,0.9604,False,False,False,{'datetime': 'иртәнге 5'},"{'reference': 'Будильникны', 'datetime': 'иртәнге 5 куй'}"
test_18,бүген болытлымы,weather/find,weather/find,True,0.9658,False,False,False,"{'datetime': 'бүген', 'weather/attribute': 'болытлымы'}","{'datetime': 'бүген', 'location': 'болытлымы'}"
test_19,Бүген бездә ничә дюйм яңгыры явар?,weather/find,weather/find,True,0.9408,False,False,False,"{'datetime': 'Бүген', 'weather/attribute': 'дюйм яңгыры'}","{'datetime': 'бүген', 'weather/attribute': 'яңгыры явар'}"
test_20,Иртәгә минем апама шалтыратырга искә төшер,reminder/set_reminder,reminder/set_reminder,True,0.9786,False,False,False,"{'datetime': 'Иртәгә', 'reminder/todo': 'минем апама шалтыратырга'}","{'datetime': 'иртәгә', 'reminder/todo': 'минем апама шалтыратырга'}"
test_21,будильникны туктат,alarm/cancel_alarm,alarm/snooze_alarm,False,0.9578,False,False,False,{},"{'datetime': 'бу атнаның дүшәмбесеннән якшәмбесенә кадәр', 'reference': 'барлык'}"
test_22,Бу атнада кызу булырмы?,weather/find,weather/find,True,0.9374,False,False,False,"{'datetime': 'Бу атнада', 'weather/attribute': 'кызу'}","{'location': 'бу атнада', 'datetime': 'кызу булырмы'}"
test_23,Будильникны көндезге 3 куй.,alarm/set_alarm,alarm/set_alarm,True,0.9419,False,False,False,{'datetime': 'көндезге 3'},"{'reference': 'Будильник', 'datetime': 'көндезге 3 куй'}"
test_24,бүген кар явармы,weather/find,weather/find,True,0.9347,False,False,False,"{'datetime': 'бүген', 'weather/attribute': 'кар'}","{'datetime': 'бүген', 'location': 'кар'}"
test_25,бөтен будильникларны бетер,alarm/cancel_alarm,alarm/cancel_alarm,True,0.9446,False,False,False,{'reference': 'бөтен'},{'reference': 'бөтен'}
test_26,Минем хәтерләтүләрне күрсәт,reminder/show_reminders,SearchCreativeWork,False,0.9599,False,False,False,{'reference': 'Минем'},{'object_type': 'хәтерләтүләр'}
test_27,Будильникка кадәр күпме вакыт калды,alarm/time_left_on_alarm,alarm/show_alarms,False,0.9226,False,True,False,{},{'datetime': 'күпме вакыт'}
test_28,Минем нинди искә төшерүләрем бар?,reminder/show_reminders,RateBook,False,0.9342,False,False,False,{'reference': 'Минем'},"{'object_name': 'Минем', 'object_type': 'книга'}"
test_29,Будильникны көн саен иртәнге 8 куй,alarm/set_alarm,alarm/set_alarm,True,0.9494,False,False,False,{'recurring_datetime': 'иртәнге 8'},"{'reference': 'Будильникны', 'datetime': 'көн саен иртәнге 8 куй'}"
test_30,син миңа будильникларны күрсәтә аласыңмы?,alarm/show_alarms,alarm/show_alarms,True,0.9896,False,False,False,{},{'datetime': 'син миңа'}
test_31,Бүген Диснейуорлдта буран булырмы?,weather/find,SearchCreativeWork,False,0.9554,False,False,False,"{'datetime': 'Бүген', 'location': 'Диснейуорлдта', 'weather/attribute': 'буран'}","{'datetime': 'Бүген', 'object_location_type': 'Диснейуорлдта'}"
test_32,бүген кар явырмы,weather/find,PlayMusic,False,0.9178,False,False,False,"{'datetime': 'бүген', 'weather/attribute': 'кар'}","{'datetime': 'бүген', 'music_item': 'кар явырмы'}"
test_33,бөтен будильникларны күрсәт,alarm/show_alarms,alarm/show_alarms,True,0.9769,False,False,False,{'reference': 'бөтен'},{'datetime': 'бөтен'}
test_34,Бүген салкынмы?,weather/find,weather/find,True,0.9362,False,False,False,"{'datetime': 'Бүген', 'weather/attribute': 'салкынмы'}","{'datetime': 'бүген', 'location': 'салкын'}"
test_35,"Зинһар, пәнҗешәмбе иртәсеннән будильникны бетер.",alarm/cancel_alarm,alarm/set_alarm,False,0.922,False,False,False,{'datetime': 'пәнҗешәмбе иртәсеннән'},"{'reference': 'пәнҗешәмбе', 'datetime': 'иртәсеннән'}"
test_36,Бүген яңгыр явырмы?,weather/find,weather/find,True,0.92,False,False,False,"{'datetime': 'Бүген', 'weather/attribute': 'яңгыр'}","{'datetime': 'бүген', 'location': 'яңгыр явырмасы'}"
test_37,канадада кар явамы,weather/find,weather/find,True,0.8882,False,False,False,"{'location': 'канадада', 'weather/attribute': 'кар явамы'}","{'location': 'канадада', 'datetime': 'кар'}"
test_38,Бүген нинди югары температура булачак?,weather/find,weather/find,True,0.9696,False,False,False,"{'datetime': 'Бүген', 'weather/attribute': 'югары температура'}","{'datetime': 'Бүген', 'weather/attribute': 'температура'}"
test_39,"Төнлә шулкадәр кар яуса, сәяхәт куркыныч булырмы?",weather/find,none,False,0.8905,True,False,False,"{'datetime': 'Төнлә', 'weather/attribute': 'кар яуса'}",{}
test_40,бөтен хәтерләтүләрне күрсәт,reminder/show_reminders,weather/find,False,0.9041,False,False,False,{'reference': 'бөтен'},"{'datetime': 'бөтен', 'condition_temperature': 'хәтерләтүләрне'}"
test_41,барлык хәтерләтүләрне бетер,reminder/cancel_reminder,reminder/set_reminder,False,0.9611,False,False,False,{'reference': 'барлык'},"{'datetime': 'барлык', 'reminder/todo': 'хәтерләтүләрне бетер'}"
test_42,миңа иртәгә куртка кирәкме?,weather/find,alarm/set_alarm,False,0.9108,False,False,False,"{'datetime': 'иртәгә', 'weather/attribute': 'куртка'}",{'datetime': 'миña иртәгә куртка'}
test_43,Будильникка кадәр күпме вакыт калды,alarm/time_left_on_alarm,alarm/show_alarms,False,0.9226,False,True,False,{},{'datetime': 'күпме вакыт'}
test_44,Будильникны туктат,alarm/snooze_alarm,alarm/snooze_alarm,True,0.9628,False,True,False,{},"{'datetime': 'бу атнаның дүшәмбесеннән якшәмбесенә кадәр', 'reference': 'барлык'}"
test_45,Миңа барлык будильникларны күрсәт,alarm/show_alarms,alarm/show_alarms,True,0.9788,False,False,False,{'reference': 'барлык'},{'datetime': 'миңа'}
test_46,Йеллоустонда һава торышы нинди?,weather/find,weather/find,True,0.9688,False,False,False,{'location': 'Йеллоустонда'},"{'location': 'Йеллоустонда', 'datetime': 'нинди'}"
test_47,Бүген һава торышы нинди?,weather/find,weather/find,True,0.9568,False,False,False,{'datetime': 'Бүген'},"{'datetime': 'Бүген', 'weather/attribute': 'торышы'}"
test_48,Иртәгә Патрикны мәктәптән алырга минем искә төшерүдән алып бетер.,reminder/cancel_reminder,reminder/set_reminder,False,0.9748,False,False,False,"{'datetime': 'Иртәгә', 'reminder/todo': 'Патрикны мәктәптән алырга', 'reference': 'минем'}","{'datetime': 'иртәгә', 'reminder/todo': 'Патрикны мәктәптән алырга минем искә төшерүдән алып бетер'}"
test_49,Миңа иртәгә шул ук вакытта табибка язылырга искә төшер,reminder/set_reminder,reminder/set_reminder,True,0.955,False,False,False,"{'datetime': 'иртәгә шул ук вакытта', 'reminder/todo': 'табибка язылырга'}","{'datetime': 'миңа', 'reminder/todo': 'язылырга'}"
test_50,Миңа аренданы түләргә искә төшер,reminder/set_reminder,alarm/set_alarm,False,0.8904,False,False,False,{'reminder/todo': 'аренданы түләргә'},"{'reference': 'миңа аренданы', 'datetime': 'түләргә'}"
test_51,яңгыр кайчан бетәчәк?,weather/find,weather/find,True,0.9373,False,False,False,{'weather/attribute': 'яңгыр'},"{'datetime': 'яңгыр кайчан', 'location': 'бетәчәк'}"
test_52,будильникларны бетер,alarm/cancel_alarm,alarm/snooze_alarm,False,0.9458,False,False,False,{},{'datetime': 'бетер'}
test_53,Сишәмбе көнне миңа Стефанига шалтыратырга искә төшер,reminder/set_reminder,reminder/set_reminder,True,0.9879,False,False,False,"{'datetime': 'Сишәмбе көнне', 'reminder/todo': 'Стефанига шалтыратырга'}","{'datetime': 'сишәмбе көнне', 'reminder/todo': 'миңа Стефанига шалтыратырга'}"
test_54,барлык минем уяткыч сәгатьләрне күрсәт,alarm/show_alarms,reminder/show_reminders,False,0.9604,False,False,False,{'reference': 'барлык минем'},{'reference': 'барлык'}
test_55,Бүген никадәр эссе булачак?,weather/find,weather/find,True,0.9566,False,False,False,"{'datetime': 'Бүген', 'weather/attribute': 'эссе'}","{'datetime': 'никадәр', 'location': 'бүген'}"
test_56,будильникны бүген кичке 5 куй,alarm/set_alarm,alarm/set_alarm,True,0.932,False,False,False,{'datetime': 'бүген кичке 5'},"{'reference': 'будильникны', 'datetime': 'бүген кичке 5'}"
test_57,21-енче августта көндез 3-тә табибка барырга искә төшер,reminder/set_reminder,reminder/set_reminder,True,0.9824,False,False,False,"{'datetime': '21-енче августта көндез 3-тә', 'reminder/todo': 'табибка барырга'}","{'datetime': '21-енче августта', 'reminder/todo': 'көндез 3-тә табибка барырга'}"
test_58,көн саен иртәнге сәгать 7-дә дарулар эчәргә турында минем искә төшерүне бетер,reminder/cancel_reminder,reminder/set_reminder,False,0.9633,False,False,False,"{'recurring_datetime': 'көн саен иртәнге сәгать 7-дә', 'reminder/todo': 'дарулар эчәргә'}","{'datetime': 'көн саен', 'reminder/todo': 'минем искә төшерүне бетер'}"
test_59,киләсе фараз яңгырны кайчан күрсәтә,weather/find,PlayMusic,False,0.7947,False,False,False,{'weather/attribute': 'яңгырны'},"{'artist': 'киләсе', 'datetime': 'калган күчектөрсөн'}"
test_60,Иртәгә иртә белән минем будильнигым нинди вакытка куелган?,alarm/show_alarms,alarm/show_alarms,True,0.9587,False,False,False,"{'datetime': 'Иртәгә иртә', 'reference': 'минем'}",{'datetime': 'иртәгә'}
test_61,бүген кар явармы,weather/find,weather/find,True,0.9347,False,False,False,"{'datetime': 'бүген', 'weather/attribute': 'кар'}","{'datetime': 'бүген', 'location': 'кар'}"
test_62,Минем будильнигымны сүндер.,alarm/cancel_alarm,alarm/cancel_alarm,True,0.947,False,False,False,{'reference': 'Минем'},{'reference': 'будильнигым'}
test_63,Барлык будильникларны бетер,alarm/cancel_alarm,alarm/cancel_alarm,True,0.9854,False,False,False,{'reference': 'Барлык'},{'reference': 'барлык'}
test_64,миңа продуктларны сатып алырга искә төшер,reminder/set_reminder,BookRestaurant,False,0.9251,False,False,False,{'reminder/todo': 'продуктларны сатып алырга'},"{'datetime': 'миңа', 'party_size_number': 'продуктлар', 'sort': 'сатып алырга'}"
test_65,Миңа иртәнге сәгать 9-да иртәнге аш өчен будильник кирәк,alarm/set_alarm,alarm/set_alarm,True,0.9016,False,False,False,{'datetime': 'иртәнге сәгать 9-да'},"{'reference': 'миңа', 'datetime': 'бер өчен', 'recurring_datetime': '9-да иртәнге аш'}"
test_66,уен башланганчы бер сәгать алдан Кольтларны карау турында искә төшерүне куй,reminder/set_reminder,alarm/set_alarm,False,0.8791,False,False,False,"{'datetime': 'уен башланганчы бер сәгать алдан', 'reminder/todo': 'Кольтларны карау'}","{'datetime': 'уен башланганчы бер сәгать', 'reference': 'бер сәгать', 'reminder/todo': 'карать алдан Кольтларны искә төшерүне'}"
test_67,барлык будильникларны бетер,alarm/cancel_alarm,alarm/cancel_alarm,True,0.9799,False,False,False,{'reference': 'барлык'},{'reference': 'барлык'}
test_68,Бу исемлектән минем өченче искә төшерүне бетер.,reminder/cancel_reminder,reminder/set_reminder,False,0.9243,False,False,False,{'reference': 'минем өченче'},"{'datetime': 'минем өченче', 'reminder/todo': 'искә төшерүне бетер'}"
test_69,Будильникны иртәнге 6 куй,alarm/set_alarm,alarm/set_alarm,True,0.9382,False,False,False,{'datetime': 'иртәнге 6'},"{'reference': 'Будильникны', 'datetime': 'иртәнге 6 куй'}"
test_70,Бу будильникны хәзердән көндезге 2-гә куй,alarm/cancel_alarm,alarm/set_alarm,False,0.9436,False,False,False,"{'reference': 'Бу', 'datetime': 'хәзердән | көндезге 2-гә'}","{'reference': 'бу будильник', 'datetime': 'көндезге 2-гә куй'}"
test_71,Кар булырмы?,weather/find,weather/find,True,0.8446,False,False,False,{'weather/attribute': 'Кар'},"{'location': 'Кар', 'datetime': 'бу'}"
test_72,Миңа аренданы түләргә искә төшер.,reminder/set_reminder,alarm/set_alarm,False,0.9146,False,False,False,{'reminder/todo': 'аренданы түләргә'},{'datetime': 'миңа'}
test_73,иртәгә нинди иң түбән температура,weather/find,weather/find,True,0.9723,False,False,False,"{'datetime': 'иртәгә', 'weather/attribute': 'иң түбән'}","{'datetime': 'иртәгә', 'weather/attribute': 'температура'}"
test_74,Бүген кояшлы булырмы?,weather/find,weather/find,True,0.9322,False,False,False,"{'datetime': 'Бүген', 'weather/attribute': 'кояшлы'}","{'datetime': 'Бүген', 'location': 'куояшлы булырмы'}"
test_75,Бүген минем ничә искә төшерүләрем бар?,reminder/show_reminders,weather/find,False,0.9409,False,False,False,{'datetime': 'Бүген'},"{'datetime': 'Бүген', 'location': 'ничә'}"
test_76,Минем иртәгә нинди искә төшерүләрем бар?,reminder/show_reminders,alarm/show_alarms,False,0.9377,False,False,False,"{'reference': 'Минем', 'datetime': 'иртәгә'}",{}
test_77,Минем барлык искә төшерүләремне бетер.,reminder/cancel_reminder,reminder/set_reminder,False,0.9284,False,False,False,{'reference': 'Минем барлык'},"{'datetime': 'минем', 'reminder/todo': 'бир бетер'}"
test_78,будильникны иртәнге 6-га куй,alarm/set_alarm,alarm/set_alarm,True,0.9633,False,False,False,{'datetime': 'иртәнге 6-га'},"{'reference': 'будильникны', 'datetime': '6-га куй'}"
test_79,Будильникны 30 минутка куй,alarm/set_alarm,alarm/set_alarm,True,0.9324,False,False,False,{'datetime': '30 минутка'},"{'datetime': '30 минутка', 'reference': 'Будильник'}"
test_80,Будильникны бер сәгать алга куй.,alarm/set_alarm,alarm/set_alarm,True,0.9672,False,False,False,{'datetime': 'бер сәгать алга'},{'datetime': 'бер сәгать'}
test_81,барлык будильникларны бетер,alarm/cancel_alarm,alarm/cancel_alarm,True,0.9799,False,False,False,{'reference': 'барлык'},{'reference': 'барлык'}
test_82,Лос-Анджелеста һава торышы,weather/find,weather/find,True,0.89,False,False,False,{'location': 'Лос - Анджелеста'},"{'location': 'Лос-Анджелеста', 'datetime': 'бу атнда'}"
test_83,бөтен будильникларны бетер,alarm/cancel_alarm,alarm/cancel_alarm,True,0.9446,False,False,False,{'reference': 'бөтен'},{'reference': 'бөтен'}
test_84,Бүген минем ничә искә төшерүләрем бар?,reminder/show_reminders,weather/find,False,0.9409,False,False,False,{'datetime': 'Бүген'},"{'datetime': 'Бүген', 'location': 'ничә'}"
test_85,Миңа иртәгә кибеттә кәгазь сөлгеләр сатып алырга искә төшер,reminder/set_reminder,none,False,0.8467,True,False,False,"{'datetime': 'иртәгә', 'reminder/todo': 'кибеттә кәгазь сөлгеләр сатып алырга'}",{}
test_86,Миңа минем барлык искә төшерүләремне күрсәт,reminder/show_reminders,reminder/show_reminders,True,0.955,False,False,False,{'reference': 'минем барлык'},{'datetime': 'миңа'}
test_87,Будильникны иртәнге 6 куй,alarm/set_alarm,alarm/set_alarm,True,0.9382,False,False,False,{'datetime': 'иртәнге 6'},"{'reference': 'Будильникны', 'datetime': 'иртәнге 6 куй'}"
test_88,иртәгә кар булырмы,weather/find,alarm/set_alarm,False,0.9179,False,False,False,"{'datetime': 'иртәгә', 'weather/attribute': 'кар'}","{'datetime': 'иртәгә', 'reference': 'кар'}"
test_89,иртәгә минем иртәнге будильникны бетер,alarm/cancel_alarm,alarm/set_alarm,False,0.9628,False,False,False,"{'datetime': 'иртәгә | иртәнге', 'reference': 'минем'}","{'reference': 'минем', 'datetime': 'иртәнге'}"
test_90,Дүшәмбе көнне төшке ашка будильникны куй.,alarm/set_alarm,alarm/set_alarm,True,0.9463,False,False,False,{'recurring_datetime': 'Дүшәмбе көнне төшке ашка'},{'datetime': 'дүшәмбе көнне төшке ашка'}
test_91,Бүген никадәр эссе булачак?,weather/find,weather/find,True,0.9566,False,False,False,"{'datetime': 'Бүген', 'weather/attribute': 'эссе'}","{'datetime': 'никадәр', 'location': 'бүген'}"
test_92,иртәнге будильникларны куерга миңа искә төшер,reminder/set_reminder,alarm/set_alarm,False,0.8985,False,False,False,"{'datetime': 'иртәнге', 'reminder/todo': 'будильникларны куерга'}","{'reference': 'биринчи', 'datetime': 'миңа'}"
test_93,бөтен будильникларны бетер,alarm/cancel_alarm,alarm/cancel_alarm,True,0.9446,False,False,False,{'reference': 'бөтен'},{'reference': 'бөтен'}
test_94,Минем будильникларымны күрсәт,alarm/show_alarms,alarm/show_alarms,True,0.9474,False,False,False,{'reference': 'Минем'},{'datetime': 'минем'}
test_95,будильникны сүндер,alarm/cancel_alarm,alarm/cancel_alarm,True,0.9464,False,False,False,{},{'reference': 'будильник'}
test_96,Бүген температура нинди?,weather/find,weather/find,True,0.9678,False,False,False,"{'datetime': 'Бүген', 'weather/attribute': 'температура'}","{'datetime': 'Бүген', 'weather/attribute': 'температура'}"
test_97,будильникны сүндер,alarm/cancel_alarm,alarm/cancel_alarm,True,0.9464,False,False,False,{},{'reference': 'будильник'}
test_98,Барлык будильникларны күрсәт,alarm/show_alarms,alarm/show_alarms,True,0.9813,False,False,False,{'reference': 'Барлык'},{}
test_99,Будильникны 30 минут саен куй,alarm/set_alarm,alarm/set_alarm,True,0.9449,False,False,False,{'recurring_datetime': '30 минут саен'},"{'datetime': 'саен', 'recurring_datetime': '30 минут'}"
test_100,Бүген нинди температура булачак?,weather/find,weather/find,True,0.9647,False,False,False,"{'datetime': 'Бүген', 'weather/attribute': 'температура'}","{'datetime': 'Бүген', 'weather/attribute': 'температура'}"
test_101,Бүген кызу булырмы?,weather/find,weather/find,True,0.9038,False,False,False,"{'datetime': 'Бүген', 'weather/attribute': 'кызу'}","{'datetime': 'bügen', 'location': 'кизу'}"
test_102,Иртәгә яңгыр булырмы?,weather/find,alarm/set_alarm,False,0.9689,False,False,False,"{'datetime': 'Иртәгә', 'weather/attribute': 'яңгыр'}",{'datetime': 'иртәгә яңгыр'}
test_103,Киләсе будильникны бетер,alarm/cancel_alarm,alarm/set_alarm,False,0.9044,False,False,False,{'reference': 'Киләсе'},{'datetime': 'бетер'}
test_104,Бүген кибеткә барырга искә төшер,reminder/set_reminder,alarm/set_alarm,False,0.8784,False,False,False,"{'datetime': 'Бүген', 'reminder/todo': 'кибеткә барырга'}","{'datetime': 'bügen', 'reminder/todo': 'барырга'}"
test_105,киләсе атнада минем искә төшерүләрне бетер,reminder/cancel_reminder,PlayMusic,False,0.9459,False,False,False,"{'datetime': 'киләсе атнада', 'reference': 'минем'}","{'datetime': 'киләсе атнада', 'music_item': 'минем искә төшерүләрне'}"
test_106,миңа сишәмбе көнне көндезге сәгать 3-тә этне грумерга алып барырга исемә төшер,reminder/set_reminder,reminder/set_reminder,True,0.9583,False,False,False,"{'datetime': 'сишәмбе көнне көндезге сәгать 3-тә', 'reminder/todo': 'этне грумерга алып барырга'}","{'datetime': 'миңа сишәмбе көнне көндезге', 'reminder/todo': 'сәгать 3-тә этне грумерга алып барырга исемә'}"
test_107,28-енче көнне Дженга годовщинага чәчәкләр сатып алырга исемә төшер.,reminder/set_reminder,reminder/set_reminder,True,0.9783,False,False,False,"{'datetime': '28-енче көнне', 'reminder/todo': 'Дженга годовщинага чәчәкләр сатып алырга'}","{'datetime': '28-енче көнне', 'reminder/todo': 'Дженга годовщинага чәчәкләр сатып алырга'}"
test_108,Бүген һава торышы нинди?,weather/find,weather/find,True,0.9568,False,False,False,{'datetime': 'Бүген'},"{'datetime': 'Бүген', 'weather/attribute': 'торышы'}"
test_109,Иртәгә табибка язылырга миңа искә төшер.,reminder/set_reminder,reminder/set_reminder,True,0.8524,False,False,False,"{'datetime': 'Иртәгә', 'reminder/todo': 'табибка язылырга'}","{'datetime': 'миңа', 'reminder/todo': 'тикере бу табибка'}"
test_110,бөтен будильникларны сүндер,alarm/cancel_alarm,alarm/cancel_alarm,True,0.9738,False,False,False,{'reference': 'бөтен'},{'reference': 'бөтен'}
test_111,Мин үзем белән дождевикны алыйммы?,weather/find,weather/find,True,0.8922,False,False,False,{'weather/attribute': 'дождевикны'},{'location': 'үzem белән'}
test_112,Начар һава торышы фаразы нинди?,weather/find,weather/find,True,0.9563,False,False,False,{'weather/attribute': 'Начар'},{'condition_description': 'начар һава торышы'}
test_113,киләсе атнада табибка язуым турында искә төшер,reminder/set_reminder,reminder/set_reminder,True,0.9579,False,False,False,"{'datetime': 'киләсе атнада', 'reminder/todo': 'табибка язуым турында'}","{'datetime': 'киләсе атнада', 'reminder/todo': 'язуым турында искә төшер'}"
test_114,иртәнге 8 кибеткә бару турында искә төшер,reminder/set_reminder,alarm/set_alarm,False,0.9518,False,False,False,"{'datetime': 'иртәнге 8', 'reminder/todo': 'кибеткә бару'}","{'reference': 'иртәнге', 'datetime': '8 кибеткә'}"
test_115,Химчисткага барырга искә төшерү яса.,reminder/set_reminder,reminder/set_reminder,True,0.924,False,False,False,{'reminder/todo': 'Химчисткага барырга'},"{'datetime': 'химчисткага барырга', 'reminder/todo': 'iska'}"
test_116,кайчан салкынрак булачак,weather/find,weather/find,True,0.9318,False,False,False,{'weather/attribute': 'салкынрак'},"{'datetime': 'салкынрак', 'location': 'кайчан'}"
test_117,бу атнада яңгыр булырмы,weather/find,weather/find,True,0.9712,False,False,False,"{'datetime': 'бу атнада', 'weather/attribute': 'яңгыр'}","{'location': 'бу атнада', 'datetime': 'яңгыр булырмы'}"
test_118,барлык будильникларны бетер,alarm/cancel_alarm,alarm/cancel_alarm,True,0.9799,False,False,False,{'reference': 'барлык'},{'reference': 'барлык'}
test_119,будильникларны бетер,alarm/cancel_alarm,alarm/snooze_alarm,False,0.9458,False,False,False,{},{'datetime': 'бетер'}
test_120,минем будильникларымны күрсәт,alarm/show_alarms,alarm/show_alarms,True,0.9846,False,False,False,{'reference': 'минем'},{'datetime': 'минем'}
test_121,Минем будильнигым кайсы вакытка куйган?,alarm/show_alarms,alarm/show_alarms,True,0.9696,False,False,False,{},{'datetime': 'кайсы вакытка'}
test_122,Шимбә көнне яңгыр булырмы?,weather/find,weather/find,True,0.9376,False,False,False,"{'datetime': 'Шимбә', 'weather/attribute': 'яңгыр'}","{'datetime': 'Шимбә көнне', 'location': 'яңгыр булырмы'}"
test_123,бүген никадәр эссе булачак,weather/find,weather/find,True,0.9369,False,False,False,"{'datetime': 'бүген', 'weather/attribute': 'эссе'}","{'datetime': 'bügen', 'location': 'никадәр'}"
test_124,Барлык будильникларны бетер,alarm/cancel_alarm,alarm/cancel_alarm,True,0.9854,False,False,False,{'reference': 'Барлык'},{'reference': 'барлык'}
test_125,Бу ял көннәрендә Тахода һава торышы?,weather/find,weather/find,True,0.9708,False,False,False,"{'datetime': 'Бу ял көннәрендә', 'location': 'Тахода'}","{'datetime': 'бу ял көннәрендә', 'location': 'Тахода'}"
test_126,Миңа бүген пальто кирәкме?,weather/find,weather/find,True,0.9624,False,False,False,"{'datetime': 'бүген', 'weather/attribute': 'пальто'}","{'datetime': 'миңа', 'location': 'бүген'}"
test_127,Яңгыр кайчан туктар?,weather/find,alarm/show_alarms,False,0.9307,False,False,False,{'weather/attribute': 'Яңгыр'},{}
test_128,Дүшәмбе көнне 16:00 сәгатьтә минем мәктәпкә шалтыратырга хәтерләтү куй,reminder/set_reminder,reminder/set_reminder,True,0.9721,False,False,False,"{'datetime': 'Дүшәмбе көнне 16:00 сәгатьтә', 'reminder/todo': 'минем мәктәпкә шалтыратырга'}","{'datetime': 'дүшәмбе көнне 16:00 сәгатьтә', 'reminder/todo': 'минем мәктәпкә шалтыратырга хәтерләтү куй'}"
test_129,Минем будильнигымны сүндер.,alarm/cancel_alarm,alarm/cancel_alarm,True,0.947,False,False,False,{'reference': 'Минем'},{'reference': 'будильнигым'}
test_130,Бүген кич никадәр салкын булыр?,weather/find,weather/find,True,0.9446,False,False,False,"{'datetime': 'Бүген кич', 'weather/attribute': 'салкын'}","{'datetime': 'bügen', 'location': 'кич никадәр салкын'}"
test_131,Будильникны иртәнге җидегә куй.,alarm/set_alarm,alarm/set_alarm,True,0.8889,False,False,False,{'datetime': 'иртәнге җидегә'},"{'reference': 'Будильник', 'datetime': '县委'}"
test_132,Минем Робны алу турында хәтерләтүемне бетер,reminder/cancel_reminder,AddToPlaylist,False,0.9522,False,False,False,"{'reference': 'Минем', 'reminder/todo': 'Робны алу'}","{'artist': 'Минем', 'entity_name': 'Робны алу', 'music_item': 'турында хәтерләтүемне', 'playlist': 'бетер'}"
test_133,Иртәгә сөт сатып алу турында хәтерләтү яса.,reminder/set_reminder,reminder/set_reminder,True,0.9035,False,False,False,"{'datetime': 'Иртәгә', 'reminder/todo': 'сөт сатып алу'}","{'datetime': 'иртәгә сатып алу', 'reminder/todo': 'таура'}"
test_134,Будильникны иртәнге 6 куй,alarm/set_alarm,alarm/set_alarm,True,0.9382,False,False,False,{'datetime': 'иртәнге 6'},"{'reference': 'Будильникны', 'datetime': 'иртәнге 6 куй'}"
test_135,"көндәлек будильникны, аны бетергәнче, кичке җиде сәгать утыз минутка планлаштыр",alarm/set_alarm,alarm/set_alarm,True,0.9345,False,False,False,{'recurring_datetime': 'көндәлек | кичке җиде сәгать утыз минутка'},"{'datetime': 'көндәлек', 'reference': 'будильникны'}"
test_136,миңа торыр өчен будильникны куерга исемә төшер,reminder/set_reminder,alarm/set_alarm,False,0.9258,False,False,False,{'reminder/todo': 'торыр өчен будильникны куерга'},{'datetime': 'миңа торыр'}
test_137,Минем хәтерләтүне бетер,reminder/cancel_reminder,AddToPlaylist,False,0.9358,False,False,False,{'reference': 'Минем'},"{'entity_name': 'хәтерләтүне бетер', 'playlist': 'Минем'}"
test_138,Бүген кар булырмы?,weather/find,weather/find,True,0.9253,False,False,False,"{'datetime': 'Бүген', 'weather/attribute': 'кар'}","{'datetime': 'Бүген', 'location': 'кар булырмы'}"
test_139,Миңа бөтен будильникларны күрсәт,alarm/show_alarms,alarm/show_alarms,True,0.9837,False,False,False,{'reference': 'бөтен'},{'datetime': 'миңа'}
test_140,бөтен хәтерләтүләрне күрсәт,reminder/show_reminders,weather/find,False,0.9041,False,False,False,{'reference': 'бөтен'},"{'datetime': 'бөтен', 'condition_temperature': 'хәтерләтүләрне'}"
test_141,минем будильнигымда күпме вакыт калды,alarm/time_left_on_alarm,alarm/show_alarms,False,0.979,False,True,False,{'reference': 'минем'},{'datetime': 'минем'}
test_142,будильникны 2 сәгатькә куй,alarm/set_alarm,alarm/modify_alarm,False,0.9554,False,False,False,{'datetime': '2 сәгатькә'},"{'datetime': '2 сәгатькә', 'reference': 'будильник'}"
test_143,Эштән соң икмәк сатып алырга исемә төшер,reminder/set_reminder,none,False,0.8972,True,False,False,"{'datetime': 'Эштән соң', 'reminder/todo': 'икмәк сатып алырга'}",{}
test_144,Бүген яңгыр булырмы?,weather/find,weather/find,True,0.9348,False,False,False,"{'datetime': 'Бүген', 'weather/attribute': 'яңгыр'}","{'datetime': 'Бүген', 'location': 'яңгыр булырмы'}"
test_145,бүгенге һава торышы фаразын укы,weather/find,weather/find,True,0.9204,False,False,False,{'datetime': 'бүгенге'},"{'datetime': 'бүгенге', 'condition_description': 'фаразын'}"
test_146,Минем будильнигым нинди вакытка куелган?,alarm/show_alarms,alarm/show_alarms,True,0.9804,False,False,False,{'reference': 'Минем'},{'datetime': 'минем'}
test_147,иртәгә 4 миңа сәүдә үзәгенә барырга исемә төшер,reminder/set_reminder,reminder/set_reminder,True,0.9548,False,False,False,"{'datetime': 'иртәгә 4', 'reminder/todo': 'сәүдә үзәгенә барырга'}",{'datetime': 'иртәгә 4 миңа'}
test_148,бүген кул чатырны үзем белән алыйммы,weather/find,alarm/set_alarm,False,0.8962,False,False,False,"{'datetime': 'бүген', 'weather/attribute': 'кул чатырны'}","{'datetime': 'бүген', 'reference': 'чатыр'}"
test_149,Минем хәтерләтүне күрсәт,reminder/show_reminders,PlayMusic,False,0.9266,False,False,False,{'reference': 'Минем'},"{'artist': 'Минем', 'music_item': 'хәтерләтүне'}"
test_150,Минем бөтен хәтерләтүләрне күрсәт,reminder/show_reminders,PlayMusic,False,0.9059,False,False,False,{'reference': 'Минем бөтен'},"{'music_item': 'хәтерләтүләр', 'sort': 'böтен'}"
test_151,Дүшәмбе көнне эт ризыгы турында хәтерләтү куй,reminder/set_reminder,alarm/set_alarm,False,0.8905,False,False,False,"{'datetime': 'Дүшәмбе', 'reminder/todo': 'эт ризыгы'}","{'datetime': 'душәмбе көнне эт', 'reference': 'ризыгы'}"
test_152,"Иртәгегә ""Сишәмбе кичендә Балада Саб йога дәресенә язылырга "" хәтерләтүне куй",reminder/set_reminder,reminder/set_reminder,True,0.9769,False,False,False,"{'datetime': 'Иртәгегә', 'reminder/todo': 'Сишәмбе кичендә Балада Саб йога дәресенә язылырга'}","{'datetime': 'иртәгегә', 'reminder/todo': 'Сишәмбе кичендә Балада Саб йога дәресенә язылырга'}"
test_153,бүгенгегә бөтен искә төшерүләрне бетер,reminder/cancel_reminder,none,False,0.8094,True,False,False,"{'datetime': 'бүгенгегә', 'reference': 'бөтен'}",{}
test_154,Бу атнада Нью-Йоркта нинди һава торышы булачак,weather/find,weather/find,True,0.9859,False,False,False,"{'datetime': 'Бу атнада', 'location': 'Нью - Йоркта'}","{'location': 'Нью-Йоркта', 'datetime': 'бу атнада'}"
test_155,пәнҗешәмбе көнне көндез 12-дә табибка баруымны исемә төшер,reminder/set_reminder,reminder/set_reminder,True,0.9511,False,False,False,"{'datetime': 'пәнҗешәмбе көнне көндез 12-дә', 'reminder/todo': 'табибка баруымны'}","{'datetime': 'пәнҗешәмбе көнне көндез 12-дә', 'reminder/todo': 'табибка баруымны исемә төшер'}"
test_156,Будильникны кичке 6:50 куй,alarm/set_alarm,alarm/set_alarm,True,0.9265,False,False,False,{'datetime': 'кичке 6:50'},"{'datetime': 'кичке 6:50', 'reference': 'Будильник'}"
test_157,Бүген кар булырмы?,weather/find,weather/find,True,0.9253,False,False,False,"{'datetime': 'Бүген', 'weather/attribute': 'кар'}","{'datetime': 'Бүген', 'location': 'кар булырмы'}"
test_158,Нинди будильниклар куелган?,alarm/show_alarms,alarm/show_alarms,True,0.9452,False,False,False,{},{'datetime': 'куелган'}
test_159,7 октябрьгә искә төшерү будильникны куй,reminder/set_reminder,alarm/set_alarm,False,0.8599,False,False,False,{'datetime': '7 октябрьгә'},"{'datetime': '7 октябрьгә', 'recurring_datetime': 'биринчи бүгөн'}"
test_160,бүген кар булырмы?,weather/find,weather/find,True,0.9291,False,False,False,"{'datetime': 'бүген', 'weather/attribute': 'кар'}","{'datetime': 'бүген', 'location': 'кар булырмы'}"
test_161,будильникны 15 минутка күчер,alarm/snooze_alarm,alarm/modify_alarm,False,0.9577,False,True,False,{'datetime': '15 минутка'},{'datetime': '15 минутка күчер'}
test_162,Күпме кар булуын фаразлыйлар?,weather/find,weather/find,True,0.8019,False,False,False,{'weather/attribute': 'кар'},"{'location': 'кар', 'datetime': 'купмени'}"
test_163,урамда эссе ме,weather/find,RateBook,False,0.9296,False,False,False,"{'location': 'урамда', 'weather/attribute': 'эссе'}","{'object_name': 'эссе', 'artist': 'урамда'}"
test_164,Бүген нинди температура булачак?,weather/find,weather/find,True,0.9647,False,False,False,"{'datetime': 'Бүген', 'weather/attribute': 'температура'}","{'datetime': 'Бүген', 'weather/attribute': 'температура'}"
test_165,иртәгә Далласта һава торышы нинди булыр,weather/find,weather/find,True,0.9728,False,False,False,"{'datetime': 'иртәгә', 'location': 'Далласта'}","{'location': 'Далласта', 'datetime': 'irtәгә'}"
test_166,бүгенгегә минем бөтен искә төшерүләрне күрсәт,reminder/show_reminders,PlayMusic,False,0.7972,False,False,False,"{'datetime': 'бүгенгегә', 'reference': 'минем бөтен'}","{'sort': 'бүгенгегә минем бөтен', 'datetime': 'биринги гәрәмчік'}"
test_167,Атна саен продукт сатып алу турында хәтерләтү куй.,reminder/set_reminder,BookRestaurant,False,0.9267,False,False,False,"{'recurring_datetime': 'Атна саен', 'reminder/todo': 'продукт сатып алу'}","{'datetime': 'атна', 'party_size_number': 'саен', 'sort': 'продукт сатып алу турында', 'restaurant_type': 'турында хәтерләтү куй'}"
test_168,һава торышы,weather/find,weather/find,True,0.8643,False,False,False,{},"{'location': 'һава торышы', 'datetime': 'бир натый'}"
test_169,Яңгыр көне буе явыр микән?,weather/find,weather/find,True,0.9329,False,False,False,"{'weather/attribute': 'Яңгыр', 'datetime': 'көне буе'}","{'datetime': 'Яңгыр көне', 'location': 'явыр'}"
test_170,Иртәгә яңгыр булырмы?,weather/find,alarm/set_alarm,False,0.9689,False,False,False,"{'datetime': 'Иртәгә', 'weather/attribute': 'яңгыр'}",{'datetime': 'иртәгә яңгыр'}
test_171,Бүген кич эш хатларына җавап бирергә исемә төшер,reminder/set_reminder,PlayMusic,False,0.8917,False,False,False,"{'datetime': 'Бүген кич', 'reminder/todo': 'эш хатларына җавап бирергә'}","{'datetime': 'Бүген кич эш хатларына', 'artist': 'төшер'}"
test_172,Будильникларны бетер,alarm/cancel_alarm,alarm/snooze_alarm,False,0.9508,False,False,False,{},{'datetime': 'бетер'}
test_173,Минем будильникларны бетер,alarm/cancel_alarm,alarm/show_alarms,False,0.9287,False,False,False,{'reference': 'Минем'},{'datetime': ''}
test_174,Мин бүген шортыны кия аламмы?,weather/find,weather/find,True,0.9017,False,False,False,"{'datetime': 'бүген', 'weather/attribute': 'шортыны'}","{'datetime': 'bügen', 'location': 'шортыны'}"
test_175,Иртәгә яңгыр булырмы?,weather/find,alarm/set_alarm,False,0.9689,False,False,False,"{'datetime': 'Иртәгә', 'weather/attribute': 'яңгыр'}",{'datetime': 'иртәгә яңгыр'}
test_176,Будильникны иртәнге 10 куй,alarm/set_alarm,alarm/set_alarm,True,0.9529,False,False,False,{'datetime': 'иртәнге 10'},"{'reference': 'Будильникны', 'datetime': 'иртәнге 10 куй'}"
test_177,бу атнада яңгыр булырмы,weather/find,weather/find,True,0.9712,False,False,False,"{'datetime': 'бу атнада', 'weather/attribute': 'яңгыр'}","{'location': 'бу атнада', 'datetime': 'яңгыр булырмы'}"
test_178,бөтен хәтерләтүләрне күрсәт,reminder/show_reminders,weather/find,False,0.9041,False,False,False,{'reference': 'бөтен'},"{'datetime': 'бөтен', 'condition_temperature': 'хәтерләтүләрне'}"
test_179,будильникларны бетер,alarm/cancel_alarm,alarm/snooze_alarm,False,0.9458,False,False,False,{},{'datetime': 'бетер'}
test_180,бөтен будильникларны сүндер,alarm/cancel_alarm,alarm/cancel_alarm,True,0.9738,False,False,False,{'reference': 'бөтен'},{'reference': 'бөтен'}
test_181,бөтен будильник настройкаларын күрсәт,alarm/show_alarms,alarm/show_alarms,True,0.9702,False,False,False,{'reference': 'бөтен'},{}
test_182,Будильникны егерме минут саен куй,alarm/set_alarm,alarm/set_alarm,True,0.8727,False,False,False,{'recurring_datetime': 'егерме минут саен'},"{'datetime': ' modelBuilder', 'recurring_datetime': 'сеен куй'}"
test_183,Минем нинди искә төшерүләрем бар?,reminder/show_reminders,RateBook,False,0.9342,False,False,False,{'reference': 'Минем'},"{'object_name': 'Минем', 'object_type': 'книга'}"
test_184,иртәгегә будильникны бетер,alarm/cancel_alarm,alarm/set_alarm,False,0.9324,False,False,False,{'datetime': 'иртәгегә'},"{'reference': 'иртәгегә', 'datetime': 'бетер'}"
test_185,бүген миңа зонтик кирәкме?,weather/find,weather/find,True,0.934,False,False,False,"{'datetime': 'бүген', 'weather/attribute': 'зонтик'}","{'datetime': 'бүген миңа', 'location': 'зонтик кирәкме'}"
test_186,бүген кар булырмы?,weather/find,weather/find,True,0.9291,False,False,False,"{'datetime': 'бүген', 'weather/attribute': 'кар'}","{'datetime': 'бүген', 'location': 'кар булырмы'}"
test_187,Бүген кич минем әнигә шалтыратырга искә төшер,reminder/set_reminder,PlayMusic,False,0.9342,False,False,False,"{'datetime': 'Бүген кич', 'reminder/todo': 'минем әнигә шалтыратырга'}","{'datetime': 'Бүген', 'music_item': 'минем әнигә шалтыратырга'}"
test_188,Бүген яңгыр булырмы?,weather/find,weather/find,True,0.9348,False,False,False,"{'datetime': 'Бүген', 'weather/attribute': 'яңгыр'}","{'datetime': 'Бүген', 'location': 'яңгыр булырмы'}"
test_189,Шимбә көнне яңгыр булырмы?,weather/find,weather/find,True,0.9376,False,False,False,"{'datetime': 'Шимбә', 'weather/attribute': 'яңгыр'}","{'datetime': 'Шимбә көнне', 'location': 'яңгыр булырмы'}"
test_190,Будильникны һәр минут саен 20 минутка куясынмы?,alarm/set_alarm,alarm/set_alarm,True,0.9247,False,False,False,{'recurring_datetime': 'һәр минут саен 20 минутка'},"{'datetime': 'саен 20 минутка куясын', 'reference': 'Будильник'}"
test_191,Кариб бассейнында тропик давыллар,weather/find,BookRestaurant,False,0.9533,False,False,False,"{'location': 'Кариб', 'weather/attribute': 'тропик давыллар'}","{'datetime': 'Кариб бассейнында', 'cuisine': 'тропик', 'location': 'Кариб бассейнында'}"
test_192,барлык будильникларны бетер,alarm/cancel_alarm,alarm/cancel_alarm,True,0.9799,False,False,False,{'reference': 'барлык'},{'reference': 'барлык'}
test_193,Будильникны тугыз минут саен куй,alarm/set_alarm,alarm/set_alarm,True,0.9074,False,False,False,{'recurring_datetime': 'тугыз минут саен'},"{'reference': 'Будильникны', 'datetime': 'тугыз минут'}"
test_194,Минем исемлектән соңгы ике хәтерләтүне бетер,reminder/cancel_reminder,reminder/set_reminder,False,0.9665,False,False,False,{'reference': 'соңгы ике'},"{'datetime': 'исемлектән соңгы', 'reminder/todo': 'бетер'}"
test_195,бүген һава торышы нинди,weather/find,weather/find,True,0.9167,False,False,False,{'datetime': 'бүген'},"{'datetime': 'бүген', 'location': 'не указано'}"
test_196,минем будильнигымны кабыз,alarm/set_alarm,alarm/set_alarm,True,0.9456,False,False,False,{'reference': 'минем'},{'reference': 'будильнигымны'}
test_197,Бүген һаваның дымлылыгы нинди?,weather/find,weather/find,True,0.9421,False,False,False,"{'datetime': 'Бүген', 'weather/attribute': 'һаваның дымлылыгы'}","{'datetime': 'Бүген', 'location': 'һаваның'}"
test_198,миңа торыр өчен будильникны куерга исемә төшер,reminder/set_reminder,alarm/set_alarm,False,0.9258,False,False,False,{'reminder/todo': 'миңа торыр өчен будильникны куерга'},{'datetime': 'миңа торыр'}
test_199,Бу ял көннәрендә кар явырмы?,weather/find,weather/find,True,0.9685,False,False,False,"{'datetime': 'Бу ял көннәрендә', 'weather/attribute': 'кар'}","{'datetime': 'бу ял көннәрендә', 'location': 'не указано'}"
test_200,Бүген никадәр эссе булачак?,weather/find,weather/find,True,0.9566,False,False,False,"{'datetime': 'Бүген', 'weather/attribute': 'эссе'}","{'datetime': 'никадәр', 'location': 'бүген'}"
test_201,Минем будильнигым нинди вакытка куелган,alarm/show_alarms,alarm/show_alarms,True,0.9852,False,False,False,{'reference': 'Минем'},{'datetime': 'минем'}
test_202,Бүген һава торышы нинди?,weather/find,weather/find,True,0.9568,False,False,False,{'datetime': 'Бүген'},"{'datetime': 'Бүген', 'weather/attribute': 'торышы'}"
test_203,Иртәгә яңгыр явармы?,weather/find,alarm/set_alarm,False,0.9458,False,False,False,"{'datetime': 'Иртәгә', 'weather/attribute': 'яңгыр'}",{'datetime': 'иртәгә яңгыр'}
test_204,Сишәмбе көнне иртәнге 5:15 минем будильнигымны бетер,alarm/cancel_alarm,alarm/set_alarm,False,0.9225,False,False,False,"{'datetime': 'Сишәмбе көнне иртәнге 5:15', 'reference': 'минем'}","{'reference': 'будильнигымны', 'datetime': 'ишке иртәнге 5:15'}"
test_205,бүгенге уен турында искәртүне бетер,reminder/cancel_reminder,alarm/set_alarm,False,0.885,False,False,False,"{'datetime': 'бүгенге', 'reminder/todo': 'уен'}","{'datetime': 'bügenге', 'reminder/todo': 'итерүне бетер'}"
test_206,будильникны иртәнге көндезге 3-ке куй,alarm/set_alarm,alarm/set_alarm,True,0.9582,False,False,False,{'datetime': 'көндезге 3-ке'},"{'reference': 'будильникны', 'datetime': 'иртәнге көндезге 3-ке'}"
test_207,шимбә көнне бөтен будильникларны бетер,alarm/cancel_alarm,alarm/show_alarms,False,0.936,False,False,False,"{'datetime': 'шимбә көнне', 'reference': 'бөтен'}",{'datetime': ' shimbә көнне'}
test_208,Миңа Лизаны алу турында искәртү кирәк,reminder/set_reminder,PlayMusic,False,0.9133,False,False,False,{'reminder/todo': 'Лизаны алу'},"{'sort': 'миңа алу турында', 'music_item': 'Лизаны'}"
test_209,Бүген нинди югары температура?,weather/find,weather/find,True,0.9685,False,False,False,"{'datetime': 'Бүген', 'weather/attribute': 'югары'}","{'datetime': 'Бүген', 'weather/attribute': 'температура'}"
test_210,Бүген Гринстоунда болытлы булырмы?,weather/find,BookRestaurant,False,0.9513,False,False,False,"{'datetime': 'Бүген', 'location': 'Гринстоунда', 'weather/attribute': 'болытлы'}","{'datetime': 'Бүген', 'location': 'Гринстоунда'}"
test_211,Соңрак искә төшер,reminder/set_reminder,reminder/set_reminder,True,0.9333,False,False,False,{'datetime': 'Соңрак'},"{'datetime': 'соңрак', 'reminder/todo': 'iskә төшер'}"
test_212,бүген франциядә нинди һава торышы,weather/find,weather/find,True,0.9727,False,False,False,"{'datetime': 'бүген', 'location': 'франциядә'}","{'datetime': 'бүген', 'location': 'франциядә'}"
test_213,Шимбә кичәсендә кояшлы булырмы?,weather/find,weather/find,True,0.9506,False,False,False,"{'datetime': 'Шимбә', 'weather/attribute': 'кояшлы'}","{'location': 'Шимбә кичәсендә', 'datetime': 'куояшлы булырмы'}"
test_214,Иртәгә яңгыр явармы?,weather/find,alarm/set_alarm,False,0.9458,False,False,False,"{'datetime': 'Иртәгә', 'weather/attribute': 'яңгыр'}",{'datetime': 'иртәгә яңгыр'}
test_215,Мин бүген шортыны кия аламмы?,weather/find,weather/find,True,0.9017,False,False,False,"{'datetime': 'бүген', 'weather/attribute': 'шортыны'}","{'datetime': 'bügen', 'location': 'шортыны'}"
test_216,Минем искәртүемне күрсәт,reminder/show_reminders,reminder/show_reminders,True,0.9185,False,False,False,{'reference': 'Минем'},"{'datetime': 'минем', 'reminder/todo': 'искәртүемне күрсәт'}"
test_217,Сентябрьдә уртача һава торышы нинди,weather/find,weather/find,True,0.9241,False,False,False,{'datetime': 'Сентябрьдә'},"{'datetime': 'Сентябрьдә', 'weather/attribute': 'урача һава торышы'}"
test_218,Бүген салкынмы?,weather/find,weather/find,True,0.9362,False,False,False,"{'datetime': 'Бүген', 'weather/attribute': 'салкынмы'}","{'datetime': 'бүген', 'location': 'салкын'}"
test_219,Бөтен искәртүләремне бетер,reminder/cancel_reminder,reminder/set_reminder,False,0.9581,False,False,False,{'reference': 'Бөтен'},"{'datetime': 'бөтен', 'reminder/todo': 'iskәртүләремне бетер'}"
test_220,монда эссеме?,weather/find,RateBook,False,0.9386,False,False,False,{'weather/attribute': 'эссеме'},{'object_name': 'монда эссеме'}
test_221,Ял көннәрендә көндезге 2 будильнигымны куй,alarm/set_alarm,alarm/set_alarm,True,0.9415,False,False,False,{'recurring_datetime': 'Ял көннәрендә көндезге 2'},"{'reference': 'будильнигымны', 'datetime': 'кал көннәрендә көндезге'}"
test_222,Будильникны иртәнге 2 куй,alarm/set_alarm,alarm/set_alarm,True,0.9564,False,False,False,{'datetime': 'иртәнге 2'},"{'reference': 'Будильникны', 'datetime': 'иртәнге 2 куй'}"
test_223,Бүген һаваның дымлылыгы нинди?,weather/find,weather/find,True,0.9421,False,False,False,"{'datetime': 'Бүген', 'weather/attribute': 'һаваның дымлылыгы'}","{'datetime': 'Бүген', 'location': 'һаваның'}"
test_224,минем бөтен будильникларымны күрсәт,alarm/show_alarms,alarm/show_alarms,True,0.9745,False,False,False,{'reference': 'минем бөтен'},{'datetime': 'минем'}
test_225,Минем бөтен искәртүләремне күрсәт,reminder/show_reminders,reminder/show_reminders,True,0.9275,False,False,False,{'reference': 'Минем бөтен'},{'datetime': ''}
test_226,бөтен будильникларымны бетер,alarm/cancel_alarm,alarm/show_alarms,False,0.9517,False,False,False,{'reference': 'бөтен'},{'datetime': 'бөтен'}
test_227,Давыл минем районыма якынлашамы?,weather/find,SearchCreativeWork,False,0.9266,False,False,False,"{'weather/attribute': 'Давыл', 'location': 'минем районыма'}","{'datetime': 'Давыл', 'object_name': 'минем', 'object_type': 'район'}"
test_228,бүген һава торышы нинди,weather/find,weather/find,True,0.9167,False,False,False,{'datetime': 'бүген'},"{'datetime': 'бүген', 'location': 'не указано'}"
test_229,соңгы искәртүемне бетер,reminder/cancel_reminder,reminder/set_reminder,False,0.9699,False,False,False,{'reference': 'соңгы'},{'datetime': 'соңгы'}
test_230,Будильникка күпме вакыт калды.,alarm/time_left_on_alarm,alarm/show_alarms,False,0.92,False,True,False,{},{'datetime': 'купме вакыт'}
test_231,Якшәмбе көнне минем бөтен будильникларымны бетер.,alarm/cancel_alarm,alarm/set_alarm,False,0.9122,False,False,False,"{'datetime': 'Якшәмбе көнне', 'reference': 'минем бөтен'}","{'reference': 'будильникларым', 'recurring_datetime': 'якшәмбе көнне'}"
test_232,Бүген нихәтле эссе булачак?,weather/find,weather/find,True,0.9292,False,False,False,"{'datetime': 'Бүген', 'weather/attribute': 'эссе'}","{'datetime': 'бүген', 'location': 'нихәтле'}"
test_233,Мин сине иртәгә иртәнге 8:45 яңа будильникны куерга теләр идем,alarm/set_alarm,alarm/set_alarm,True,0.9428,False,False,False,{'datetime': 'иртәгә иртәнге 8:45'},"{'reference': 'мин', 'datetime': 'иртәнге 8:45'}"
test_234,бөтен будильникларны бетер,alarm/cancel_alarm,alarm/cancel_alarm,True,0.9446,False,False,False,{'reference': 'бөтен'},{'reference': 'бөтен'}
test_235,Бүген кар явармы?,weather/find,weather/find,True,0.91,False,False,False,"{'datetime': 'Бүген', 'weather/attribute': 'кар'}","{'datetime': 'Бүген', 'location': 'кар явары'}"
test_236,миңа бозны алырга искә төшер,reminder/set_reminder,PlayMusic,False,0.9326,False,False,False,{'reminder/todo': 'бозны алырга'},"{'artist': 'миңа', 'datetime': 'бозны'}"
test_237,бөтен искәртүләремне күрсәт,reminder/show_reminders,reminder/show_reminders,True,0.9684,False,False,False,{'reference': 'бөтен'},{}
test_238,бөтен будильникларымны күрсәт,alarm/show_alarms,alarm/show_alarms,True,0.9787,False,False,False,{'reference': 'бөтен'},{'datetime': 'бөтен'}
test_239,Сан-Францискода һава торышы нинди?,weather/find,weather/find,True,0.931,False,False,False,{'location': 'Сан - Францискода'},"{'location': 'Сан-Францискода', 'datetime': 'бу'}"
test_240,Бөтен искәртүләремне бетер,reminder/cancel_reminder,reminder/set_reminder,False,0.9581,False,False,False,{'reference': 'Бөтен'},"{'datetime': 'бөтен', 'reminder/todo': 'iskәртүләремне бетер'}"
test_241,Концерт турында искәртүне бетер,reminder/cancel_reminder,reminder/set_reminder,False,0.9478,False,False,False,{'reminder/todo': 'Концерт'},"{'datetime': 'концерт турында', 'reminder/todo': 'iskәртүне бетер'}"
test_242,Иртәгә иртәнге будильникны бетер,alarm/cancel_alarm,alarm/set_alarm,False,0.9257,False,False,False,{'datetime': 'Иртәгә иртәнге'},"{'reference': 'Иртәгә иртәнге будильникны', 'datetime': 'бетер'}"
test_243,бу атнада яңгыр явармы,weather/find,weather/find,True,0.9451,False,False,False,"{'datetime': 'бу атнада', 'weather/attribute': 'яңгыр'}","{'location': 'бу атнада', 'datetime': 'яңгыр явармы'}"
test_244,Гольф уйнау өчен чәршәмбе көнне һава торышы нинди?,weather/find,weather/find,True,0.9362,False,False,False,{'datetime': 'чәршәмбе көнне'},"{'datetime': 'өчен чәршәмбе көнне', 'location': 'нинди'}"
test_245,бөтен будильникларымны күрсәт,alarm/show_alarms,alarm/show_alarms,True,0.9787,False,False,False,{'reference': 'бөтен'},{'datetime': 'бөтен'}
test_246,бөтен иртәгә будильникларны сүндер,alarm/cancel_alarm,alarm/cancel_alarm,True,0.9523,False,False,False,"{'reference': 'бөтен', 'datetime': 'иртәгә'}",{'reference': 'бөтен'}
test_247,Будильнигымны бүген кичке 5 куй,alarm/set_alarm,alarm/modify_alarm,False,0.9182,False,False,False,{'datetime': 'бүген кичке 5'},{'datetime': 'бүген кичке 5'}
test_248,будильнигымны иртәге 7-гә куй,alarm/set_alarm,alarm/set_alarm,True,0.9708,False,False,False,{'datetime': 'иртәге 7-гә'},"{'reference': 'будильнигымны', 'datetime': 'иртәге 7-гә куй'}"
test_249,Иртәгә кояшлы булырмы?,weather/find,alarm/set_alarm,False,0.9441,False,False,False,"{'datetime': 'Иртәгә', 'weather/attribute': 'кояшлы'}",{'datetime': 'иртәгә кояшлы'}
test_250,бүген нинди эссе булыр,weather/find,weather/find,True,0.9657,False,False,False,"{'datetime': 'бүген', 'weather/attribute': 'эссе'}",{'datetime': 'бүген'}
test_251,Бир ноль йолдызлар Halo: Ghosts of Onyx,RateBook,SearchCreativeWork,False,0.969,False,False,False,"{'rating_value': 'ноль', 'rating_unit': 'йолдызлар', 'object_name': 'Halo: Ghosts of Onyx'}","{'datetime': 'бир ноль йолдызлар', 'object_name': 'Halo: Ghosts of Onyx'}"
test_252,Джой Нило музыкасын кабыз .,PlayMusic,PlayMusic,True,0.9883,False,False,False,{'artist': 'Джой Нило'},{'artist': 'Джой Нило'}
test_253,"Зинһар, миңа 20 Hours in America дип аталган видеоуен таб .",SearchCreativeWork,PlayMusic,False,0.93,False,False,False,"{'object_name': '20 Hours in America', 'object_type': 'видеоуен'}","{'datetime': 'миңа', 'music_item': '20 Hours in America', 'object_type': 'видеоуен таб'}"
test_254,Мин ясаган плейлистымны уйнат,PlayMusic,PlayMusic,True,0.9124,False,False,False,{'playlist': 'ясаган'},"{'artist': 'Мин', 'music_item': 'плеистлистым'}"
test_255,Термонтта 9 кешегә урын броньла,BookRestaurant,BookRestaurant,True,0.9458,False,False,False,"{'location': 'Термонтта', 'party_size_number': '9 кешегә'}","{'datetime': 'термонтта', 'party_size_number': '9', 'location': 'термонтта'}"
test_256,Бу көйне Доротиның 80's party плейлистына өстә,AddToPlaylist,AddToPlaylist,True,0.9508,False,False,False,"{'music_item': 'көйне', 'reference': 'Доротиның', 'playlist': ""80's party""}","{'artist': '', 'entity_name': ""Доротиның 80's party"", 'playlist': ""80's party плейлистына""}"
test_257,Last FM-да Эдди Винсонның иң яңа көйен кабыз .,PlayMusic,PlayMusic,True,0.9744,False,False,False,"{'service': 'Last FM-да', 'artist': 'Эдди Винсонның', 'sort': 'иң яңа', 'music_item': 'көйен'}","{'artist': 'Эдди Винсон', 'service': 'Last FM-да'}"
test_258,Небрасканың һава торышын тикшер .,weather/find,weather/find,True,0.9653,False,False,False,{'location': 'Небрасканың'},"{'location': 'Небрасканың', 'datetime': 'тикшер'}"
test_259,NC-да хәзер буран бармы ?,weather/find,weather/find,True,0.9666,False,False,True,"{'location': 'NC-да', 'datetime': 'хәзер', 'condition_description': 'буран'}","{'location': 'хәзер', 'datetime': 'NC-да'}"
test_260,Мин 1998 елгы минионны тыңларга телим .,PlayMusic,PlayMusic,True,0.982,False,False,False,"{'datetime': '1998', 'music_item': 'минионны'}","{'datetime': '1998 елгы', 'music_item': 'минионны'}"
test_261,Миңа Дипсон театрларында A Yiddish World Remembered өчен вакыт кирәк,SearchScreeningEvent,SearchCreativeWork,False,0.9641,False,False,False,"{'location': 'Дипсон театрларында', 'movie_name': 'A Yiddish World Remembered', 'object_type': 'вакыт'}","{'datetime': 'миңа', 'object_name': 'A Yiddish World Remembered', 'object_type': 'вакыт'}"
test_262,Хәзерге дәреслеккә 6-дан 1 балл бир,RateBook,RateBook,True,0.9472,False,False,False,"{'object_select': 'Хәзерге', 'object_type': 'дәреслеккә', 'best_rating': '6-дан', 'rating_value': '1'}","{'object_name': 'Хәзерге дәреслеккә', 'object_type': 'книга', 'rating_value': '6', 'rating_unit': 'балл'}"
test_263,Мэтт Мерфиның көйен Flow Español плейлистына өстә.,AddToPlaylist,AddToPlaylist,True,0.9469,False,False,False,"{'artist': 'Мэтт Мерфиның', 'music_item': 'көйен', 'playlist': 'Flow Español'}","{'artist': 'Мэтт Мерфи', 'music_item': 'көйен Flow Español', 'playlist': 'Plays by Matt Murphy', 'reference': 'плейлистына'}"
test_264,Мин 3 кешегә 20/05/2025 Техас янындагы судан гастропабын броньларга телим .,BookRestaurant,BookRestaurant,True,0.8839,False,False,True,"{'party_size_number': '3', 'datetime': '20/05/2025', 'location': 'Техас | янындагы', 'cuisine': 'судан', 'restaurant_type': 'гастропабын'}","{'datetime': '20/05/2025', 'location': 'Техас янында', 'party_size_number': '3', 'restaurant_type': 'гастропабын', 'sort': 'безопасность'}"
test_265,Син The Approach телесериал таба алмасыңмы,SearchCreativeWork,SearchCreativeWork,True,0.9871,False,False,False,"{'object_name': 'The Approach', 'object_type': 'телесериал'}","{'object_name': 'The Approach', 'object_type': 'телесериал'}"
test_266,Бу хроникага 2 балл бир.,RateBook,RateBook,True,0.966,False,False,True,"{'object_select': 'Бу', 'object_part_of_series_type': 'хроникага', 'rating_value': '2'}","{'object_name': 'хроникага', 'rating_value': '2', 'rating_unit': 'балл'}"
test_267,The American Scene-ка 6-дан 2 йолдыз бир,RateBook,SearchCreativeWork,False,0.9435,False,False,False,"{'object_name': 'The American Scene-ка', 'best_rating': '6-дан', 'rating_value': '2', 'rating_unit': 'йолдыз'}","{'datetime': '6-дан', 'object_name': 'The American Scene-', 'object_type': 'фильм'}"
test_268,Минем Nação Reggae плейлистына emilie autumn өстә.,AddToPlaylist,AddToPlaylist,True,0.9557,False,False,False,"{'reference': 'Минем', 'playlist': 'Nação Reggae', 'artist': 'emilie autumn'}","{'artist': 'emilie autumn', 'entity_name': 'Nação Reggae плейлистына'}"
test_269,Мин Гамбиядәге яһүд ресторанын броньларга телим .,BookRestaurant,BookRestaurant,True,0.9299,False,False,True,"{'location': 'Гамбиядәге', 'cuisine': 'яһүд', 'restaurant_type': 'ресторанын'}","{'datetime': 'Мин', 'location': 'Гамбиядәге', 'restaurant_type': 'ресторанын'}"
test_270,Fried chicken restaurant өстәленә заказ бир,BookRestaurant,BookRestaurant,True,0.9638,False,False,True,{'restaurant_name': 'Fried chicken restaurant'},"{'restaurant_type': 'ресторан', 'cuisine': 'fried chicken'}"
test_271,минем House Afterwork плейлистымна we have a theme song өстә,AddToPlaylist,AddToPlaylist,True,0.9553,False,False,False,"{'reference': 'минем', 'playlist': 'House Afterwork', 'entity_name': 'we have a theme song'}","{'artist': 'минем', 'entity_name': 'House Afterwork плейлистымна we have a theme song', 'playlist': 'House Afterwork', 'reference': 'плейлистымна'}"
test_272,2026 елның унтугызынчы октябрендә моннан ерак түгел нинди һава торышы булачак ?,weather/find,weather/find,True,0.9522,False,False,False,"{'datetime': '2026 елның унтугызынчы октябрендә', 'location': 'моннан | ерак түгел'}","{'datetime': '2026 елның унтугызынчы октябрендә', 'condition_temperature': 'моннан ерак түгел', 'location': 'нинди һава'}"
test_273,Уолденда һава торышы Россия 26/12/2018,weather/find,weather/find,True,0.9494,False,False,False,"{'location': 'Уолденда | Россия', 'datetime': '26/12/2018'}","{'location': 'Уолденда', 'datetime': '26/12/2018', 'weather/attribute': 'торышы'}"
test_274,Мин каенана һәм миңа бер елдан соң Buckner ресторанны броньларга телим .,BookRestaurant,BookRestaurant,True,0.9162,False,False,True,"{'party_size_description': 'каенана һәм миңа', 'datetime': 'бер елдан соң', 'location': 'Buckner', 'restaurant_type': 'ресторанны'}","{'datetime': 'мин каенана һәм миңа бер елдан соң', 'party_size_number': 'без', 'restaurant_name': 'Bucker', 'location': 'бер елдан соң'}"
test_275,Бу китапка 1 балл бир,RateBook,RateBook,True,0.9502,False,False,False,"{'object_select': 'Бу', 'object_type': 'китапка', 'rating_value': '1'}","{'object_name': 'куитап', 'rating_value': '1', 'rating_unit': 'балл'}"
test_276,бу башкаручыны минем spotlight on country 2016 плейлистына өстә,AddToPlaylist,AddToPlaylist,True,0.9588,False,False,False,"{'music_item': 'башкаручыны', 'reference': 'минем', 'playlist': 'spotlight on country 2016'}","{'artist': 'бу башкаручыны', 'music_item': 'башкаручыны', 'playlist': 'minem spotlight on country 2016', 'reference': 'өстә'}"
test_277,Син Epic Conditions рәсемен таба алмасыңмы ?,SearchCreativeWork,weather/find,False,0.886,False,False,False,"{'object_name': 'Epic Conditions', 'object_type': 'рәсемен'}","{'datetime': 'Син', 'location': 'Epic Conditions рәсемен таба алмасың', 'object_type': 'рисунок'}"
test_278,Iheart-та rich sex уйна,PlayMusic,AddToPlaylist,False,0.968,False,False,True,"{'service': 'Iheart-та', 'track': 'rich sex'}","{'artist': 'rich sex', 'music_item': 'уйна', 'service': 'Iheart'}"
test_279,Bartok the Magnificent иртәнге җидедә башланачакмы ?,SearchScreeningEvent,alarm/set_alarm,False,0.9477,False,False,False,"{'movie_name': 'Bartok the Magnificent', 'datetime': 'иртәнге җидедә'}","{'datetime': 'иртәнге җидедә', 'reference': 'Bartok the Magnificent'}"
test_280,Zvooq-да берәр нәрсә уйна,PlayMusic,PlayMusic,True,0.9458,False,False,False,{'service': 'Zvooq-да'},"{'artist': 'Zvooq-', 'music_item': 'берәр нәрсә'}"
test_281,Миңа Крис Найт музыкасын тыңларга бир,PlayMusic,PlayMusic,True,0.9867,False,False,False,{'artist': 'Крис Найт'},{'artist': 'Крис Найт'}
test_282,Джилл Собул альбомын кабыз,PlayMusic,PlayMusic,True,0.9925,False,False,True,"{'album': 'Джилл Собул', 'music_item': 'альбомын'}","{'artist': 'Джилл Собул', 'music_item': 'альбомын'}"
test_283,The Broken Window дүрт йолдыз бирегез,RateBook,PlayMusic,False,0.9553,False,False,False,"{'object_name': 'The Broken Window', 'rating_value': 'дүрт', 'rating_unit': 'йолдыз'}",{'music_item': 'The Broken Window'}
test_284,Tatra-милли паркында иртәнге 6да һава торышын миңа әйт,weather/find,alarm/set_alarm,False,0.9471,False,False,False,"{'location': 'Tatra-милли паркында', 'datetime': 'иртәнге 6да'}","{'reference': 'Tatra-милли паркында', 'datetime': '6да һава торышын миңа'}"
test_285,"Зинһар, миңа бистродагы өстәлне броньла, анда lorna doone хезмәт итәләр .",BookRestaurant,BookRestaurant,True,0.8972,False,False,True,"{'restaurant_type': 'бистродагы', 'served_dish': 'lorna doone'}","{'datetime': 'миңа бистродагы', 'location': 'биستродагы', 'party_size_number': 'андага lorna doone хезмәт итәләр'}"
test_286,The Mystery of the Tolling Bell сериалны 4 йолдызга бәялә .,RateBook,SearchCreativeWork,False,0.9251,False,False,True,"{'object_name': 'The Mystery of the Tolling Bell', 'object_part_of_series_type': 'сериалны', 'rating_value': '4', 'rating_unit': 'йолдызга'}","{'datetime': '', 'object_name': 'The Mystery of the Tolling Bell сериалны', 'object_type': 'сериал'}"
test_287,Музыка уйнау өчен Groove Shark куллан,PlayMusic,PlayMusic,True,0.9911,False,False,False,{'service': 'Groove Shark'},{'service': 'Groove Shark'}
test_288,Якындагы кинотеатрда Snowbound күрсәтү графигын тикшер .,SearchScreeningEvent,SearchScreeningEvent,True,0.9664,False,False,True,"{'location': 'Якындагы', 'object_location_type': 'кинотеатрда', 'movie_name': 'Snowbound'}","{'datetime': 'Якындагы', 'location': 'кинотеатрда', 'movie_name': 'Snowbound'}"
test_289,"Зинһар, Zvooq ач",PlayMusic,PlayMusic,True,0.9778,False,False,False,{'service': 'Zvooq'},{'service': 'Zvooq'}
test_290,1 кешегә урын Меритта Town of Ramsgate броньла,BookRestaurant,BookRestaurant,True,0.9684,False,False,True,"{'party_size_number': '1', 'location': 'Меритта', 'restaurant_name': 'Town of Ramsgate'}","{'datetime': '1 кешегә', 'party_size_number': 'урын', 'location': 'Меритта Town of Ramsgate'}"
test_291,I Think I Do кичке 7-дә уйныймы ?,SearchScreeningEvent,PlayMusic,False,0.9326,False,False,False,"{'movie_name': 'I Think I Do', 'datetime': 'кичке 7-дә'}","{'music_item': 'I Think I Do', 'reference': 'кичке 7-дә'}"
test_292,Custer National Forest кичке җидедә салкынрак булырмы,weather/find,alarm/set_alarm,False,0.9264,False,False,True,"{'location': 'Custer National Forest', 'datetime': 'кичке җидедә', 'condition_temperature': 'салкынрак'}","{'datetime': 'Custer National Forest кичке җидедә', 'reference': 'сул'}"
test_293,Мин Youtube-та берәр нәрсә тыңларга телим,PlayMusic,PlayMusic,True,0.9805,False,False,False,{'service': 'Youtube-та'},{'service': 'YouTube'}
test_294,Difficult Loves уенын эзлә,SearchCreativeWork,PlayMusic,False,0.916,False,False,False,"{'object_name': 'Difficult Loves', 'object_type': 'уенын'}","{'music_item': 'Difficult Loves', 'artist': 'undefined'}"
test_295,Нинди һава торышы 20 февральгә Bothe-Napa Valley дәүләт паркында ?,weather/find,weather/find,True,0.9844,False,False,False,"{'datetime': '20 февральгә', 'location': 'Bothe-Napa Valley дәүләт паркында'}","{'datetime': '20 февральгә', 'location': 'Bothe-Napa Valley дәүләт паркында'}"
test_296,миңа кинотеатр янындагы The Great Gildersleeve фильмы сессияләре расписаниесен күрсәт,SearchScreeningEvent,SearchScreeningEvent,True,0.9627,False,False,True,"{'object_location_type': 'кинотеатр', 'movie_name': 'The Great Gildersleeve', 'object_type': 'расписаниесен'}","{'datetime': 'миңа', 'location': 'кинотеатр янында', 'movie_name': 'The Great Gildersleeve', 'object_location_type': 'фильмы сессияләре', 'object_type': 'расписаниесен'}"
test_297,Миңа Гибслендта һава торышын әйт,weather/find,weather/find,True,0.9807,False,False,False,{'location': 'Гибслендта'},"{'datetime': 'миңа', 'location': 'Гибслендта'}"
test_298,Мин күршедәге кино графигын белә аламмы,SearchScreeningEvent,SearchCreativeWork,False,0.9306,False,False,False,"{'location': 'күршедәге', 'movie_type': 'кино', 'object_type': 'графигын'}","{'datetime': 'куршедәге', 'object_name': ' kino графигы', 'object_type': 'график'}"
test_299,Soul Music-ка 0 балл бир .,RateBook,RateBook,True,0.9434,False,False,False,"{'object_name': 'Soul Music-ка', 'rating_value': '0'}","{'object_type': 'Soul Music', 'rating_value': '0', 'rating_unit': 'балл'}"
test_300,Сарджентстада татар тавернасында биш кешегә өстәл заказ итегез,BookRestaurant,BookRestaurant,True,0.9285,False,False,True,"{'location': 'Сарджентстада', 'cuisine': 'татар', 'restaurant_type': 'тавернасында', 'party_size_number': 'биш'}","{'datetime': 'bish кешегә', 'party_size_number': 'биш', 'location': 'Сарджентстада татар тавернасында'}"
test_301,All Things Must Pass кабыз,PlayMusic,PlayMusic,True,0.9269,False,False,True,{'track': 'All Things Must Pass'},"{'music_item': 'All Things Must Pass', 'artist': 'кабыз'}"
test_302,Кореяда бер сәгатьтән соң нинди яңгыр фаразы булачак,weather/find,weather/find,True,0.9857,False,False,True,"{'location': 'Кореяда', 'datetime': 'бер сәгатьтән соң', 'condition_description': 'яңгыр'}","{'location': 'Кореяда', 'datetime': 'бер сәгатьтән соң'}"
test_303,Оклахомада South Street Diner-да 4 кешелек урын броньла,BookRestaurant,BookRestaurant,True,0.9318,False,False,True,"{'location': 'Оклахомада', 'restaurant_name': 'South Street Diner-да', 'party_size_number': '4'}","{'datetime': '', 'party_size_number': '4', 'sort': '', 'restaurant_type': 'урын броньла', 'location': 'Оклахомада South Street Diner-да'}"
test_304,Netflix-тан музыканы уйнат .,PlayMusic,PlayMusic,True,0.9717,False,False,False,{'service': 'Netflix-тан'},{'service': 'Netflix'}
test_305,Мин Shattered Image-не күрергә телим .,SearchScreeningEvent,PlayMusic,False,0.9419,False,False,False,{'movie_name': 'Shattered Image-не'},"{'music_item': 'Shattered Image-', 'artist': 'Min'}"
test_306,The Sound of One Hand Clapping-ны таб,SearchCreativeWork,PlayMusic,False,0.945,False,False,False,{'object_name': 'The Sound of One Hand Clapping-ны'},"{'music_item': 'The Sound of One Hand Clapping', 'artist': ''}"
test_307,Wolves Within альбомын эзлә,SearchCreativeWork,PlayMusic,False,0.927,False,False,False,"{'object_name': 'Wolves Within', 'object_type': 'альбомын'}","{'music_item': 'Wolves Within альбомы', 'service': 'не указано', 'artist': 'не указано'}"
test_308,берәр кинотеатрда We Are Northern Lights күрсәтеләрмә,SearchScreeningEvent,SearchScreeningEvent,True,0.9857,False,False,True,"{'object_location_type': 'кинотеатрда', 'movie_name': 'We Are Northern Lights'}","{'movie_name': 'We Are Northern Lights', 'location': 'берәр кинотеатрда'}"
test_309,"Безнең кечкенә дөнья почмагы, Гилмор кыз музыкасы минем Иң көлкесе әйберләр футболда плейлистыма өстә.",AddToPlaylist,AddToPlaylist,True,0.9675,False,False,False,"{'entity_name': 'Безнең кечкенә дөнья почмагы , Гилмор кыз музыкасы', 'reference': 'минем', 'playlist': 'Иң көлкесе әйберләр футболда'}","{'artist': 'Безнең', 'music_item': 'кечкенә дөнья почмагы', 'playlist': 'минем Иң көлкесе әйберләр футболда', 'reference': 'плейлистыма'}"
test_310,Саутфорд Фолс дәүләт паркында эссе һава торышы фаразы нинди,weather/find,weather/find,True,0.9185,False,False,True,"{'location': 'Саутфорд Фолс дәүләт паркында', 'condition_temperature': 'эссе'}","{'location': 'Саутфорд Фолс дәүләт паркы', 'datetime': 'эссе'}"
test_311,"Зинһар, миӊа Гана парковкасы белән пиццерия өстәленә заказ бир .",BookRestaurant,BookRestaurant,True,0.9212,False,False,True,"{'location': 'Гана', 'facility': 'парковкасы', 'restaurant_type': 'пиццерия'}","{'datetime': 'миӊа', 'party_size_number': 'заказ', 'sort': 'белән пиццерия өстәленә', 'restaurant_type': 'парковкасы', 'location': 'Гана'}"
test_312,Мин җитмешенче еллар саундтрегын тыңларга телим .,PlayMusic,PlayMusic,True,0.8995,False,False,False,"{'datetime': 'җитмешенче', 'music_item': 'саундтрегын'}","{'artist': 'Мин җитмешенче', 'datetime': 'җитмешенче'}"
test_313,Ике сәгатьтән соң Үзбәкстанда һава торышы,weather/find,weather/find,True,0.968,False,False,False,"{'datetime': 'Ике сәгатьтән соң', 'location': 'Үзбәкстанда'}","{'location': 'Үзбекстанда', 'datetime': 'ике сәгатьтән соң'}"
test_314,"Зинһар, миңа Journal of the British Astronomical Association фильмын таб .",SearchCreativeWork,SearchCreativeWork,True,0.9828,False,False,False,"{'object_name': 'Journal of the British Astronomical Association', 'object_type': 'фильмын'}","{'datetime': 'Зинһар, миңа', 'object_name': 'Journal of the British Astronomical Association', 'object_type': 'фильмын'}"
test_315,"Уордвилл-да, Канзас-та 8 кешелек урын броньла",BookRestaurant,BookRestaurant,True,0.9639,False,False,False,"{'location': 'Уордвилл-да | Канзас-та', 'party_size_number': '8'}","{'datetime': 'Уордвилл-да', 'party_size_number': '8', 'location': 'Канзас-та'}"
test_316,Нинди һава торышы моннан ерак булачак ?,weather/find,weather/find,True,0.9138,False,False,False,{'location': 'моннан | ерак'},"{'location': 'Нинди', 'datetime': 'моннан', 'weather/attribute': 'тағы'}"
test_317,Ричард Макнамараның яңа җырын Just Smile плейлистыма өстә,AddToPlaylist,AddToPlaylist,True,0.981,False,False,False,"{'artist': 'Ричард Макнамараның', 'music_item': 'җырын', 'playlist': 'Just Smile'}","{'artist': 'Ричард Макнамара', 'music_item': 'җырын', 'playlist': 'Just Smile', 'reference': 'плейлистыма'}"
test_318,монда 1 секундтан соң никадәр салкын булыр,weather/find,alarm/set_alarm,False,0.9284,False,False,True,"{'location': 'монда', 'datetime': '1 секундтан соң', 'condition_temperature': 'салкын'}","{'datetime': 'монда 1 секундтан соң', 'reference': 'никадәр салкын'}"
test_319,With You исемле рәсем эзлә,SearchCreativeWork,PlayMusic,False,0.968,False,False,False,"{'object_name': 'With You', 'object_type': 'рәсем'}","{'artist': 'With You', 'music_item': 'исемле рәсем'}"
test_320,Deadly Weapons иҗади эшен таб,SearchCreativeWork,PlayMusic,False,0.9716,False,False,False,{'object_name': 'Deadly Weapons'},{'music_item': 'Deadly Weapons'}
test_321,Ноябрьдә Брукнилда һава торышы нинди булыр ?,weather/find,weather/find,True,0.98,False,False,False,"{'datetime': 'Ноябрьдә', 'location': 'Брукнилда'}","{'datetime': 'Ноябрьдә', 'location': 'Брукнилда'}"
test_322,Токмач өчен тавернада өстәл броньла,BookRestaurant,BookRestaurant,True,0.9025,False,False,True,"{'served_dish': 'Токмач', 'restaurant_type': 'тавернада'}","{'datetime': 'токмач өчен', 'party_size_number': 'без', 'sort': '', 'restaurant_type': 'тавернада', 'location': 'тавернада'}"
test_323,Коста-Рикада нинди һава торышы,weather/find,weather/find,True,0.9576,False,False,False,{'location': 'Коста - Рикада'},"{'location': 'Коста-Рика', 'datetime': 'бу'}"
test_324,The Two Gladiators уйнымы,SearchScreeningEvent,SearchCreativeWork,False,0.9698,False,False,False,{'movie_name': 'The Two Gladiators'},{'object_name': 'The Two Gladiators'}
test_325,Star Theatres-да нинди фильмнар бар .,SearchScreeningEvent,SearchCreativeWork,False,0.9403,False,False,False,"{'location': 'Star Theatres-да', 'movie_type': 'фильмнар'}",{'object_type': 'фильмнар'}
test_326,Зинһар миңа Harry Hood сагасын таба аласызмы ?,SearchCreativeWork,reminder/set_reminder,False,0.9725,False,False,False,"{'object_name': 'Harry Hood', 'object_type': 'сагасын'}","{'datetime': 'Зинһар миңа', 'reminder/todo': 'Harry Hood сагасын таба аласыз'}"
test_327,бу көйне минем Sleepify плейлистыма өстә,AddToPlaylist,AddToPlaylist,True,0.9507,False,False,False,"{'music_item': 'көйне', 'reference': 'минем', 'playlist': 'Sleepify'}","{'artist': '', 'entity_name': 'бу', 'music_item': 'плейлистыма', 'playlist': 'Sleepify', 'reference': 'өстә'}"
test_328,Any Which Way You Can 15 секундтан соң уйнаячакмы,SearchScreeningEvent,PlayMusic,False,0.9621,False,False,False,"{'movie_name': 'Any Which Way You Can', 'datetime': '15 секундтан соң'}","{'datetime': '15 секундтан соң', 'music_item': 'Any Which Way You Can'}"
test_329,E-type музыкасын кабыз .,PlayMusic,PlayMusic,True,0.9792,False,False,False,{'artist': 'E-type'},"{'artist': 'E-type', 'music_item': 'музыкасын'}"
test_330,Хәзерге китапка бер йолдыз куй,RateBook,BookRestaurant,False,0.9017,False,False,False,"{'object_select': 'Хәзерге', 'object_type': 'китапка', 'rating_value': 'бер'}","{'datetime': 'хәзерге', 'party_size_number': 'бер йол', 'sort': 'куй'}"
test_331,Louis Nelson Delisle-ның Another Passenger уйнат .,PlayMusic,PlayMusic,True,0.9732,False,False,True,"{'artist': 'Louis Nelson Delisle-ның', 'album': 'Another Passenger'}","{'artist': 'Louis Nelson Delisle', 'music_item': 'Another Passenger'}"
test_332,Кайда мин кино графигын таба алам,SearchScreeningEvent,SearchCreativeWork,False,0.93,False,False,False,{'object_type': 'кино графигын'},"{'datetime': '', 'object_name': 'мин кино графигы', 'object_type': ''}"
test_333,Эмерадода Сен-Пьер һәм Микелонда 26 сентябрьгә нинди һава торышы,weather/find,weather/find,True,0.9792,False,False,False,"{'location': 'Эмерадода | Сен - Пьер һәм Микелонда', 'datetime': '26 сентябрьгә'}","{'location': 'Эмерадода Сен-Пьер һәм Микелонда', 'datetime': '26 сентября'}"
test_334,Ted Peters Famous Smoked Fish-та Окфилд янында 17 секундтансын ашарга барык,BookRestaurant,PlayMusic,False,0.9505,False,False,True,"{'restaurant_name': 'Ted Peters Famous Smoked Fish-та', 'location': 'Окфилд | янында', 'datetime': '17 секундтансын'}","{'datetime': '17 секундтансын', 'music_item': 'Окфилд янында', 'artist': 'Ted Peters', 'object_type': 'Famous Smoked Fish'}"
test_335,миңа Good Morning Sunshine трейлерын таб,SearchCreativeWork,PlayMusic,False,0.9426,False,False,False,"{'object_name': 'Good Morning Sunshine', 'object_type': 'трейлерын'}","{'music_item': 'трейлерын', 'datetime': 'миңа'}"
test_336,Мин Нидерланд Антиль утрауларында 3 кешегә сыра ресторанны броньларга телим .,BookRestaurant,BookRestaurant,True,0.9342,False,False,False,"{'location': 'Нидерланд Антиль утрауларында', 'party_size_number': '3', 'restaurant_type': 'сыра ресторанны'}","{'datetime': 'Нидерланд Антиль утрауларында', 'party_size_number': '3 кешегә', 'location': 'сыра', 'restaurant_type': 'ресторанны бронь'}"
test_337,бу хәзерге альбомга 0 йолдыз куй,RateBook,PlayMusic,False,0.926,False,False,False,"{'object_select': 'бу хәзерге', 'object_type': 'альбомга', 'rating_value': '0', 'rating_unit': 'йолдыз'}","{'sort': 'бу хәзерге', 'music_item': 'альбомга', 'datetime': '0 йол'}"
test_338,Монакода Yankee Doodle Coffee Ѕһор-та урын алырга теләр идем,BookRestaurant,BookRestaurant,True,0.8904,False,False,True,"{'location': 'Монакода', 'restaurant_name': 'Yankee Doodle Coffee Ѕһор-та'}","{'datetime': 'Монакода', 'location': 'Йанkee Додле Ѕһор-та', 'restaurant_type': 'кафе', 'restaurant_name': 'Монакода Yankee Doodle Coffee'}"
test_339,Political punks плейлистыма башкаручыны өстә.,AddToPlaylist,AddToPlaylist,True,0.936,False,False,False,"{'playlist': 'Political punks', 'music_item': 'башкаручыны'}","{'artist': 'башкаручыны', 'music_item': 'плейлистыма', 'playlist': 'Political punks'}"
test_340,Дүрт айдан соң Саванида AK-ында салкынрак булырмы,weather/find,alarm/set_alarm,False,0.9439,False,False,True,"{'datetime': 'Дүрт айдан соң', 'location': 'Саванида | AK-ында', 'condition_temperature': 'салкынрак'}","{'datetime': 'Дүрт айдан соң', 'reference': 'Саванида AK-ында'}"
test_341,минем Crash Course плейлистыма Muzika za decu өстә,AddToPlaylist,AddToPlaylist,True,0.937,False,False,False,"{'reference': 'минем', 'playlist': 'Crash Course', 'entity_name': 'Muzika za decu'}","{'artist': 'минем', 'music_item': 'Crash Course', 'playlist': 'плейлистыма', 'reference': 'Muzika za decu'}"
test_342,Molecular Oncology сагасын эзли аласынмы ?,SearchCreativeWork,SearchCreativeWork,True,0.9519,False,False,False,"{'object_name': 'Molecular Oncology', 'object_type': 'сагасын'}","{'object_name': 'Molecular Oncology сагасы', 'object_type': 'творческих произведений'}"
test_343,Мин алты кешелек ресторанны Вагстаффта AK-да броньларга телим .,BookRestaurant,BookRestaurant,True,0.9289,False,False,False,"{'party_size_number': 'алты', 'restaurant_type': 'ресторанны', 'location': 'Вагстаффта | AK-да'}","{'datetime': 'мин', 'party_size_number': 'алты', 'location': 'Вагстаффта AK-да'}"
test_344,Дэвид Линдлиның симфоник музыкасын уйнат .,PlayMusic,PlayMusic,True,0.9755,False,False,False,"{'artist': 'Дэвид Линдлиның', 'music_item': 'симфоник'}","{'artist': 'Дэвид Линдли', 'music_item': 'симфоник музыкасы'}"
test_345,"Зинһар, миңа Now We Are Married телесериалын таб .",SearchCreativeWork,SearchCreativeWork,True,0.9782,False,False,False,"{'object_name': 'Now We Are Married', 'object_type': 'телесериалын'}","{'datetime': 'Зинһар, миңа', 'object_name': 'Now We Are Married', 'object_type': 'телесериалын'}"
test_346,Мин Outcast-ны карарга телим .,SearchScreeningEvent,PlayMusic,False,0.9371,False,False,False,{'movie_name': 'Outcast-ны'},"{'artist': 'Outcast', 'music_item': 'карарга'}"
test_347,минем This Is Tchaikovsky плейлистыма хәзерге трекны өстә,AddToPlaylist,AddToPlaylist,True,0.9657,False,False,False,"{'reference': 'минем', 'playlist': 'This Is Tchaikovsky', 'music_item': 'трекны'}","{'music_item': 'трекны', 'playlist': 'This Is Tchaikovsky', 'reference': 'хәзерге'}"
test_348,Lastfm-да This Is: Miles Davis-ны кабыз .,PlayMusic,PlayMusic,True,0.9811,False,False,False,"{'service': 'Lastfm-да', 'playlist': 'This Is: Miles Davis-ны'}","{'artist': 'This Is: Miles Davis', 'service': 'Lastfm'}"
test_349,Танзаниядә кабымханәдә 5 кешегә иң яхшы өстәлне броньла,BookRestaurant,BookRestaurant,True,0.9415,False,False,False,"{'location': 'Танзаниядә', 'restaurant_type': 'кабымханәдә', 'party_size_number': '5', 'sort': 'иң яхшы'}","{'datetime': 'танзаниядә кабымханәдә', 'party_size_number': '5', 'location': 'кабымханәдә'}"
test_350,Әйдә Vimeo-да яхшы элекке Mohammad Mamle тыңлыйк .,PlayMusic,PlayMusic,True,0.9597,False,False,False,"{'service': 'Vimeo-да', 'sort': 'элекке', 'artist': 'Mohammad Mamle'}","{'artist': 'Mohammad Mamle', 'music_item': 'тыңлыйк', 'service': 'Vimeo-да'}"
test_351,Vandemataram Srinivas трегын HipHop Hot 50-гә куй.,AddToPlaylist,AddToPlaylist,True,0.9686,False,False,False,"{'artist': 'Vandemataram Srinivas', 'music_item': 'трегын', 'playlist': 'HipHop Hot 50-гә'}","{'artist': 'Vandemataram Srinivas трегын', 'music_item': 'трегын', 'playlist': 'HipHop Hot 50', 'reference': 'куй'}"
test_352,Миңа Secret South җырын таб .,SearchCreativeWork,PlayMusic,False,0.9067,False,False,False,"{'object_name': 'Secret South', 'object_type': 'җырын'}","{'datetime': 'миңа', 'music_item': 'Secret South', 'service': 'не указано'}"
test_353,Zvooq-та туксанынчы еллар җырлары,PlayMusic,alarm/show_alarms,False,0.9354,False,False,False,"{'service': 'Zvooq-та', 'datetime': 'туксанынчы'}",{'datetime': 'җырлары'}
test_354,кичке биштән башлап Техаста Admire-да һава торышы нинди,weather/find,weather/find,True,0.9571,False,False,False,"{'datetime': 'кичке биштән', 'location': 'Техаста | Admire-да'}","{'datetime': 'кичке биштән башлап', 'location': 'Техаста'}"
test_355,Last FM-да берәр нәрсә уйнат,PlayMusic,AddToPlaylist,False,0.9309,False,False,False,{'service': 'Last FM-да'},"{'artist': 'Last FM-да', 'music_item': 'берәр нәрсә', 'service': 'Last FM-да'}"
test_356,Мин якындагы кинотеатрда The Portrait of a Lady карарга телим .,SearchScreeningEvent,SearchScreeningEvent,True,0.9557,False,False,True,"{'location': 'якындагы', 'object_location_type': 'кинотеатрда', 'movie_name': 'The Portrait of a Lady'}","{'datetime': 'якындагы', 'location': 'кинотеатрда', 'movie_name': 'The Portrait of a Lady', 'object_type': 'карарга'}"
test_357,"Зинһар, миңа Phineas Redux таб .",SearchCreativeWork,PlayMusic,False,0.9305,False,False,False,{'object_name': 'Phineas Redux'},"{'artist': 'Phineas Redux', 'entity_name': 'Зинһар, миңа'}"
test_358,Laundry плейлистына 40 cal көйен өстә.,AddToPlaylist,AddToPlaylist,True,0.9591,False,False,False,"{'playlist': 'Laundry', 'artist': '40 cal', 'music_item': 'көйен'}","{'artist': '40 cal', 'music_item': 'өстә', 'playlist': 'Laundry', 'reference': 'плейлистына'}"
test_359,Itunes-ны ач һәм Ben Burnley Ready To Die-ны уйнат,PlayMusic,PlayMusic,True,0.9642,False,False,True,"{'service': 'Itunes-ны', 'artist': 'Ben Burnley', 'album': 'Ready To Die-ны'}","{'service': 'Itunes', 'artist': 'Ben Burnley', 'music_item': 'Ready To Die'}"
test_360,5-енче декабрьдә Лихул һәйкәле янында нинди һава торышы булачак ?,weather/find,weather/find,True,0.9839,False,False,False,"{'datetime': '5-енче декабрьдә', 'location': 'Лихул һәйкәле'}","{'datetime': '5-енче декабрьдә', 'location': 'Лихул һәйкәле янында'}"
test_361,Якындагы кинотеатрда Sexy Dance 2 расписаниесен күрсәт,SearchScreeningEvent,SearchScreeningEvent,True,0.9651,False,False,True,"{'location': 'Якындагы', 'object_location_type': 'кинотеатрда', 'movie_name': 'Sexy Dance 2', 'object_type': 'расписаниесен'}","{'movie_name': 'Sexy Dance 2', 'location': 'Якындагы кинотеатрда'}"
test_362,Live at the Kings Center дип аталган җырны таб,SearchCreativeWork,PlayMusic,False,0.9205,False,False,False,"{'object_name': 'Live at the Kings Center', 'object_type': 'җырны'}","{'datetime': 'Live at the Kings Center дип аталган', 'music_item': 'җырны'}"
test_363,"Тайонкта , Нью-Джерсида нинди һава торышы",weather/find,weather/find,True,0.9369,False,False,False,{'location': 'Тайонкта | Нью - Джерсида'},"{'location': 'Нью-Джерсида', 'datetime': 'таymoonкта'}"
test_364,Мин биш кешелек өстәл Tupelo Honey Cafe-да Нью-Джерсида броньларга телим.,BookRestaurant,BookRestaurant,True,0.9455,False,False,True,"{'party_size_number': 'биш', 'restaurant_name': 'Tupelo Honey Cafe-да', 'location': 'Нью - Джерсида'}","{'datetime': 'bish кешелек өстәл', 'location': 'Нью-Джерсида', 'restaurant_type': 'ресторан', 'restaurant_name': 'Tupelo Honey Cafe'}"
test_365,чәй йорта миӊа һәм минем cеңелләремә урын броньла,BookRestaurant,BookRestaurant,True,0.935,False,False,True,"{'restaurant_type': 'чәй йорта', 'party_size_description': 'миӊа һәм минем cеңелләремә'}","{'datetime': 'чәй йорта миӊа', 'party_size_number': 'минем', 'sort': 'сеңелләремә', 'restaurant_type': 'урын броньла'}"
test_366,16 февральдә Нидерландта эссе булачакмы ?,weather/find,weather/find,True,0.9898,False,False,True,"{'datetime': '16 февральдә', 'location': 'Нидерландта', 'condition_temperature': 'эссе'}","{'datetime': '16 февральдә', 'location': 'Нидерландта'}"
test_367,Мин jordan rudess-ны Divertido para niños плейлистына өстәргә телим.,AddToPlaylist,AddToPlaylist,True,0.962,False,False,False,"{'artist': 'jordan rudess-ны', 'playlist': 'Divertido para niños'}","{'artist': 'jordan rudess', 'music_item': 'плейлистына', 'playlist': 'Divertido para niños', 'reference': 'өстәргә'}"
test_368,In the Company of Cheerful Ladies-ка 6-дан нуль куй,RateBook,alarm/set_alarm,False,0.9499,False,False,False,"{'object_name': 'In the Company of Cheerful Ladies-ка', 'best_rating': '6-дан', 'rating_value': 'нуль'}","{'reference': 'In the Company of Cheerful Ladies-', 'datetime': '6-дан нуль куй'}"
test_369,Миңа иң яхшы бистрода өстәл броньла,BookRestaurant,BookRestaurant,True,0.91,False,False,False,"{'sort': 'иң яхшы', 'restaurant_type': 'бистрода'}","{'datetime': 'миңа', 'sort': 'ың яхшы', 'location': 'бищрода', 'restaurant_type': 'өстәл'}"
test_370,Хәзерге дәреслеккә 6-дан 1 куй,RateBook,alarm/set_alarm,False,0.9499,False,False,False,"{'object_select': 'Хәзерге', 'object_type': 'дәреслеккә', 'best_rating': '6-дан', 'rating_value': '1'}","{'reference': 'дәреслеккә', 'datetime': '6-дан 1 куй'}"
test_371,кино вакытлары кайчан,SearchScreeningEvent,SearchScreeningEvent,True,0.9716,False,False,False,{'object_type': 'кино вакытлары'},{'datetime': 'кино вакытлары'}
test_372,Огайода нинди hава торышы булачак ?,weather/find,weather/find,True,0.9485,False,False,False,{'location': 'Огайода'},"{'datetime': 'огайода', 'location': 'нинди'}"
test_373,Бу артистны Showstopper Being Mary Jane плейлистына өстә,AddToPlaylist,AddToPlaylist,True,0.9908,False,False,False,"{'music_item': 'артистны', 'playlist': 'Showstopper Being Mary Jane'}","{'artist': 'Клеопатра Стратан', 'music_item': 'артистны', 'playlist': 'Showstopper Being Mary Jane', 'reference': 'плейлистына'}"
test_374,Балаларыма һәм миңа броньла,BookRestaurant,BookRestaurant,True,0.9599,False,False,True,{'party_size_description': 'Балаларыма һәм миңа'},"{'party_size_number': 'балаларыма', 'datetime': 'миңа'}"
test_375,2035 елның 21 августында Сарыкамыш тыюлыгыда нинди һава торышы булачак ?,weather/find,weather/find,True,0.987,False,False,False,"{'datetime': '2035 елның 21 августында', 'location': 'Сарыкамыш тыюлыгыда'}","{'datetime': '2035 елның 21 августында', 'location': 'Сарыкамыш тыюлыгыда'}"
test_376,Руфь китапка 6-дан биш балл бир .,RateBook,RateBook,True,0.9555,False,False,False,"{'object_name': 'Руфь китапка', 'best_rating': '6-дан', 'rating_value': 'биш', 'rating_unit': 'балл'}","{'object_name': 'Руфь китапка', 'rating_value': '6', 'rating_unit': 'балл'}"
test_377,Reminiscences of the Anti-Japanese Guerillas хроникасы 6-дан ноль балл рейтинг лаек.,RateBook,RateBook,True,0.9627,False,False,True,"{'object_name': 'Reminiscences of the Anti-Japanese Guerillas', 'object_part_of_series_type': 'хроникасы', 'best_rating': '6-дан', 'rating_value': 'ноль', 'rating_unit': 'балл'}","{'object_name': 'Reminiscences of the Anti-Japanese Guerillas хроникасы', 'rating_value': '6-дан ноль балл', 'object_type': 'хроникасы'}"
test_378,Миңа Көньяк Театрларындагы кино графикларын күрсәт,SearchScreeningEvent,SearchCreativeWork,False,0.9357,False,False,False,"{'location': 'Көньяк Театрларындагы', 'object_type': 'кино графикларын'}","{'datetime': 'миңа', 'object_name': 'Көньяк Театрларындагы кино графиклары', 'object_type': 'графиклар'}"
test_379,Якындагы кинотеатрда кино графикларын таб,SearchScreeningEvent,SearchScreeningEvent,True,0.9762,False,False,False,"{'location': 'Якындагы кинотеатрда', 'object_type': 'кино графикларын'}","{'datetime': 'Якындагы', 'location': 'кинотеатрда'}"
test_380,Бу альбом Испан ритмнар плейлистына өстә,AddToPlaylist,AddToPlaylist,True,0.9262,False,False,False,"{'music_item': 'альбом', 'playlist': 'Испан ритмнар'}","{'artist': 'Испан ритмнар', 'music_item': 'альбом', 'playlist': 'плейлистына'}"
test_381,6 кешегә креол тавернасында Черногориядә броньла,BookRestaurant,BookRestaurant,True,0.9344,False,False,True,"{'party_size_number': '6', 'cuisine': 'креол', 'restaurant_type': 'тавернасында', 'location': 'Черногориядә'}","{'datetime': '6 кешегә', 'party_size_number': 'кешеге', 'sort': '', 'restaurant_type': 'тавернасында', 'cuisine': 'креол', 'location': 'Черногориядә'}"
test_382,Cathedral сериясенә дүрт йолдыз бир .,RateBook,BookRestaurant,False,0.8885,False,False,True,"{'object_name': 'Cathedral', 'object_part_of_series_type': 'сериясенә', 'rating_value': 'дүрт', 'rating_unit': 'йолдыз'}","{'datetime': 'сериясенә', 'party_size_number': 'дүрт йол', 'sort': 'бира'}"
test_383,The Famous Flower of Serving-Men минем кичке акустика плейлистымна өстә.,AddToPlaylist,AddToPlaylist,True,0.9506,False,False,False,"{'entity_name': 'The Famous Flower of Serving-Men', 'reference': 'минем', 'playlist': 'кичке акустика'}","{'artist': 'The Famous Flower of Serving-Men', 'music_item': 'минем кичке акустика', 'playlist': 'The Famous Flower of Serving-Men', 'reference': 'плейлистымна'}"
test_384,Миңа ArcLight Hollywood кинотеатырында анимацион фильмнарга гына расписаниесене күрсәт,SearchScreeningEvent,SearchScreeningEvent,True,0.9541,False,False,False,"{'location': 'ArcLight Hollywood кинотеатырында', 'movie_type': 'анимацион фильмнарга', 'object_type': 'расписаниесене'}","{'datetime': 'миңа', 'location': 'ArcLight Hollywood кинотеатырында', 'object_type': 'анимацион фильмнарга гына', 'object_location_type': 'расписаниесене'}"
test_385,"Зинһар, Йолдызлы төн рәсемне таб .",SearchCreativeWork,PlayMusic,False,0.9215,False,False,False,"{'object_name': 'Йолдызлы төн', 'object_type': 'рәсемне'}","{'artist': 'Зинһар', 'music_item': 'төн рәсемне таб'}"
test_386,Бу урында 15:19:29 дымлылык нинди булачак ?,weather/find,weather/find,True,0.9724,False,False,True,"{'location': 'Бу урында', 'datetime': '15:19:29', 'condition_description': 'дымлылык'}","{'datetime': '15:19:29', 'location': 'урында'}"
test_387,мин JLA Adventures: Trapped In Time-ны карарга телим,SearchScreeningEvent,PlayMusic,False,0.9353,False,False,False,{'movie_name': 'JLA Adventures: Trapped In Time-ны'},"{'music_item': 'JLA Adventures: Trapped In Time-', 'artist': 'min'}"
test_388,This Is Johnny Cash-ка дерек уоткинсныӊ көйен өстә,AddToPlaylist,PlayMusic,False,0.9479,False,False,False,"{'playlist': 'This Is Johnny Cash-ка', 'artist': 'дерек уоткинсныӊ', 'music_item': 'көйен'}","{'artist': 'This Is Johnny Cash', 'music_item': 'дерек уоткинсны'}"
test_389,Fire in the Hole дип аталган иҗади эш таб,SearchCreativeWork,PlayMusic,False,0.9097,False,False,False,{'object_name': 'Fire in the Hole'},"{'music_item': 'Fire in the Hole', 'artist': 'не указано', 'playlist': 'Fire in the Hole'}"
test_390,пэтныӊ колледж янында өстәлне броньла,BookRestaurant,BookRestaurant,True,0.9461,False,False,False,{'location': 'пэтныӊ колледж | янында'},"{'datetime': 'өстәлне', 'location': 'пэтныӊ колледж янында', 'restaurant_type': 'өстәлне'}"
test_391,Patrick Still Lives AMC кинотеатрларында барамы,SearchScreeningEvent,SearchScreeningEvent,True,0.9639,False,False,False,"{'movie_name': 'Patrick Still Lives', 'location': 'AMC кинотеатрларында'}","{'movie_name': 'Patrick Still Lives', 'object_location_type': 'кинотеатрларында', 'service': 'AMC'}"
test_392,Мин спа массажын броньларга телим .,BookRestaurant,BookRestaurant,True,0.878,False,False,True,"{'facility': 'спа', 'restaurant_type': 'массажын'}","{'datetime': '', 'facility': 'сарай', 'party_size_number': '', 'party_size_description': 'бронь', 'restaurant_type': 'сарай', 'location': ''}"
test_393,14 сәгатьтән соң берәр җирдә Кварривиллда өстәл кирәк,BookRestaurant,alarm/set_alarm,False,0.9571,False,False,False,"{'datetime': '14 сәгатьтән соң', 'location': 'Кварривиллда'}","{'datetime': '14 сәгатьтән соң', 'location': 'Кварривиллда', 'reference': 'берәр җирдә'}"
test_394,Гари Ли Коннерны уйнат,PlayMusic,PlayMusic,True,0.9029,False,False,False,{'artist': 'Гари Ли Коннерны'},"{'artist': 'Гари Ли Коннер', 'music_item': 'уайнат'}"
test_395,иң якын кинотеатрны кайда Boycott-ны күрсәтәләр күрсәт,SearchScreeningEvent,SearchCreativeWork,False,0.9056,False,False,True,"{'location': 'иң якын', 'object_location_type': 'кинотеатрны', 'movie_name': 'Boycott-ны'}","{'datetime': 'иң якын', 'object_name': 'кайда', 'object_type': 'кинотеатрны'}"
test_396,"Зинһар, минем ecstatic плейлистны кабыз.",PlayMusic,AddToPlaylist,False,0.9076,False,False,False,{'playlist': 'ecstatic'},"{'artist': 'Зинһар', 'entity_name': 'экстазик плейлист', 'playlist': 'кабыз'}"
test_397,"Зинһар, The Mad Magician җырын таб .",SearchCreativeWork,reminder/set_reminder,False,0.9725,False,False,False,"{'object_name': 'The Mad Magician', 'object_type': 'җырын'}",{'reminder/todo': 'җырын таб'}
test_398,Bow Tie Cinemas-ның расписаниесен тикшер .,SearchScreeningEvent,SearchScreeningEvent,True,0.9578,False,False,False,"{'location': 'Bow Tie Cinemas-ның', 'object_type': 'расписаниесен'}","{'object_location_type': 'расписаниесен', 'restaurant_name': 'Bow Tie Cinemas-ның'}"
test_399,Миңа Төньяк Мариан утрауларындагы пабта кичәгә 3 кешелек өстәл броньла,BookRestaurant,BookRestaurant,True,0.9463,False,False,False,"{'location': 'Төньяк Мариан утрауларындагы', 'restaurant_type': 'пабта', 'party_size_number': '3'}","{'datetime': 'миңа', 'party_size_number': '3 кешелек', 'sort': 'өстәл броньла', 'location': 'Төньяк Мариан утрауларында', 'restaurant_type': 'паб'}"
test_400,Миңа Infinite Indie Folk исемлеккә Rahim Shah-ның әсәрләрен өстәргә кирәк,AddToPlaylist,AddToPlaylist,True,0.9242,False,False,False,"{'playlist': 'Infinite Indie Folk', 'artist': 'Rahim Shah-ның'}","{'artist': 'Rahim Shah-', 'entity_name': 'әсәрләр', 'playlist': 'Infinite Indie Folk исемлеккә', 'reference': 'плейлистымга'}"
test_401,Минем Te quiero плейлистыма Кече Джерри Каллистны өстә.,AddToPlaylist,AddToPlaylist,True,0.9624,False,False,False,"{'reference': 'Минем', 'playlist': 'Te quiero', 'artist': 'Кече Джерри Каллистны'}","{'artist': 'Кече Джерри Каллист', 'entity_name': 'Te quiero плейлистыма', 'playlist': 'Минем Te quiero'}"
test_402,Юта янында төнге 3 сәгать тирәсендә никадәр салкынрак булачак ?,weather/find,weather/find,True,0.9582,False,False,True,"{'location': 'Юта | янында', 'datetime': 'төнге 3 сәгать', 'condition_temperature': 'салкынрак'}","{'location': 'Юта янында', 'datetime': 'төнге 3 сәгать', 'weather/attribute': 'никадәр салкынрак'}"
test_403,Альбомны Hipster Soul плейлистына өстә.,AddToPlaylist,AddToPlaylist,True,0.9459,False,False,False,"{'music_item': 'Альбомны', 'playlist': 'Hipster Soul'}","{'album': 'Альбомны', 'music_item': 'альбомны', 'playlist': 'Hipster Soul', 'reference': 'плеистлистына'}"
test_404,"Мин унөч сәгатьтән соң деликатес ресторанында ашарга телим, анда көнчыгыш европа ризыклары сатыла",BookRestaurant,BookRestaurant,True,0.8533,False,False,True,"{'datetime': 'унөч сәгатьтән соң', 'restaurant_type': 'деликатес ресторанында', 'cuisine': 'көнчыгыш европа'}","{'datetime': 'унөч сәгатьтән соң', 'party_size_number': 'дуу', 'sort': 'алдык', 'restaurant_type': 'ресторан', 'cuisine': 'көнчыгыш европа ризычкылар'}"
test_405,алтмышынчы еллар саундтрегын кабыз,PlayMusic,PlayMusic,True,0.953,False,False,False,"{'datetime': 'алтмышынчы еллар', 'music_item': 'саундтрегын'}","{'artist': 'алтмышынчы еллар', 'music_item': 'саундтрегын'}"
test_406,Бу альбомга бер йолдыз бир,RateBook,PlayMusic,False,0.9221,False,False,False,"{'object_select': 'Бу', 'object_type': 'альбомга', 'rating_value': 'бер', 'rating_unit': 'йолдыз'}","{'music_item': 'альбомга', 'artist': 'бер йолдыз'}"
test_407,Bryan Macleanның иң олуг музыкасын кабыз .,PlayMusic,PlayMusic,True,0.9603,False,False,False,"{'artist': 'Bryan Macleanның', 'sort': 'иң олуг'}","{'artist': 'Bryan Maclean', 'music_item': 'музыкасын кабыз'}"
test_408,Nicodemus-та һәм аның тирәсендәге һава торышы нинди,weather/find,weather/find,True,0.9369,False,False,False,{'location': 'Nicodemus-та | аның тирәсендәге'},"{'location': 'Nicodemus-та', 'datetime': 'таның тирәсендәге'}"
test_409,Phinally Phamous дип аталган уен эзлә,SearchCreativeWork,PlayMusic,False,0.9498,False,False,False,"{'object_name': 'Phinally Phamous', 'object_type': 'уен'}","{'artist': 'Phinally Phamous', 'music_item': 'уен'}"
test_410,Juneteenth-га 2 балл куй .,RateBook,RateBook,True,0.9563,False,False,False,"{'object_name': 'Juneteenth-га', 'rating_value': '2'}","{'object_name': 'Juneteenth-', 'rating_value': '2', 'rating_unit': 'балл'}"
test_411,Rhialto the Marvellous-га нуль йолдыз бир,RateBook,PlayMusic,False,0.903,False,False,False,"{'object_name': 'Rhialto the Marvellous-га', 'rating_value': 'нуль', 'rating_unit': 'йолдыз'}","{'artist': 'Rhialto the Marvellous', 'music_item': 'йол', 'datetime': 'нуль йолдыз'}"
test_412,Мин Хелена Ирен Михаэльсенның Youtube-та саундтрегын ишетергә телим,PlayMusic,PlayMusic,True,0.9458,False,False,False,"{'artist': 'Мин Хелена Ирен', 'service': 'Youtube-та', 'music_item': 'саундтрегын'}","{'artist': ' Helena Irene Michaelsen', 'service': 'YouTube'}"
test_413,5 кешегә 20/01/2023 MH-да өстәл броньла,BookRestaurant,BookRestaurant,True,0.9464,False,False,False,"{'party_size_number': '5', 'datetime': '20/01/2023', 'location': 'MH-да'}","{'datetime': '20/01/2023 MH-да', 'party_size_number': '5', 'sort': '', 'restaurant_type': '', 'cuisine': '', 'location': 'MH-да', 'party_size_description': '20 кешегә'}"
test_414,якындагы анимация фильмнары сессияләре расписаниесе,SearchScreeningEvent,SearchScreeningEvent,True,0.9492,False,False,False,"{'location': 'якындагы', 'movie_type': 'анимация фильмнары', 'object_type': 'сессияләре расписаниесе'}","{'datetime': 'якындагы', 'object_location_type': 'кинотеатрда', 'object_type': 'расписаниесе'}"
test_415,Минем This Is Shakira плейлистымна jack white-ны өстә,AddToPlaylist,AddToPlaylist,True,0.9699,False,False,False,"{'reference': 'Минем', 'playlist': 'This Is Shakira', 'artist': 'jack white-ны'}","{'artist': 'jack white-', 'music_item': 'артистны', 'playlist': 'This Is Shakira', 'reference': 'плейлистымна'}"
test_416,Мин Шри-Ланкада биш кешегә ресторан броньларга телим .,BookRestaurant,BookRestaurant,True,0.9158,False,False,False,"{'location': 'Шри-Ланкада', 'party_size_number': 'биш', 'restaurant_type': 'ресторан'}","{'datetime': 'мин', 'location': 'Шри-Ланка', 'party_size_number': 'биш', 'restaurant_type': 'ресторан броньларга'}"
test_417,"Зинһар, Episodi di The Blacklist телевизион тапшыруын таб .",SearchCreativeWork,SearchCreativeWork,True,0.9621,False,False,False,"{'object_name': 'Episodi di The Blacklist', 'object_type': 'телевизион тапшыруын'}","{'object_name': 'Episodi di The Blacklist', 'object_type': 'телевизион тапшыруы'}"
test_418,монда Law Day-нән башлап салкын һава торышы нинди,weather/find,weather/find,True,0.8847,False,False,True,"{'location': 'монда', 'datetime': 'Law Day-нән', 'condition_temperature': 'салкын'}","{'datetime': 'салкын', 'condition_attribute': 'нинди'}"
test_419,Мин ун кешелек өстәленә ресторанда заказ бирергә телим.,BookRestaurant,BookRestaurant,True,0.8671,False,False,False,"{'party_size_number': 'ун', 'restaurant_type': 'ресторанда'}","{'datetime': 'ун кешелек өстәленә', 'party_size_number': 'уна', 'sort': 'бирергә телим'}"
test_420,Җитмешенче еллардагы Дюк Эллингтоннан берәр нәрсә уйна,PlayMusic,PlayMusic,True,0.977,False,False,False,"{'datetime': 'Җитмешенче', 'artist': 'Дюк Эллингтоннан'}","{'artist': 'Дюк Эллингтон', 'reference': 'Җитмешенче еллардагы'}"
test_421,Cotton Comes to Harlem-ны 2-гә бәялә,RateBook,AddToPlaylist,False,0.9384,False,False,False,"{'object_name': 'Cotton Comes to Harlem-ны', 'rating_value': '2-гә'}","{'artist': '-', 'entity_name': 'Cotton Comes to Harlem', 'music_item': 'альбомны', 'playlist': '2-гә бәялә', 'reference': 'плейлистымга'}"
test_422,Җырны минем madden nfl 16 плейлистымна өстә,AddToPlaylist,AddToPlaylist,True,0.9322,False,False,False,"{'reference': 'минем', 'playlist': 'madden nfl 16', 'music_item': 'плейлистымна'}","{'artist': 'minem', 'music_item': 'плейлистымна', 'playlist': 'madden nfl 16', 'reference': 'плейлистымна'}"
test_423,Toyan-ны минем Epic Gaming плейлистымна өстә.,AddToPlaylist,AddToPlaylist,True,0.9533,False,False,False,"{'artist': 'Toyan-ны', 'reference': 'минем', 'playlist': 'Epic Gaming'}","{'artist': 'Toyan', 'music_item': 'минем', 'playlist': 'Epic Gaming', 'reference': 'плейлистымна'}"
test_424,Slacker-да ниндидер яңа Les Vandyke уйнат,PlayMusic,PlayMusic,True,0.907,False,False,False,"{'service': 'Slacker-да', 'sort': 'яңа', 'artist': 'Les Vandyke'}","{'artist': 'Slacker-да', 'music_item': 'ниндидер яңа', 'service': 'Slacker'}"
test_425,Three Junes-га 6-дан берге бәялә,RateBook,AddToPlaylist,False,0.958,False,False,False,"{'object_name': 'Three Junes-га', 'best_rating': '6-дан', 'rating_value': 'берге'}","{'artist': 'Three Junes', 'entity_name': '6-дан берге бәялә', 'playlist': 'Three Junes'}"
test_426,Nunez пекарнясында тугыз кешегә өстәл заказ ит,BookRestaurant,BookRestaurant,True,0.9117,False,False,False,"{'location': 'Nunez', 'restaurant_type': 'пекарнясында', 'party_size_number': 'тугыз'}","{'datetime': 'тугыз кешегә', 'party_size_number': 'өстәл', 'sort': 'тугуш кешеге', 'restaurant_type': 'пекарня', 'location': 'Nunez пекарнясында'}"
test_427,Бу агымдагы романны 6-дан икеге бәялә .,RateBook,BookRestaurant,False,0.9248,False,False,False,"{'object_select': 'Бу агымдагы', 'object_type': 'романны', 'best_rating': '6-дан', 'rating_value': 'икеге'}","{'datetime': 'бу агымдагы', 'party_size_number': '6', 'sort': 'бәялә'}"
test_428,Ронни Вудның The Happy Blues-ны уйнат .,PlayMusic,PlayMusic,True,0.9598,False,False,True,"{'artist': 'Ронни Вудның', 'album': 'The Happy Blues-ны'}","{'artist': 'Ronnie Wood', 'music_item': 'The Happy Blues'}"
test_429,2013 елгы симфонияне уйнат .,PlayMusic,PlayMusic,True,0.925,False,False,False,"{'datetime': '2013 елгы', 'music_item': 'симфонияне'}","{'artist': '2013 елгы', 'datetime': 'симфонияне уйнат'}"
test_430,Jennifer Paull-ның Subconscious Lobotomy-ны уйнат .,PlayMusic,PlayMusic,True,0.9843,False,False,True,"{'artist': 'Jennifer Paull-ның', 'album': 'Subconscious Lobotomy-ны'}","{'artist': 'Jennifer Paull-', 'music_item': 'Subconscious Lobotomy'}"
test_431,The Crystal Snare-га 5 йолдыз бир,RateBook,AddToPlaylist,False,0.9392,False,False,False,"{'object_name': 'The Crystal Snare-га', 'rating_value': '5', 'rating_unit': 'йолдыз'}","{'artist': 'The Crystal Snare-', 'entity_name': '5 йол', 'playlist': 'The Crystal Snare-га'}"
test_432,Бу дәреслеккә нуль йолдыз куй,RateBook,alarm/set_alarm,False,0.9268,False,False,False,"{'object_select': 'Бу', 'object_type': 'дәреслеккә', 'rating_value': 'нуль', 'rating_unit': 'йолдыз'}",{'datetime': 'бу дәреслеккә нуль йолдыз куй'}
test_433,Агымдагы серияне 4 баллга бәялә,RateBook,RateBook,True,0.9609,False,False,True,"{'object_select': 'Агымдагы', 'object_part_of_series_type': 'серияне', 'rating_value': '4', 'rating_unit': 'баллга'}","{'object_name': 'Агымдагы серияне', 'object_type': 'книга', 'rating_value': '4', 'rating_unit': 'балл'}"
test_434,Мин Urbank California-да James D. Conrey House-да өстәл телим,BookRestaurant,BookRestaurant,True,0.9478,False,False,True,"{'location': 'Urbank | California-да', 'restaurant_name': 'James D. Conrey House-да'}","{'datetime': 'Мин', 'location': 'Urbank California-да'}"
test_435,Babar: King of the Elephants уйнымы,SearchScreeningEvent,SearchCreativeWork,False,0.9963,False,False,False,{'movie_name': 'Babar: King of the Elephants'},{'object_name': 'Babar: King of the Elephants'}
test_436,this is racionais mc's-га җырны өстә,AddToPlaylist,AddToPlaylist,True,0.9713,False,False,False,"{'playlist': ""this is racionais mc's-га"", 'music_item': 'җырны'}","{'artist': ""racionais mc's"", 'entity_name': 'җырны', 'playlist': 'өстә'}"
test_437,Хәзерге эссега 6-дан нуль йолдыз куй,RateBook,alarm/set_alarm,False,0.9537,False,False,False,"{'object_select': 'Хәзерге', 'object_type': 'эссега', 'best_rating': '6-дан', 'rating_value': 'нуль', 'rating_unit': 'йолдыз'}","{'reference': 'эссега', 'datetime': '6-дан нуль йолдыз куй'}"
test_438,Әйдә Эндрю Хьюиттан берәр нәрсә тыңлыйк .,PlayMusic,PlayMusic,True,0.9707,False,False,False,{'artist': 'Эндрю Хьюиттан'},"{'artist': 'Әйдә Эндрю Хьюиттан', 'datetime': 'берәр нәрсә'}"
test_439,Якында анимация фильмнарын таб,SearchScreeningEvent,SearchCreativeWork,False,0.9533,False,False,False,"{'location': 'Якында', 'movie_type': 'анимация фильмнарын'}","{'datetime': 'Якында', 'object_type': 'анимация фильмнарын'}"
test_440,хәзерге хроникага 6-дан биш балл бир,RateBook,RateBook,True,0.9568,False,False,True,"{'object_select': 'хәзерге', 'object_part_of_series_type': 'хроникага', 'best_rating': '6-дан', 'rating_value': 'биш', 'rating_unit': 'балл'}","{'object_name': 'хроникага', 'rating_value': '6-дан биш', 'rating_unit': 'балл'}"
test_441,Миңа Settha Palace Hotel-да Saint Helena-да 4 кешелек өстәл кирәк,BookRestaurant,BookRestaurant,True,0.9603,False,False,True,"{'restaurant_name': 'Settha Palace Hotel-да', 'location': 'Saint Helena-да', 'party_size_number': '4 кешелек'}","{'datetime': 'миңа', 'party_size_number': '4', 'location': 'Settha Palace Hotel-да', 'restaurant_type': 'өстәл кирәк'}"
test_442,Изге Патрик көнендә Вирджинияда һава торышы нинди булыр ?,weather/find,weather/find,True,0.978,False,False,False,"{'datetime': 'Изге Патрик көнендә', 'location': 'Вирджинияда'}","{'datetime': 'Изге Патрик көнендә', 'location': 'Вирджинияда'}"
test_443,Миңа Speakeasy Theaters киноның вакыт исемлеге кирәк,SearchScreeningEvent,SearchScreeningEvent,True,0.9159,False,False,False,"{'location': 'Speakeasy Theaters', 'object_type': 'киноның вакыт'}","{'datetime': 'миңа', 'object_location_type': 'вакыт исемлеге', 'object_type': 'кино'}"
test_444,Meet the Prince телевизион тапшыруын эзлә,SearchCreativeWork,SearchCreativeWork,True,0.9761,False,False,False,"{'object_name': 'Meet the Prince', 'object_type': 'телевизион тапшыруын'}","{'object_name': 'Meet the Prince', 'object_type': 'телевизион тапшыруы'}"
test_445,"Зинһар, миңа Compulsive Disclosure җырын бир .",SearchCreativeWork,reminder/set_reminder,False,0.9469,False,False,False,"{'object_name': 'Compulsive Disclosure', 'object_type': 'җырын'}","{'datetime': 'миңа', 'reminder/todo': 'җырын бир'}"
test_446,Zvooq-та Trance Life-ны уйнат .,PlayMusic,PlayMusic,True,0.9772,False,False,False,"{'service': 'Zvooq-та', 'playlist': 'Trance Life-ны'}","{'artist': 'Trance Life', 'service': 'Zvooq'}"
test_447,"Зинһар, миңа Serious Awesomeness ! эшен таб.",SearchCreativeWork,reminder/set_reminder,False,0.9121,False,False,False,{'object_name': 'Serious Awesomeness'},"{'datetime': 'Зинһар, миңа'}"
test_448,мин кинотеатрда I Dream of Jeanie-ны карарга телим,SearchScreeningEvent,PlayMusic,False,0.9388,False,False,True,"{'object_location_type': 'кинотеатрда', 'movie_name': 'I Dream of Jeanie-ны'}","{'music_item': 'I Dream of Jeanie-', 'service': 'Google Music'}"
test_449,Пол Маккартни уйнат,PlayMusic,PlayMusic,True,0.9823,False,False,False,{'artist': 'Пол Маккартни'},{'artist': 'Пол Маккартни'}
test_450,Хәзерге романны 3 йолдызга бәялә,RateBook,BookRestaurant,False,0.9118,False,False,False,"{'object_select': 'Хәзерге', 'object_type': 'романны', 'rating_value': '3', 'rating_unit': 'йолдызга'}","{'datetime': 'хәзерге', 'party_size_number': '3', 'sort': 'йолызга бәялә'}"
test_451,Paris - When It Sizzles китабын таба аласызмы ?,SearchCreativeWork,BookRestaurant,False,0.942,False,False,False,"{'object_name': 'Paris - When It Sizzles', 'object_type': 'китабын'}","{'datetime': '', 'party_size_number': '', 'sort': '', 'restaurant_type': '', 'cuisine': '', 'location': 'Paris - When It Sizzles', 'restaurant_name': '', 'object_type': 'китабын'}"
test_452,Филипп Киркоровның җитмешенче еллар пьесасын уйнат,PlayMusic,PlayMusic,True,0.9536,False,False,False,"{'artist': 'Филипп Киркоровның', 'datetime': 'җитмешенче'}","{'artist': 'Филипп Киркоровның', 'music_item': 'җитмешенче еллар'}"
test_453,Киләсе елда мин Пенни янындагы bougatsa ресторанын өч кешегә броньларга телим.,BookRestaurant,BookRestaurant,True,0.9286,False,False,True,"{'datetime': 'Киләсе елда', 'location': 'Пенни | янындагы', 'cuisine': 'bougatsa', 'restaurant_type': 'ресторанын', 'party_size_number': 'өч'}","{'datetime': 'киләсе елда', 'party_size_number': 'мин', 'sort': 'өч кешегә', 'restaurant_type': 'рестораны', 'cuisine': 'bougatsa', 'location': 'Пенни янында'}"
test_454,Тенинода яңгырлар булырмы ?,weather/find,none,False,0.7936,True,False,True,"{'location': 'Тенинода', 'condition_description': 'яңгырлар'}",{}
test_455,"Зинһар, Three Essays on the Theory of Sexuality шоусын эзлә .",SearchCreativeWork,PlayMusic,False,0.9245,False,False,False,"{'object_name': 'Three Essays on the Theory of Sexuality', 'object_type': 'шоусын'}","{'artist': 'Three Essays on the Theory of Sexuality', 'datetime': 'Зинһар'}"
test_456,Мин Рамонда ашарга телим,BookRestaurant,PlayMusic,False,0.9696,False,False,False,{'location': 'Рамонда'},{'artist': 'Рамонда'}
test_457,Emo Forever плейлистына boy george трегын өстә.,AddToPlaylist,AddToPlaylist,True,0.9887,False,False,False,"{'playlist': 'Emo Forever', 'artist': 'boy george', 'music_item': 'трегын'}","{'artist': 'boy george', 'music_item': 'трегын', 'playlist': 'Emo Forever', 'reference': 'плейлистына'}"
test_458,Vimy Ridge-да стейк-хаус заказ итәргә телим .,BookRestaurant,BookRestaurant,True,0.9439,False,False,False,"{'location': 'Vimy Ridge-да', 'restaurant_type': 'стейк-хаус'}","{'datetime': 'Vimy Ridge-да', 'party_size_number': 'стейк-хаус', 'restaurant_type': 'стейк-хаус', 'location': 'Vimy Ridge-да'}"
test_459,Without Witness егерме ике  сәгатьтән соң уйнаячакмы,SearchScreeningEvent,reminder/set_reminder,False,0.954,False,False,False,"{'movie_name': 'Without Witness', 'datetime': 'егерме ике сәгатьтән соң'}",{'datetime': 'егерме ике сәгатьтән соң'}
test_460,9 кешегә урын броньла,BookRestaurant,BookRestaurant,True,0.9714,False,False,False,{'party_size_number': '9'},"{'datetime': '9 кешегә', 'party_size_number': 'урын'}"
test_461,бу трекны минем Hands Up плейлистына өстә,AddToPlaylist,AddToPlaylist,True,0.9567,False,False,False,"{'music_item': 'трекны', 'reference': 'минем', 'playlist': 'Hands Up'}","{'artist': 'Не указано', 'music_item': 'трек', 'playlist': 'Hands Up', 'reference': 'плейлистына'}"
test_462,90s Pop Rock Essentials-тан берәр нәрсә уйнат,PlayMusic,PlayMusic,True,0.9123,False,False,False,{'playlist': '90s Pop Rock Essentials-тан'},"{'sort': 'берәр нәрсә', 'music_item': 'уайнат', 'service': '90s Pop Rock Essentials-тан'}"
test_463,Син миңа Blue Spring трейлерын таба аласыңмы ?,SearchCreativeWork,PlayMusic,False,0.9189,False,False,False,"{'object_name': 'Blue Spring', 'object_type': 'трейлерын'}","{'datetime': 'син миңа', 'music_item': 'трейлерын', 'service': 'Google Music'}"
test_464,36 Children-га 6-дан ике йолдыз куй,RateBook,alarm/set_alarm,False,0.9201,False,False,False,"{'object_name': '36 Children-га', 'best_rating': '6-дан', 'rating_value': 'ике', 'rating_unit': 'йолдыз'}","{'datetime': '36 Children-га', 'reference': '6-дан ике йолдыз куй'}"
test_465,Мин MJR театрында анимацион фильмнарны телим,SearchScreeningEvent,PlayMusic,False,0.9202,False,False,False,"{'location': 'MJR театрында', 'movie_type': 'анимацион фильмнарны'}","{'music_item': 'анимацион фильмнарны', 'service': 'Мин'}"
test_466,Sexy as Folk плейлистына башкаручы mike-ны өстә.,AddToPlaylist,AddToPlaylist,True,0.9646,False,False,False,"{'playlist': 'Sexy as Folk', 'music_item': 'башкаручы', 'artist': 'mike-ны'}","{'artist': 'mike', 'music_item': 'артистны', 'playlist': 'Sexy as Folk', 'reference': 'плейлистына'}"
test_467,минем this is al green плейлистына Highway Patrolman өстә,AddToPlaylist,AddToPlaylist,True,0.9443,False,False,False,"{'reference': 'минем', 'playlist': 'this is al green', 'entity_name': 'Highway Patrolman'}","{'artist': 'This is Al Green', 'entity_name': 'Highway Patrolman', 'playlist': 'minem this is al green', 'reference': 'плейлистына'}"
test_468,Миңа To Lose My Life исемле романны таб …,SearchCreativeWork,BookRestaurant,False,0.9374,False,False,False,"{'object_name': 'To Lose My Life', 'object_type': 'романны'}","{'datetime': 'миңа', 'party_size_number': 'исемле', 'restaurant_type': 'роман'}"
test_469,бу альбомны 5-кә бәялә,RateBook,PlayMusic,False,0.9605,False,False,False,"{'object_select': 'бу', 'object_type': 'альбомны', 'rating_value': '5-кә'}","{'sort': '5-кә бәялә', 'music_item': 'альбомны'}"
test_470,Төшке ашта якындагы кинотеатрда Rare Birds күрсәтеләчәк .,SearchScreeningEvent,SearchScreeningEvent,True,0.9485,False,False,True,"{'datetime': 'Төшке ашта', 'location': 'якындагы', 'object_location_type': 'кинотеатрда', 'movie_name': 'Rare Birds'}","{'datetime': 'Төшке ашта', 'location': ' yakындагы кинотеатрда', 'movie_name': 'Rare Birds'}"
test_471,The 8-Week Cholesterol Cure-га 6-дан өчкә бәялә .,RateBook,BookRestaurant,False,0.9192,False,False,False,"{'object_name': 'The 8-Week Cholesterol Cure-га', 'best_rating': '6-дан', 'rating_value': 'өчкә'}","{'datetime': '6-дан', 'party_size_number': 'өчкә', 'sort': 'бәялә', 'restaurant_type': 'The 8-Week Cholesterol Cure-', 'object_type': 'плейлистымга'}"
test_472,Martin barre-ны минем punk unplugged плейлистыма өстә.,AddToPlaylist,AddToPlaylist,True,0.9536,False,False,False,"{'artist': 'Martin barre-ны', 'reference': 'минем', 'playlist': 'punk unplugged'}","{'artist': 'Martin barre', 'music_item': 'плейлистыма', 'playlist': 'минем punk unplugged', 'reference': 'плейлисты'}"
test_473,хәзерге романны 6-дан нульгә бәялә,RateBook,BookRestaurant,False,0.9622,False,False,False,"{'object_select': 'хәзерге', 'object_type': 'романны', 'best_rating': '6-дан', 'rating_value': 'нульгә'}","{'datetime': 'хәзерге', 'party_size_number': '6', 'sort': 'нульгә бәялә'}"
test_474,Минем кинотеатрда The Young Swordsman нинди вакытта барачак ?,SearchScreeningEvent,SearchScreeningEvent,True,0.9469,False,False,True,"{'object_location_type': 'кинотеатрда', 'movie_name': 'The Young Swordsman', 'object_type': 'вакытта'}","{'datetime': 'минем', 'movie_name': 'The Young Swordsman'}"
test_475,Тирә-юньдә нинди фильмнар күрсәтеләр,SearchScreeningEvent,SearchCreativeWork,False,0.9714,False,False,False,"{'location': 'Тирә-юньдә', 'movie_type': 'фильмнар'}",{'datetime': 'Тирә-юньдә'}
test_476,Мин North City-дәге Oregon Electric Station броньларга телим .,BookRestaurant,BookRestaurant,True,0.9323,False,False,True,"{'location': 'North City-дәге', 'restaurant_name': 'Oregon Electric Station'}","{'datetime': '', 'party_size_number': '', 'sort': '', 'restaurant_type': '', 'cuisine': '', 'location': 'North City-дә', 'party_size_description': 'броньларга телим', 'restaurant_name': ''}"
test_477,монда төнге сәгать икедә һава торышы нинди,weather/find,weather/find,True,0.9581,False,False,False,"{'location': 'монда', 'datetime': 'төнге сәгать икедә'}","{'datetime': 'төнге сәгать', 'location': 'монда'}"
test_478,Wanda Group-ның фильм кестесін таб .,SearchScreeningEvent,SearchCreativeWork,False,0.9709,False,False,False,"{'location': 'Wanda Group-ның', 'object_type': 'фильм кестесін'}","{'object_name': 'Wanda Group-ның фильм кестесі', 'object_type': 'фильм кестесі'}"
test_479,Самоада Ваурикада нинди һава торышы,weather/find,weather/find,True,0.9495,False,False,False,{'location': 'Самоада | Ваурикада'},"{'location': 'Самоада Ваурикада', 'datetime': 'самоада'}"
test_480,Тирә-яктагы фильмнар расписаниесен күрсәт,SearchScreeningEvent,SearchScreeningEvent,True,0.9525,False,False,False,"{'location': 'Тирә-яктагы', 'object_type': 'фильмнар расписаниесен'}","{'datetime': 'Тирә-яктагы', 'object_location_type': 'фильмнар', 'object_type': 'расписаниесен'}"
test_481,Blues britânico уйнат .,PlayMusic,PlayMusic,True,0.9735,False,False,True,{'genre': 'Blues britânico'},{'artist': 'Blues britânico'}
test_482,AMC Theaters-да No Time to Be Young күрсәтеләме,SearchScreeningEvent,SearchScreeningEvent,True,0.959,False,False,False,"{'location': 'AMC Theaters-да', 'movie_name': 'No Time to Be Young'}","{'movie_name': 'No Time to Be Young', 'object_location_type': 'AMC Theaters-да', 'location': 'No Time to Be Young күрсәтеләме'}"
test_483,"Зинһар, миңа Монти Пайтон Голливудта эзлә һәм таб .",SearchCreativeWork,reminder/set_reminder,False,0.9747,False,False,False,{'object_name': 'Монти Пайтон Голливудта'},"{'datetime': 'миңа', 'reminder/todo': 'Монти Пайтон Голливудта эзлә һәм таб'}"
test_484,кичке бишкә монда буран аркасында һава торышы нинди,weather/find,weather/find,True,0.9678,False,False,True,"{'datetime': 'кичке бишкә', 'location': 'монда', 'condition_description': 'буран'}","{'location': 'кичке бишкә монда буран аркасында', 'datetime': 'нинди'}"
test_485,Ирландия балалар евровидениеда 2015 минем Jazzy Dinner плейлистына өстә,AddToPlaylist,AddToPlaylist,True,0.9506,False,False,False,"{'entity_name': 'Ирландия балалар евровидениеда 2015', 'reference': 'минем', 'playlist': 'Jazzy Dinner'}","{'artist': 'Ирландия балалар', 'music_item': 'евровидениеда', 'playlist': 'Jazzy Dinner', 'reference': 'плейлистына'}"
test_486,Indie Hipster-га җырны өстә,AddToPlaylist,AddToPlaylist,True,0.9368,False,False,False,"{'playlist': 'Indie Hipster-га', 'music_item': 'җырны'}","{'artist': 'Indie Hipster', 'music_item': 'өстә', 'playlist': 'None specified', 'reference': 'плейлистымга'}"
test_487,Син миңа National Anthem of the Ancient Britons телевизион тапшыруын таба аласыңмы ?,SearchCreativeWork,SearchCreativeWork,True,0.9675,False,False,False,"{'object_name': 'National Anthem of the Ancient Britons', 'object_type': 'телевизион тапшыруын'}","{'datetime': 'Син миңа', 'object_name': 'National Anthem of the Ancient Britons', 'object_type': 'тапшыруын'}"
test_488,"travelling плейлистына зинһар, бу Дэвид Гаан җырын өстә .",AddToPlaylist,AddToPlaylist,True,0.9856,False,False,False,"{'playlist': 'travelling', 'artist': 'Дэвид Гаан', 'music_item': 'җырын'}","{'artist': 'Дэвид Гаан', 'music_item': 'җырын', 'playlist': 'travelling', 'reference': 'плейлистына'}"
test_489,Мин аларны Murcof рәссамнан ишетергә телим,PlayMusic,PlayMusic,True,0.9743,False,False,False,"{'music_item': 'аларны', 'artist': 'Murcof'}",{'artist': 'Murcof'}
test_490,The Gift: Imagination and the Erotic Life of Property-ны биш йолдызга бәялә,RateBook,BookRestaurant,False,0.8628,False,False,False,"{'object_name': 'The Gift: Imagination and the Erotic Life of Property-ны', 'rating_value': 'биш', 'rating_unit': 'йолдызга'}","{'datetime': 'bish йолы', 'party_size_number': 'бәялә', 'sort': 'урагы бәяләнген', 'restaurant_type': 'тиз ашамлыклар', 'cuisine': 'урагы бәяләнген', 'location': 'The Gift: Imagination and the Erotic Life of Property-ны'}"
test_491,Миңа Baby Blue дип аталган телевизион тапшыруны таб,SearchCreativeWork,SearchCreativeWork,True,0.9511,False,False,False,"{'object_name': 'Baby Blue', 'object_type': 'телевизион тапшыруны'}","{'datetime': 'миңа', 'object_name': 'Baby Blue дип аталган телевизион тапшыруны', 'object_type': 'телевизион тапшыру'}"
test_492,The Girl Who Was Plugged In китабын эзлә,SearchCreativeWork,RateBook,False,0.9785,False,False,False,"{'object_name': 'The Girl Who Was Plugged In', 'object_type': 'китабын'}","{'object_name': 'The Girl Who Was Plugged In', 'object_type': 'китабын'}"
test_493,филлис уордка һәм вероникага 152 көннән соң ресторанда өстәл кирәк,BookRestaurant,BookRestaurant,True,0.967,False,False,True,"{'party_size_description': 'филлис уордка һәм вероникага', 'datetime': '152 көннән соң', 'restaurant_type': 'ресторанда'}","{'datetime': '152 көннән соң', 'party_size_number': 'филлис уордка һәм вероникага', 'location': 'ресторанда'}"
test_494,5 кешелек танылган ресторанны броньла,BookRestaurant,BookRestaurant,True,0.9345,False,False,False,"{'party_size_number': '5', 'sort': 'танылган', 'restaurant_type': 'ресторанны'}","{'party_size_number': '5 кешелек', 'restaurant_type': 'ресторан'}"
test_495,"Бруклон янында The Dome, Edinburgh отеленда номерны броньла",BookRestaurant,BookRestaurant,True,0.9403,False,False,True,"{'location': 'Бруклон | янында', 'restaurant_name': 'The Dome, Edinburgh'}","{'datetime': '', 'facility': '', 'location': 'Бруклон янында The Dome, Edinburgh отеленда', 'party_size_description': '', 'party_size_number': '', 'restaurant_name': '', 'restaurant_type': '', 'served_dish': '', 'sort': ''}"
test_496,Бу альбомны Old School Death Metal-га өстә,AddToPlaylist,AddToPlaylist,True,0.9652,False,False,False,"{'music_item': 'альбомны', 'playlist': 'Old School Death Metal-га'}","{'artist': 'Не указано', 'music_item': 'альбомны', 'playlist': 'Old School Death Metal', 'reference': 'өстә'}"
test_497,Jersey Boys телесериалын эзлә,SearchCreativeWork,SearchCreativeWork,True,0.9732,False,False,False,"{'object_name': 'Jersey Boys', 'object_type': 'телесериалын'}","{'object_name': 'Jersey Boys', 'object_type': 'телесериалын'}"
test_498,Алты ай эчендә Танжер янындагы иң яхшы пабта тугыз кешегә өстәл броньла,BookRestaurant,BookRestaurant,True,0.9467,False,False,False,"{'datetime': 'Алты ай эчендә', 'location': 'Танжер | янындагы', 'sort': 'иң яхшы', 'restaurant_type': 'пабта', 'party_size_number': 'тугыз'}","{'datetime': 'Алты ай эчендә', 'party_size_number': 'алты', 'sort': 'яхшы', 'location': 'Танжер янындагы', 'restaurant_type': 'пабта'}"
test_499,Миңа Harkins Theatres-ында фильмларны күрсәт .,SearchScreeningEvent,SearchScreeningEvent,True,0.9806,False,False,False,"{'location': 'Harkins Theatres-ында', 'movie_type': 'фильмларны'}","{'datetime': 'миңа', 'location': 'Harkins Theatres-ында'}"
