id,text,true_intent,pred_intent,intent_correct,confidence,weak_by_conf,weak_intent_real,weak_slot_real,true_slots,pred_slots
test_1,барлык хәтерләтүләрне күрсәт,reminder/show_reminders,reminder/show_reminders,True,0.9647,False,False,False,{'reference': 'барлык'},{'reference': 'барлык'}
test_2,Миңа свитер кирәкме?,weather/find,weather/find,True,0.893,False,False,False,{'weather/attribute': 'свитер'},"{'datetime': 'миңа', 'location': 'kirәк'}"
test_3,Бүген сәгать ун алтыга хәтерләтүне өстә,reminder/set_reminder,reminder/set_reminder,True,0.9583,False,False,False,{'datetime': 'Бүген сәгать ун алтыга'},"{'datetime': 'bügen', 'reminder/todo': 'сәгать ун алтыга хәтерләтүне'}"
test_4,Минем хәтерләтүне бетер,reminder/cancel_reminder,reminder/set_reminder,False,0.9612,False,False,False,{'reference': 'Минем'},"{'datetime': 'минем хәтерләтүне', 'reminder/todo': 'бетер'}"
test_5,Миңа бензин салырга искә төшер.,reminder/set_reminder,reminder/set_reminder,True,0.9671,False,False,False,{'reminder/todo': 'бензин салырга'},"{'datetime': 'миңа', 'reminder/todo': 'бензин салырга искә төшер'}"
test_6,Чәршәмбе көнне миңа кул чатыры кирәкме?,weather/find,weather/find,True,0.9644,False,False,False,"{'datetime': 'Чәршәмбе', 'weather/attribute': 'кул чатыры'}","{'datetime': 'чәршәмбе көнне', 'location': 'миңа'}"
test_7,биш минуттан соң минем будильникны кабатла,alarm/snooze_alarm,alarm/show_alarms,False,0.9687,False,True,False,"{'datetime': 'биш минуттан', 'reference': 'минем'}",{'datetime': 'биш минуттан соң'}
test_8,максның туган көне турында искә төшеруне куй,reminder/set_reminder,alarm/set_alarm,False,0.9278,False,False,False,{'reminder/todo': 'максның туган көне турында искә төшеруне'},"{'datetime': 'максның туган көне турында', 'reference': 'iskә төшеруне'}"
test_9,Миңа барлык хәтерләтүләрне күрсәт,reminder/show_reminders,reminder/show_reminders,True,0.9344,False,False,False,{'reference': 'барлык'},{'datetime': 'миңа'}
test_10,Барлык будильникларны күрсәт.,alarm/show_alarms,alarm/show_alarms,True,0.9842,False,False,False,{'reference': 'Барлык'},{}
test_11,Бүген яңгыр явар микән?,weather/find,weather/find,True,0.9325,False,False,False,"{'datetime': 'Бүген', 'weather/attribute': 'яңгыр'}","{'datetime': 'бүген', 'location': 'яңгыр явар'}"
test_12,Будильникны иртәнге 8 куй,alarm/set_alarm,alarm/set_alarm,True,0.9588,False,False,False,{'datetime': 'иртәнге 8'},"{'reference': '', 'datetime': '8 куй'}"
test_13,Бүген температура нинди?,weather/find,weather/find,True,0.9281,False,False,False,"{'datetime': 'Бүген', 'weather/attribute': 'температура'}","{'datetime': 'бүген', 'location': 'не указано'}"
test_14,Минем хәтерләтүне күрсәт,reminder/show_reminders,reminder/show_reminders,True,0.9589,False,False,False,{'reference': 'Минем'},{}
test_15,Барлык будильникларны күрсәт,alarm/show_alarms,alarm/show_alarms,True,0.9821,False,False,False,{'reference': 'Барлык'},{}
test_16,Миңа Бен белән Джорджия турында сөйләшергә искә төшер,reminder/set_reminder,reminder/set_reminder,True,0.9331,False,False,False,{'reminder/todo': 'Бен белән Джорджия турында сөйләшергә'},"{'datetime': 'МИНА', 'reminder/todo': 'БЕН белән Джорджия турында сөйләшергә'}"
test_17,Будильникны иртәнге 5 куй,alarm/set_alarm,alarm/set_alarm,True,0.9507,False,False,False,{'datetime': 'иртәнге 5'},"{'reference': 'Будильникны', 'datetime': 'иртәнге 5'}"
test_18,бүген болытлымы,weather/find,weather/find,True,0.9471,False,False,False,"{'datetime': 'бүген', 'weather/attribute': 'болытлымы'}","{'datetime': 'бүген', 'location': 'болытлымы'}"
test_19,Бүген бездә ничә дюйм яңгыры явар?,weather/find,weather/find,True,0.9307,False,False,False,"{'datetime': 'Бүген', 'weather/attribute': 'дюйм яңгыры'}","{'datetime': 'бүген', 'location': 'без', 'weather/attribute': 'яңгыры явар'}"
test_20,Иртәгә минем апама шалтыратырга искә төшер,reminder/set_reminder,reminder/set_reminder,True,0.9486,False,False,False,"{'datetime': 'Иртәгә', 'reminder/todo': 'минем апама шалтыратырга'}","{'datetime': 'иртәгә минем', 'reminder/todo': 'апама шалтыратырга'}"
test_21,будильникны туктат,alarm/cancel_alarm,alarm/snooze_alarm,False,0.9617,False,False,False,{},"{'datetime': 'бу атнаның дүшәмбесеннән якшәмбесенә кадәр', 'reference': 'барлык'}"
test_22,Бу атнада кызу булырмы?,weather/find,weather/find,True,0.9322,False,False,False,"{'datetime': 'Бу атнада', 'weather/attribute': 'кызу'}","{'location': 'бу атнада', 'datetime': 'куны'}"
test_23,Будильникны көндезге 3 куй.,alarm/set_alarm,alarm/set_alarm,True,0.9397,False,False,False,{'datetime': 'көндезге 3'},{'datetime': 'көндезге 3'}
test_24,бүген кар явармы,weather/find,alarm/set_alarm,False,0.9182,False,False,False,"{'datetime': 'бүген', 'weather/attribute': 'кар'}",{'datetime': 'бүген'}
test_25,бөтен будильникларны бетер,alarm/cancel_alarm,alarm/show_alarms,False,0.9553,False,False,False,{'reference': 'бөтен'},{'datetime': 'бөтен'}
test_26,Минем хәтерләтүләрне күрсәт,reminder/show_reminders,reminder/show_reminders,True,0.9608,False,False,False,{'reference': 'Минем'},{}
test_27,Будильникка кадәр күпме вакыт калды,alarm/time_left_on_alarm,alarm/show_alarms,False,0.9208,False,True,False,{},{'datetime': 'кадәр'}
test_28,Минем нинди искә төшерүләрем бар?,reminder/show_reminders,reminder/show_reminders,True,0.9383,False,False,False,{'reference': 'Минем'},{}
test_29,Будильникны көн саен иртәнге 8 куй,alarm/set_alarm,alarm/set_alarm,True,0.9442,False,False,False,{'recurring_datetime': 'иртәнге 8'},"{'reference': 'Будильникны', 'datetime': 'көн саен иртәнге 8 куй'}"
test_30,син миңа будильникларны күрсәтә аласыңмы?,alarm/show_alarms,alarm/show_alarms,True,0.9868,False,False,False,{},{}
test_31,Бүген Диснейуорлдта буран булырмы?,weather/find,SearchCreativeWork,False,0.9316,False,False,False,"{'datetime': 'Бүген', 'location': 'Диснейуорлдта', 'weather/attribute': 'буран'}",{'object_type': 'фильм'}
test_32,бүген кар явырмы,weather/find,alarm/set_alarm,False,0.9235,False,False,False,"{'datetime': 'бүген', 'weather/attribute': 'кар'}",{'datetime': 'бүген'}
test_33,бөтен будильникларны күрсәт,alarm/show_alarms,alarm/show_alarms,True,0.9688,False,False,False,{'reference': 'бөтен'},{}
test_34,Бүген салкынмы?,weather/find,weather/find,True,0.9504,False,False,False,"{'datetime': 'Бүген', 'weather/attribute': 'салкынмы'}","{'datetime': 'бүген', 'location': 'салкын'}"
test_35,"Зинһар, пәнҗешәмбе иртәсеннән будильникны бетер.",alarm/cancel_alarm,alarm/set_alarm,False,0.9508,False,False,False,{'datetime': 'пәнҗешәмбе иртәсеннән'},"{'datetime': 'пәнҗешәмбе иртәсеннән', 'reference': 'будильник'}"
test_36,Бүген яңгыр явырмы?,weather/find,weather/find,True,0.9319,False,False,False,"{'datetime': 'Бүген', 'weather/attribute': 'яңгыр'}","{'datetime': 'бүген', 'location': 'яңгыр явыр'}"
test_37,канадада кар явамы,weather/find,weather/find,True,0.9642,False,False,False,"{'location': 'канадада', 'weather/attribute': 'кар явамы'}",{'location': 'канадада'}
test_38,Бүген нинди югары температура булачак?,weather/find,weather/find,True,0.9487,False,False,False,"{'datetime': 'Бүген', 'weather/attribute': 'югары температура'}","{'datetime': 'бүген', 'location': 'не указано', 'weather/attribute': 'температура'}"
test_39,"Төнлә шулкадәр кар яуса, сәяхәт куркыныч булырмы?",weather/find,weather/find,True,0.9326,False,False,False,"{'datetime': 'Төнлә', 'weather/attribute': 'кар яуса'}","{'location': 'Төнлә шулкадәр', 'datetime': 'кар яуса', 'weather/attribute': 'сәяхәт куркыныч'}"
test_40,бөтен хәтерләтүләрне күрсәт,reminder/show_reminders,reminder/show_reminders,True,0.9425,False,False,False,{'reference': 'бөтен'},{}
test_41,барлык хәтерләтүләрне бетер,reminder/cancel_reminder,reminder/show_reminders,False,0.9527,False,False,False,{'reference': 'барлык'},{'reference': 'барлык'}
test_42,миңа иртәгә куртка кирәкме?,weather/find,alarm/set_alarm,False,0.9224,False,False,False,"{'datetime': 'иртәгә', 'weather/attribute': 'куртка'}","{'datetime': 'миңа иртәгә', 'reference': 'куртка кирәк'}"
test_43,Будильникка кадәр күпме вакыт калды,alarm/time_left_on_alarm,alarm/show_alarms,False,0.9208,False,True,False,{},{'datetime': 'кадәр'}
test_44,Будильникны туктат,alarm/snooze_alarm,alarm/snooze_alarm,True,0.9622,False,True,False,{},"{'datetime': 'бу атнаның дүшәмбесеннән якшәмбесенә кадәр', 'reference': 'барлык'}"
test_45,Миңа барлык будильникларны күрсәт,alarm/show_alarms,alarm/show_alarms,True,0.9643,False,False,False,{'reference': 'барлык'},{'datetime': 'миңа'}
test_46,Йеллоустонда һава торышы нинди?,weather/find,weather/find,True,0.9528,False,False,False,{'location': 'Йеллоустонда'},"{'location': 'Йеллоустонда', 'datetime': 'нинди'}"
test_47,Бүген һава торышы нинди?,weather/find,weather/find,True,0.9374,False,False,False,{'datetime': 'Бүген'},"{'datetime': 'бүген', 'location': 'не указано'}"
test_48,Иртәгә Патрикны мәктәптән алырга минем искә төшерүдән алып бетер.,reminder/cancel_reminder,reminder/set_reminder,False,0.9762,False,False,False,"{'datetime': 'Иртәгә', 'reminder/todo': 'Патрикны мәктәптән алырга', 'reference': 'минем'}","{'datetime': 'иртәгә', 'reminder/todo': 'Патрикны мәктәптән алырга минем искә төшерүдән алып бетер'}"
test_49,Миңа иртәгә шул ук вакытта табибка язылырга искә төшер,reminder/set_reminder,reminder/set_reminder,True,0.9418,False,False,False,"{'datetime': 'иртәгә шул ук вакытта', 'reminder/todo': 'табибка язылырга'}","{'datetime': 'миңа иртәгә', 'reminder/todo': 'шиш табибка язылырга'}"
test_50,Миңа аренданы түләргә искә төшер,reminder/set_reminder,none,False,0.7888,True,False,False,{'reminder/todo': 'аренданы түләргә'},{}
test_51,яңгыр кайчан бетәчәк?,weather/find,weather/find,True,0.9435,False,False,False,{'weather/attribute': 'яңгыр'},"{'datetime': 'яңгыр кайчан', 'location': 'бетәчәк'}"
test_52,будильникларны бетер,alarm/cancel_alarm,alarm/show_alarms,False,0.9922,False,False,False,{},{}
test_53,Сишәмбе көнне миңа Стефанига шалтыратырга искә төшер,reminder/set_reminder,reminder/set_reminder,True,0.9177,False,False,False,"{'datetime': 'Сишәмбе көнне', 'reminder/todo': 'Стефанига шалтыратырга'}","{'datetime': 'сишәмбе көннән', 'reminder/todo': 'Шалтыратырга'}"
test_54,барлык минем уяткыч сәгатьләрне күрсәт,alarm/show_alarms,reminder/show_reminders,False,0.9511,False,False,False,{'reference': 'барлык минем'},{'reference': 'барлык'}
test_55,Бүген никадәр эссе булачак?,weather/find,SearchCreativeWork,False,0.9681,False,False,False,"{'datetime': 'Бүген', 'weather/attribute': 'эссе'}",{'object_type': 'эссе'}
test_56,будильникны бүген кичке 5 куй,alarm/set_alarm,alarm/modify_alarm,False,0.9244,False,False,False,{'datetime': 'бүген кичке 5'},{'datetime': 'бүген кичке 5'}
test_57,21-енче августта көндез 3-тә табибка барырга искә төшер,reminder/set_reminder,reminder/set_reminder,True,0.9658,False,False,False,"{'datetime': '21-енче августта көндез 3-тә', 'reminder/todo': 'табибка барырга'}","{'datetime': '21-енче августта', 'reminder/todo': 'көндез 3-тә табибка барырга'}"
test_58,көн саен иртәнге сәгать 7-дә дарулар эчәргә турында минем искә төшерүне бетер,reminder/cancel_reminder,alarm/set_alarm,False,0.9266,False,False,False,"{'recurring_datetime': 'көн саен иртәнге сәгать 7-дә', 'reminder/todo': 'дарулар эчәргә'}","{'reference': 'көн саен', 'datetime': '7-дә'}"
test_59,киләсе фараз яңгырны кайчан күрсәтә,weather/find,alarm/show_alarms,False,0.9332,False,False,False,{'weather/attribute': 'яңгырны'},{}
test_60,Иртәгә иртә белән минем будильнигым нинди вакытка куелган?,alarm/show_alarms,alarm/show_alarms,True,0.9513,False,False,False,"{'datetime': 'Иртәгә иртә', 'reference': 'минем'}",{'datetime': 'иртәгә'}
test_61,бүген кар явармы,weather/find,alarm/set_alarm,False,0.9182,False,False,False,"{'datetime': 'бүген', 'weather/attribute': 'кар'}",{'datetime': 'бүген'}
test_62,Минем будильнигымны сүндер.,alarm/cancel_alarm,alarm/cancel_alarm,True,0.9412,False,False,False,{'reference': 'Минем'},{'reference': 'минем будильнигымны'}
test_63,Барлык будильникларны бетер,alarm/cancel_alarm,alarm/show_alarms,False,0.9576,False,False,False,{'reference': 'Барлык'},{}
test_64,миңа продуктларны сатып алырга искә төшер,reminder/set_reminder,reminder/set_reminder,True,0.9848,False,False,False,{'reminder/todo': 'продуктларны сатып алырга'},"{'datetime': 'миңа', 'reminder/todo': 'продуктларны сатып алырга'}"
test_65,Миңа иртәнге сәгать 9-да иртәнге аш өчен будильник кирәк,alarm/set_alarm,alarm/set_alarm,True,0.8746,False,False,False,{'datetime': 'иртәнге сәгать 9-да'},"{'reference': '', 'datetime': 'биринчи сәгат', 'recurring_datetime': 'аш өчен'}"
test_66,уен башланганчы бер сәгать алдан Кольтларны карау турында искә төшерүне куй,reminder/set_reminder,alarm/set_alarm,False,0.9272,False,False,False,"{'datetime': 'уен башланганчы бер сәгать алдан', 'reminder/todo': 'Кольтларны карау'}","{'datetime': 'уен башланганчы бер сәгать', 'reminder/todo': 'искә төшерүне куй'}"
test_67,барлык будильникларны бетер,alarm/cancel_alarm,alarm/show_alarms,False,0.9222,False,False,False,{'reference': 'барлык'},{'datetime': 'бетер'}
test_68,Бу исемлектән минем өченче искә төшерүне бетер.,reminder/cancel_reminder,reminder/set_reminder,False,0.9408,False,False,False,{'reference': 'минем өченче'},"{'datetime': 'искә төшерүне', 'reminder/todo': 'бетер'}"
test_69,Будильникны иртәнге 6 куй,alarm/set_alarm,alarm/set_alarm,True,0.9444,False,False,False,{'datetime': 'иртәнге 6'},"{'reference': '', 'datetime': '6 куй'}"
test_70,Бу будильникны хәзердән көндезге 2-гә куй,alarm/cancel_alarm,alarm/modify_alarm,False,0.9425,False,False,False,"{'reference': 'Бу', 'datetime': 'хәзердән | көндезге 2-гә'}","{'reference': 'бу будильникны', 'datetime': '2-гә куй'}"
test_71,Кар булырмы?,weather/find,none,False,0.9862,False,False,False,{'weather/attribute': 'Кар'},{}
test_72,Миңа аренданы түләргә искә төшер.,reminder/set_reminder,none,False,0.8055,True,False,False,{'reminder/todo': 'аренданы түләргә'},{}
test_73,иртәгә нинди иң түбән температура,weather/find,weather/find,True,0.967,False,False,False,"{'datetime': 'иртәгә', 'weather/attribute': 'иң түбән'}","{'datetime': 'иртәгә', 'weather/attribute': 'температура'}"
test_74,Бүген кояшлы булырмы?,weather/find,weather/find,True,0.9074,False,False,False,"{'datetime': 'Бүген', 'weather/attribute': 'кояшлы'}","{'datetime': 'бүген', 'location': 'куояшлы'}"
test_75,Бүген минем ничә искә төшерүләрем бар?,reminder/show_reminders,weather/find,False,0.9342,False,False,False,{'datetime': 'Бүген'},"{'datetime': 'бүген', 'location': 'ничә'}"
test_76,Минем иртәгә нинди искә төшерүләрем бар?,reminder/show_reminders,reminder/show_reminders,True,0.9346,False,False,False,"{'reference': 'Минем', 'datetime': 'иртәгә'}",{'datetime': ''}
test_77,Минем барлык искә төшерүләремне бетер.,reminder/cancel_reminder,reminder/set_reminder,False,0.8844,False,False,False,{'reference': 'Минем барлык'},"{'datetime': 'минем', 'reminder/todo': 'биринчи искә төшерүләремне бетер'}"
test_78,будильникны иртәнге 6-га куй,alarm/set_alarm,alarm/set_alarm,True,0.9603,False,False,False,{'datetime': 'иртәнге 6-га'},"{'reference': 'будильникны', 'datetime': '6-га куй'}"
test_79,Будильникны 30 минутка куй,alarm/set_alarm,alarm/modify_alarm,False,0.954,False,False,False,{'datetime': '30 минутка'},{'datetime': '30 минутка куй'}
test_80,Будильникны бер сәгать алга куй.,alarm/set_alarm,alarm/set_alarm,True,0.9675,False,False,False,{'datetime': 'бер сәгать алга'},{'datetime': 'бер сәгать'}
test_81,барлык будильникларны бетер,alarm/cancel_alarm,alarm/show_alarms,False,0.9222,False,False,False,{'reference': 'барлык'},{'datetime': 'бетер'}
test_82,Лос-Анджелеста һава торышы,weather/find,weather/find,True,0.9793,False,False,False,{'location': 'Лос - Анджелеста'},{'location': 'Лос-Анджелеста'}
test_83,бөтен будильникларны бетер,alarm/cancel_alarm,alarm/show_alarms,False,0.9553,False,False,False,{'reference': 'бөтен'},{'datetime': 'бөтен'}
test_84,Бүген минем ничә искә төшерүләрем бар?,reminder/show_reminders,weather/find,False,0.9342,False,False,False,{'datetime': 'Бүген'},"{'datetime': 'бүген', 'location': 'ничә'}"
test_85,Миңа иртәгә кибеттә кәгазь сөлгеләр сатып алырга искә төшер,reminder/set_reminder,reminder/set_reminder,True,0.9418,False,False,False,"{'datetime': 'иртәгә', 'reminder/todo': 'кибеттә кәгазь сөлгеләр сатып алырга'}","{'datetime': 'миңа иртәгә кибеттә', 'reminder/todo': 'сатып алырга'}"
test_86,Миңа минем барлык искә төшерүләремне күрсәт,reminder/show_reminders,reminder/show_reminders,True,0.8908,False,False,False,{'reference': 'минем барлык'},{'datetime': 'МИНАМ'}
test_87,Будильникны иртәнге 6 куй,alarm/set_alarm,alarm/set_alarm,True,0.9444,False,False,False,{'datetime': 'иртәнге 6'},"{'reference': '', 'datetime': '6 куй'}"
test_88,иртәгә кар булырмы,weather/find,alarm/set_alarm,False,0.8981,False,False,False,"{'datetime': 'иртәгә', 'weather/attribute': 'кар'}","{'reference': 'иртәгә кар', 'datetime': 'кар булырмы'}"
test_89,иртәгә минем иртәнге будильникны бетер,alarm/cancel_alarm,alarm/set_alarm,False,0.9256,False,False,False,"{'datetime': 'иртәгә | иртәнге', 'reference': 'минем'}","{'reference': 'минем', 'datetime': 'иртәгә'}"
test_90,Дүшәмбе көнне төшке ашка будильникны куй.,alarm/set_alarm,alarm/set_alarm,True,0.9673,False,False,False,{'recurring_datetime': 'Дүшәмбе көнне төшке ашка'},{'datetime': 'дүшәмбе көнне төшке ашка'}
test_91,Бүген никадәр эссе булачак?,weather/find,SearchCreativeWork,False,0.9681,False,False,False,"{'datetime': 'Бүген', 'weather/attribute': 'эссе'}",{'object_type': 'эссе'}
test_92,иртәнге будильникларны куерга миңа искә төшер,reminder/set_reminder,alarm/set_alarm,False,0.9168,False,False,False,"{'datetime': 'иртәнге', 'reminder/todo': 'будильникларны куерга'}","{'reference': 'биринчи', 'datetime': 'иртәнге'}"
test_93,бөтен будильникларны бетер,alarm/cancel_alarm,alarm/show_alarms,False,0.9553,False,False,False,{'reference': 'бөтен'},{'datetime': 'бөтен'}
test_94,Минем будильникларымны күрсәт,alarm/show_alarms,alarm/show_alarms,True,0.9847,False,False,False,{'reference': 'Минем'},{}
test_95,будильникны сүндер,alarm/cancel_alarm,alarm/cancel_alarm,True,0.9712,False,False,False,{},{'reference': 'барлык'}
test_96,Бүген температура нинди?,weather/find,weather/find,True,0.9281,False,False,False,"{'datetime': 'Бүген', 'weather/attribute': 'температура'}","{'datetime': 'бүген', 'location': 'не указано'}"
test_97,будильникны сүндер,alarm/cancel_alarm,alarm/cancel_alarm,True,0.9712,False,False,False,{},{'reference': 'барлык'}
test_98,Барлык будильникларны күрсәт,alarm/show_alarms,alarm/show_alarms,True,0.9821,False,False,False,{'reference': 'Барлык'},{}
test_99,Будильникны 30 минут саен куй,alarm/set_alarm,alarm/modify_alarm,False,0.9379,False,False,False,{'recurring_datetime': '30 минут саен'},{'datetime': '30 минут саен'}
test_100,Бүген нинди температура булачак?,weather/find,weather/find,True,0.9389,False,False,False,"{'datetime': 'Бүген', 'weather/attribute': 'температура'}","{'datetime': 'бүген', 'location': 'не указано'}"
test_101,Бүген кызу булырмы?,weather/find,none,False,0.833,True,False,False,"{'datetime': 'Бүген', 'weather/attribute': 'кызу'}",{}
test_102,Иртәгә яңгыр булырмы?,weather/find,alarm/set_alarm,False,0.9639,False,False,False,"{'datetime': 'Иртәгә', 'weather/attribute': 'яңгыр'}",{'datetime': 'иртәгә яңгыр'}
test_103,Киләсе будильникны бетер,alarm/cancel_alarm,alarm/show_alarms,False,0.9439,False,False,False,{'reference': 'Киләсе'},{'datetime': 'бетер'}
test_104,Бүген кибеткә барырга искә төшер,reminder/set_reminder,reminder/set_reminder,True,0.8922,False,False,False,"{'datetime': 'Бүген', 'reminder/todo': 'кибеткә барырга'}","{'datetime': 'bügen', 'reminder/todo': 'биргән кибеткә барырга'}"
test_105,киләсе атнада минем искә төшерүләрне бетер,reminder/cancel_reminder,reminder/set_reminder,False,0.9804,False,False,False,"{'datetime': 'киләсе атнада', 'reference': 'минем'}","{'datetime': 'киләсе атнада', 'reminder/todo': 'минем искә төшерүләрне бетер'}"
test_106,миңа сишәмбе көнне көндезге сәгать 3-тә этне грумерга алып барырга исемә төшер,reminder/set_reminder,reminder/set_reminder,True,0.9726,False,False,False,"{'datetime': 'сишәмбе көнне көндезге сәгать 3-тә', 'reminder/todo': 'этне грумерга алып барырга'}","{'datetime': 'миңа сишәмбе көнне көндезге', 'reminder/todo': 'сәгать 3-тә этне грумерга алып барырга исемә төшер'}"
test_107,28-енче көнне Дженга годовщинага чәчәкләр сатып алырга исемә төшер.,reminder/set_reminder,reminder/set_reminder,True,0.966,False,False,False,"{'datetime': '28-енче көнне', 'reminder/todo': 'Дженга годовщинага чәчәкләр сатып алырга'}","{'datetime': '28-енче көнне', 'reminder/todo': 'Дженга годовщинага чәчәкләр сатып алырга'}"
test_108,Бүген һава торышы нинди?,weather/find,weather/find,True,0.9374,False,False,False,{'datetime': 'Бүген'},"{'datetime': 'бүген', 'location': 'не указано'}"
test_109,Иртәгә табибка язылырга миңа искә төшер.,reminder/set_reminder,reminder/set_reminder,True,0.9728,False,False,False,"{'datetime': 'Иртәгә', 'reminder/todo': 'табибка язылырга'}","{'datetime': 'Иртәгә табибка', 'reminder/todo': 'миңа искә төшер'}"
test_110,бөтен будильникларны сүндер,alarm/cancel_alarm,alarm/cancel_alarm,True,0.9934,False,False,False,{'reference': 'бөтен'},{'reference': 'бөтен'}
test_111,Мин үзем белән дождевикны алыйммы?,weather/find,weather/find,True,0.9176,False,False,False,{'weather/attribute': 'дождевикны'},{'location': 'Мин үзем белән'}
test_112,Начар һава торышы фаразы нинди?,weather/find,weather/find,True,0.9131,False,False,False,{'weather/attribute': 'Начар'},"{'datetime': 'начар', 'location': 'фаразы нинди'}"
test_113,киләсе атнада табибка язуым турында искә төшер,reminder/set_reminder,reminder/set_reminder,True,0.947,False,False,False,"{'datetime': 'киләсе атнада', 'reminder/todo': 'табибка язуым турында'}","{'datetime': 'киләсе атнада', 'reminder/todo': 'ясуым турында искә төшер'}"
test_114,иртәнге 8 кибеткә бару турында искә төшер,reminder/set_reminder,alarm/set_alarm,False,0.9247,False,False,False,"{'datetime': 'иртәнге 8', 'reminder/todo': 'кибеткә бару'}","{'reference': 'бару турында', 'datetime': 'иртәнге 8 кибеткә'}"
test_115,Химчисткага барырга искә төшерү яса.,reminder/set_reminder,reminder/set_reminder,True,0.9251,False,False,False,{'reminder/todo': 'Химчисткага барырга'},{'reminder/todo': 'яса химчисткага барырга'}
test_116,кайчан салкынрак булачак,weather/find,weather/find,True,0.9689,False,False,False,{'weather/attribute': 'салкынрак'},"{'datetime': 'кайчан', 'location': 'салкынрак', 'weather/attribute': 'температура'}"
test_117,бу атнада яңгыр булырмы,weather/find,weather/find,True,0.9731,False,False,False,"{'datetime': 'бу атнада', 'weather/attribute': 'яңгыр'}","{'location': 'бу атнада', 'datetime': 'яңгыр булырмы'}"
test_118,барлык будильникларны бетер,alarm/cancel_alarm,alarm/show_alarms,False,0.9222,False,False,False,{'reference': 'барлык'},{'datetime': 'бетер'}
test_119,будильникларны бетер,alarm/cancel_alarm,alarm/show_alarms,False,0.9922,False,False,False,{},{}
test_120,минем будильникларымны күрсәт,alarm/show_alarms,alarm/show_alarms,True,0.9821,False,False,False,{'reference': 'минем'},{}
test_121,Минем будильнигым кайсы вакытка куйган?,alarm/show_alarms,alarm/show_alarms,True,0.9763,False,False,False,{},{'datetime': 'минем'}
test_122,Шимбә көнне яңгыр булырмы?,weather/find,weather/find,True,0.9038,False,False,False,"{'datetime': 'Шимбә', 'weather/attribute': 'яңгыр'}","{'datetime': 'Шимбә көнне', 'location': 'бу'}"
test_123,бүген никадәр эссе булачак,weather/find,weather/find,True,0.9017,False,False,False,"{'datetime': 'бүген', 'weather/attribute': 'эссе'}","{'datetime': 'bügen', 'location': 'никадәр'}"
test_124,Барлык будильникларны бетер,alarm/cancel_alarm,alarm/show_alarms,False,0.9576,False,False,False,{'reference': 'Барлык'},{}
test_125,Бу ял көннәрендә Тахода һава торышы?,weather/find,weather/find,True,0.9312,False,False,False,"{'datetime': 'Бу ял көннәрендә', 'location': 'Тахода'}","{'datetime': 'бу ял', 'location': 'Тахода'}"
test_126,Миңа бүген пальто кирәкме?,weather/find,weather/find,True,0.9222,False,False,False,"{'datetime': 'бүген', 'weather/attribute': 'пальто'}","{'datetime': 'миңа бүген', 'location': 'пальто'}"
test_127,Яңгыр кайчан туктар?,weather/find,alarm/show_alarms,False,0.9652,False,False,False,{'weather/attribute': 'Яңгыр'},{}
test_128,Дүшәмбе көнне 16:00 сәгатьтә минем мәктәпкә шалтыратырга хәтерләтү куй,reminder/set_reminder,reminder/set_reminder,True,0.9467,False,False,False,"{'datetime': 'Дүшәмбе көнне 16:00 сәгатьтә', 'reminder/todo': 'минем мәктәпкә шалтыратырга'}","{'datetime': '16:00 сәгатьтә', 'reminder/todo': 'минем мәктәпкә шалтыратырга хәтерләтү'}"
test_129,Минем будильнигымны сүндер.,alarm/cancel_alarm,alarm/cancel_alarm,True,0.9412,False,False,False,{'reference': 'Минем'},{'reference': 'минем будильнигымны'}
test_130,Бүген кич никадәр салкын булыр?,weather/find,weather/find,True,0.9165,False,False,False,"{'datetime': 'Бүген кич', 'weather/attribute': 'салкын'}","{'datetime': 'бүген', 'location': 'кич никадәр салкын'}"
test_131,Будильникны иртәнге җидегә куй.,alarm/set_alarm,alarm/set_alarm,True,0.9454,False,False,False,{'datetime': 'иртәнге җидегә'},"{'reference': 'Будильникны', 'recurring_datetime': 'иртәнге җидегә', 'datetime': 'куй'}"
test_132,Минем Робны алу турында хәтерләтүемне бетер,reminder/cancel_reminder,reminder/set_reminder,False,0.9571,False,False,False,"{'reference': 'Минем', 'reminder/todo': 'Робны алу'}","{'datetime': 'минем', 'reminder/todo': 'Робны алу турында хәтерләтүемне бетер'}"
test_133,Иртәгә сөт сатып алу турында хәтерләтү яса.,reminder/set_reminder,reminder/set_reminder,True,0.9353,False,False,False,"{'datetime': 'Иртәгә', 'reminder/todo': 'сөт сатып алу'}","{'datetime': 'иртәгә сатып алу', 'reminder/todo': 'турында хәтерләтү'}"
test_134,Будильникны иртәнге 6 куй,alarm/set_alarm,alarm/set_alarm,True,0.9444,False,False,False,{'datetime': 'иртәнге 6'},"{'reference': '', 'datetime': '6 куй'}"
test_135,"көндәлек будильникны, аны бетергәнче, кичке җиде сәгать утыз минутка планлаштыр",alarm/set_alarm,alarm/set_alarm,True,0.9281,False,False,False,{'recurring_datetime': 'көндәлек | кичке җиде сәгать утыз минутка'},"{'reference': 'көндәлек будильник', 'datetime': 'бетергәнче', 'recurring_datetime': 'кичке җиде'}"
test_136,миңа торыр өчен будильникны куерга исемә төшер,reminder/set_reminder,alarm/set_alarm,False,0.9476,False,False,False,{'reminder/todo': 'торыр өчен будильникны куерга'},{'datetime': 'миңа торыр'}
test_137,Минем хәтерләтүне бетер,reminder/cancel_reminder,reminder/set_reminder,False,0.9612,False,False,False,{'reference': 'Минем'},"{'datetime': 'минем хәтерләтүне', 'reminder/todo': 'бетер'}"
test_138,Бүген кар булырмы?,weather/find,weather/find,True,0.9261,False,False,False,"{'datetime': 'Бүген', 'weather/attribute': 'кар'}","{'datetime': 'бүген', 'location': 'кар'}"
test_139,Миңа бөтен будильникларны күрсәт,alarm/show_alarms,alarm/show_alarms,True,0.9665,False,False,False,{'reference': 'бөтен'},{'datetime': 'миңа'}
test_140,бөтен хәтерләтүләрне күрсәт,reminder/show_reminders,reminder/show_reminders,True,0.9425,False,False,False,{'reference': 'бөтен'},{}
test_141,минем будильнигымда күпме вакыт калды,alarm/time_left_on_alarm,alarm/show_alarms,False,0.935,False,True,False,{'reference': 'минем'},{'datetime': 'минем'}
test_142,будильникны 2 сәгатькә куй,alarm/set_alarm,alarm/set_alarm,True,0.9561,False,False,False,{'datetime': '2 сәгатькә'},"{'reference': '', 'datetime': '2 сәгатькә'}"
test_143,Эштән соң икмәк сатып алырга исемә төшер,reminder/set_reminder,none,False,0.9199,True,False,False,"{'datetime': 'Эштән соң', 'reminder/todo': 'икмәк сатып алырга'}",{}
test_144,Бүген яңгыр булырмы?,weather/find,weather/find,True,0.8788,False,False,False,"{'datetime': 'Бүген', 'weather/attribute': 'яңгыр'}","{'datetime': 'бүген', 'location': 'яңгыр булырмандо'}"
test_145,бүгенге һава торышы фаразын укы,weather/find,weather/find,True,0.9512,False,False,False,{'datetime': 'бүгенге'},"{'datetime': 'бүгенге', 'location': 'фаразын укы'}"
test_146,Минем будильнигым нинди вакытка куелган?,alarm/show_alarms,alarm/show_alarms,True,0.9657,False,False,False,{'reference': 'Минем'},{'datetime': 'минем'}
test_147,иртәгә 4 миңа сәүдә үзәгенә барырга исемә төшер,reminder/set_reminder,reminder/set_reminder,True,0.9303,False,False,False,"{'datetime': 'иртәгә 4', 'reminder/todo': 'сәүдә үзәгенә барырга'}","{'recurring_datetime': 'иртәгә 4 миңа', 'datetime': 'сәүдә үзәгенә', 'reminder/todo': 'төшер'}"
test_148,бүген кул чатырны үзем белән алыйммы,weather/find,alarm/set_alarm,False,0.9105,False,False,False,"{'datetime': 'бүген', 'weather/attribute': 'кул чатырны'}","{'reference': 'бүген кул чатырны', 'datetime': 'үzem белән'}"
test_149,Минем хәтерләтүне күрсәт,reminder/show_reminders,reminder/show_reminders,True,0.9589,False,False,False,{'reference': 'Минем'},{}
test_150,Минем бөтен хәтерләтүләрне күрсәт,reminder/show_reminders,reminder/show_reminders,True,0.9558,False,False,False,{'reference': 'Минем бөтен'},{}
test_151,Дүшәмбе көнне эт ризыгы турында хәтерләтү куй,reminder/set_reminder,alarm/set_alarm,False,0.9346,False,False,False,"{'datetime': 'Дүшәмбе', 'reminder/todo': 'эт ризыгы'}",{'datetime': 'Дүшәмбе көнне эт'}
test_152,"Иртәгегә ""Сишәмбе кичендә Балада Саб йога дәресенә язылырга "" хәтерләтүне куй",reminder/set_reminder,alarm/set_alarm,False,0.9658,False,False,False,"{'datetime': 'Иртәгегә', 'reminder/todo': 'Сишәмбе кичендә Балада Саб йога дәресенә язылырга'}","{'datetime': 'иртәгеге', 'reminder/todo': 'Сишәмбе кичендә Балада Саб йога дәресенә язылырга'}"
test_153,бүгенгегә бөтен искә төшерүләрне бетер,reminder/cancel_reminder,reminder/set_reminder,False,0.9326,False,False,False,"{'datetime': 'бүгенгегә', 'reference': 'бөтен'}","{'datetime': 'bügene', 'reminder/todo': 'iskә төшерүләрне бетер'}"
test_154,Бу атнада Нью-Йоркта нинди һава торышы булачак,weather/find,weather/find,True,0.9958,False,False,False,"{'datetime': 'Бу атнада', 'location': 'Нью - Йоркта'}","{'location': 'Нью-Йоркта', 'datetime': 'бу атнада'}"
test_155,пәнҗешәмбе көнне көндез 12-дә табибка баруымны исемә төшер,reminder/set_reminder,reminder/set_reminder,True,0.9627,False,False,False,"{'datetime': 'пәнҗешәмбе көнне көндез 12-дә', 'reminder/todo': 'табибка баруымны'}","{'recurring_datetime': 'пәнҗешәмбе көннәрендә', 'datetime': '12-дә', 'reminder/todo': 'баруымны төшер'}"
test_156,Будильникны кичке 6:50 куй,alarm/set_alarm,alarm/set_alarm,True,0.9363,False,False,False,{'datetime': 'кичке 6:50'},"{'datetime': '6:50', 'reference': 'Будильникны'}"
test_157,Бүген кар булырмы?,weather/find,weather/find,True,0.9261,False,False,False,"{'datetime': 'Бүген', 'weather/attribute': 'кар'}","{'datetime': 'бүген', 'location': 'кар'}"
test_158,Нинди будильниклар куелган?,alarm/show_alarms,alarm/show_alarms,True,0.9962,False,False,False,{},{}
test_159,7 октябрьгә искә төшерү будильникны куй,reminder/set_reminder,alarm/set_alarm,False,0.9539,False,False,False,{'datetime': '7 октябрьгә'},"{'datetime': '7 октябрьгә', 'reference': 'будильник'}"
test_160,бүген кар булырмы?,weather/find,none,False,0.9051,True,False,False,"{'datetime': 'бүген', 'weather/attribute': 'кар'}",{}
test_161,будильникны 15 минутка күчер,alarm/snooze_alarm,alarm/snooze_alarm,True,0.926,False,True,False,{'datetime': '15 минутка'},"{'datetime': '15 минутка күчө', 'reference': 'барлык'}"
test_162,Күпме кар булуын фаразлыйлар?,weather/find,weather/find,True,0.9454,False,False,False,{'weather/attribute': 'кар'},"{'location': 'Күпме кар', 'datetime': 'фаразлыйлар'}"
test_163,урамда эссе ме,weather/find,add_to_playlist,False,0.9311,False,False,False,"{'location': 'урамда', 'weather/attribute': 'эссе'}",{'entity_name': 'эссе'}
test_164,Бүген нинди температура булачак?,weather/find,weather/find,True,0.9389,False,False,False,"{'datetime': 'Бүген', 'weather/attribute': 'температура'}","{'datetime': 'бүген', 'location': 'не указано'}"
test_165,иртәгә Далласта һава торышы нинди булыр,weather/find,weather/find,True,0.9647,False,False,False,"{'datetime': 'иртәгә', 'location': 'Далласта'}","{'location': 'Далласта', 'datetime': 'иртәгә'}"
test_166,бүгенгегә минем бөтен искә төшерүләрне күрсәт,reminder/show_reminders,reminder/show_reminders,True,0.9239,False,False,False,"{'datetime': 'бүгенгегә', 'reference': 'минем бөтен'}",{'datetime': 'бүгенгегә'}
test_167,Атна саен продукт сатып алу турында хәтерләтү куй.,reminder/set_reminder,reminder/set_reminder,True,0.9494,False,False,False,"{'recurring_datetime': 'Атна саен', 'reminder/todo': 'продукт сатып алу'}","{'datetime': 'атна', 'reminder/todo': 'саен продукт сатып алу турында хәтерләтү куй'}"
test_168,һава торышы,weather/find,weather/find,True,0.931,False,False,False,{},"{'datetime': 'һава торышы', 'location': ''}"
test_169,Яңгыр көне буе явыр микән?,weather/find,weather/find,True,0.9155,False,False,False,"{'weather/attribute': 'Яңгыр', 'datetime': 'көне буе'}","{'datetime': 'яңгыр көне', 'location': 'явыр'}"
test_170,Иртәгә яңгыр булырмы?,weather/find,alarm/set_alarm,False,0.9639,False,False,False,"{'datetime': 'Иртәгә', 'weather/attribute': 'яңгыр'}",{'datetime': 'иртәгә яңгыр'}
test_171,Бүген кич эш хатларына җавап бирергә исемә төшер,reminder/set_reminder,none,False,0.8755,True,False,False,"{'datetime': 'Бүген кич', 'reminder/todo': 'эш хатларына җавап бирергә'}",{}
test_172,Будильникларны бетер,alarm/cancel_alarm,alarm/show_alarms,False,0.9948,False,False,False,{},{}
test_173,Минем будильникларны бетер,alarm/cancel_alarm,alarm/show_alarms,False,0.9865,False,False,False,{'reference': 'Минем'},{}
test_174,Мин бүген шортыны кия аламмы?,weather/find,weather/find,True,0.9021,False,False,False,"{'datetime': 'бүген', 'weather/attribute': 'шортыны'}","{'datetime': 'бүген шорты', 'location': 'не указано'}"
test_175,Иртәгә яңгыр булырмы?,weather/find,alarm/set_alarm,False,0.9639,False,False,False,"{'datetime': 'Иртәгә', 'weather/attribute': 'яңгыр'}",{'datetime': 'иртәгә яңгыр'}
test_176,Будильникны иртәнге 10 куй,alarm/set_alarm,alarm/set_alarm,True,0.9412,False,False,False,{'datetime': 'иртәнге 10'},"{'reference': 'Будильникны', 'datetime': 'иртәнге 10'}"
test_177,бу атнада яңгыр булырмы,weather/find,weather/find,True,0.9731,False,False,False,"{'datetime': 'бу атнада', 'weather/attribute': 'яңгыр'}","{'location': 'бу атнада', 'datetime': 'яңгыр булырмы'}"
test_178,бөтен хәтерләтүләрне күрсәт,reminder/show_reminders,reminder/show_reminders,True,0.9425,False,False,False,{'reference': 'бөтен'},{}
test_179,будильникларны бетер,alarm/cancel_alarm,alarm/show_alarms,False,0.9922,False,False,False,{},{}
test_180,бөтен будильникларны сүндер,alarm/cancel_alarm,alarm/cancel_alarm,True,0.9934,False,False,False,{'reference': 'бөтен'},{'reference': 'бөтен'}
test_181,бөтен будильник настройкаларын күрсәт,alarm/show_alarms,alarm/show_alarms,True,0.984,False,False,False,{'reference': 'бөтен'},{}
test_182,Будильникны егерме минут саен куй,alarm/set_alarm,alarm/set_alarm,True,0.9513,False,False,False,{'recurring_datetime': 'егерме минут саен'},{'datetime': 'минут саен куй'}
test_183,Минем нинди искә төшерүләрем бар?,reminder/show_reminders,reminder/show_reminders,True,0.9383,False,False,False,{'reference': 'Минем'},{}
test_184,иртәгегә будильникны бетер,alarm/cancel_alarm,alarm/set_alarm,False,0.8858,False,False,False,{'datetime': 'иртәгегә'},"{'reference': 'биринчи', 'datetime': 'иртәгеге'}"
test_185,бүген миңа зонтик кирәкме?,weather/find,none,False,0.8881,True,False,False,"{'datetime': 'бүген', 'weather/attribute': 'зонтик'}",{}
test_186,бүген кар булырмы?,weather/find,none,False,0.9051,True,False,False,"{'datetime': 'бүген', 'weather/attribute': 'кар'}",{}
test_187,Бүген кич минем әнигә шалтыратырга искә төшер,reminder/set_reminder,reminder/set_reminder,True,0.966,False,False,False,"{'datetime': 'Бүген кич', 'reminder/todo': 'минем әнигә шалтыратырга'}","{'datetime': 'bügen', 'reminder/todo': 'кич минем әнигә шалтыратырга'}"
test_188,Бүген яңгыр булырмы?,weather/find,weather/find,True,0.8788,False,False,False,"{'datetime': 'Бүген', 'weather/attribute': 'яңгыр'}","{'datetime': 'бүген', 'location': 'яңгыр булырмандо'}"
test_189,Шимбә көнне яңгыр булырмы?,weather/find,weather/find,True,0.9038,False,False,False,"{'datetime': 'Шимбә', 'weather/attribute': 'яңгыр'}","{'datetime': 'Шимбә көнне', 'location': 'бу'}"
test_190,Будильникны һәр минут саен 20 минутка куясынмы?,alarm/set_alarm,alarm/modify_alarm,False,0.9134,False,False,False,{'recurring_datetime': 'һәр минут саен 20 минутка'},"{'reference': '', 'datetime': 'саен 20 минутка'}"
test_191,Кариб бассейнында тропик давыллар,weather/find,weather/find,True,0.9062,False,False,False,"{'location': 'Кариб', 'weather/attribute': 'тропик давыллар'}","{'location': 'Кариб бассейн', 'datetime': 'бассейн'}"
test_192,барлык будильникларны бетер,alarm/cancel_alarm,alarm/show_alarms,False,0.9222,False,False,False,{'reference': 'барлык'},{'datetime': 'бетер'}
test_193,Будильникны тугыз минут саен куй,alarm/set_alarm,alarm/modify_alarm,False,0.9336,False,False,False,{'recurring_datetime': 'тугыз минут саен'},{'datetime': 'тугыз минут саен'}
test_194,Минем исемлектән соңгы ике хәтерләтүне бетер,reminder/cancel_reminder,reminder/set_reminder,False,0.9611,False,False,False,{'reference': 'соңгы ике'},"{'datetime': 'исемлектән соңгы', 'reminder/todo': 'бетер ике хәтерләтүне'}"
test_195,бүген һава торышы нинди,weather/find,weather/find,True,0.953,False,False,False,{'datetime': 'бүген'},"{'datetime': 'бүген', 'location': 'не указано'}"
test_196,минем будильнигымны кабыз,alarm/set_alarm,alarm/show_alarms,False,0.9249,False,False,False,{'reference': 'минем'},{'datetime': 'минем'}
test_197,Бүген һаваның дымлылыгы нинди?,weather/find,weather/find,True,0.9469,False,False,False,"{'datetime': 'Бүген', 'weather/attribute': 'һаваның дымлылыгы'}","{'datetime': 'бүген', 'location': 'Һаваның'}"
test_198,миңа торыр өчен будильникны куерга исемә төшер,reminder/set_reminder,alarm/set_alarm,False,0.9476,False,False,False,{'reminder/todo': 'миңа торыр өчен будильникны куерга'},{'datetime': 'миңа торыр'}
test_199,Бу ял көннәрендә кар явырмы?,weather/find,weather/find,True,0.9547,False,False,False,"{'datetime': 'Бу ял көннәрендә', 'weather/attribute': 'кар'}","{'datetime': 'бу ял көннәрендә', 'location': 'не указано'}"
test_200,Бүген никадәр эссе булачак?,weather/find,SearchCreativeWork,False,0.9681,False,False,False,"{'datetime': 'Бүген', 'weather/attribute': 'эссе'}",{'object_type': 'эссе'}
test_201,Минем будильнигым нинди вакытка куелган,alarm/show_alarms,alarm/show_alarms,True,0.9788,False,False,False,{'reference': 'Минем'},{'datetime': 'минем будильнигым'}
test_202,Бүген һава торышы нинди?,weather/find,weather/find,True,0.9374,False,False,False,{'datetime': 'Бүген'},"{'datetime': 'бүген', 'location': 'не указано'}"
test_203,Иртәгә яңгыр явармы?,weather/find,alarm/set_alarm,False,0.9306,False,False,False,"{'datetime': 'Иртәгә', 'weather/attribute': 'яңгыр'}",{'datetime': 'иртәгә яңгыр'}
test_204,Сишәмбе көнне иртәнге 5:15 минем будильнигымны бетер,alarm/cancel_alarm,alarm/set_alarm,False,0.948,False,False,False,"{'datetime': 'Сишәмбе көнне иртәнге 5:15', 'reference': 'минем'}","{'datetime': 'иртәнге 5:15', 'reference': 'будильнигым'}"
test_205,бүгенге уен турында искәртүне бетер,reminder/cancel_reminder,reminder/set_reminder,False,0.9087,False,False,False,"{'datetime': 'бүгенге', 'reminder/todo': 'уен'}","{'recurring_datetime': 'bügene', 'datetime': 'iskәртүне', 'reminder/todo': 'бетер'}"
test_206,будильникны иртәнге көндезге 3-ке куй,alarm/set_alarm,alarm/set_alarm,True,0.9512,False,False,False,{'datetime': 'көндезге 3-ке'},"{'reference': 'будильникны', 'recurring_datetime': 'иртәнге', 'datetime': '3-ке куй'}"
test_207,шимбә көнне бөтен будильникларны бетер,alarm/cancel_alarm,alarm/show_alarms,False,0.9605,False,False,False,"{'datetime': 'шимбә көнне', 'reference': 'бөтен'}",{'datetime': 'шимбә көнне'}
test_208,Миңа Лизаны алу турында искәртү кирәк,reminder/set_reminder,reminder/set_reminder,True,0.9476,False,False,False,{'reminder/todo': 'Лизаны алу'},"{'datetime': 'миңа', 'reminder/todo': 'Алу турында искәртү кирәк'}"
test_209,Бүген нинди югары температура?,weather/find,weather/find,True,0.9472,False,False,False,"{'datetime': 'Бүген', 'weather/attribute': 'югары'}","{'datetime': 'бүген', 'location': 'не указано', 'weather/attribute': 'температура'}"
test_210,Бүген Гринстоунда болытлы булырмы?,weather/find,SearchCreativeWork,False,0.902,False,False,False,"{'datetime': 'Бүген', 'location': 'Гринстоунда', 'weather/attribute': 'болытлы'}",{'object_type': 'булырмас'}
test_211,Соңрак искә төшер,reminder/set_reminder,reminder/show_reminders,False,0.939,False,False,False,{'datetime': 'Соңрак'},{}
test_212,бүген франциядә нинди һава торышы,weather/find,weather/find,True,0.9378,False,False,False,"{'datetime': 'бүген', 'location': 'франциядә'}","{'location': 'бүген франциядә', 'datetime': 'торышы'}"
test_213,Шимбә кичәсендә кояшлы булырмы?,weather/find,weather/find,True,0.943,False,False,False,"{'datetime': 'Шимбә', 'weather/attribute': 'кояшлы'}","{'location': 'Шимбә кичәсендә', 'datetime': 'кулыр'}"
test_214,Иртәгә яңгыр явармы?,weather/find,alarm/set_alarm,False,0.9306,False,False,False,"{'datetime': 'Иртәгә', 'weather/attribute': 'яңгыр'}",{'datetime': 'иртәгә яңгыр'}
test_215,Мин бүген шортыны кия аламмы?,weather/find,weather/find,True,0.9021,False,False,False,"{'datetime': 'бүген', 'weather/attribute': 'шортыны'}","{'datetime': 'бүген шорты', 'location': 'не указано'}"
test_216,Минем искәртүемне күрсәт,reminder/show_reminders,reminder/show_reminders,True,0.9439,False,False,False,{'reference': 'Минем'},{'datetime': 'минем'}
test_217,Сентябрьдә уртача һава торышы нинди,weather/find,weather/find,True,0.9188,False,False,False,{'datetime': 'Сентябрьдә'},"{'datetime': 'сеня', 'location': 'Сентябрьдә', 'weather/attribute': 'уртача һава торышы'}"
test_218,Бүген салкынмы?,weather/find,weather/find,True,0.9504,False,False,False,"{'datetime': 'Бүген', 'weather/attribute': 'салкынмы'}","{'datetime': 'бүген', 'location': 'салкын'}"
test_219,Бөтен искәртүләремне бетер,reminder/cancel_reminder,reminder/set_reminder,False,0.9387,False,False,False,{'reference': 'Бөтен'},"{'datetime': 'бөтен', 'reminder/todo': 'iskәртүләремне бетер'}"
test_220,монда эссеме?,weather/find,weather/find,True,0.9204,False,False,False,{'weather/attribute': 'эссеме'},"{'location': 'монда', 'datetime': 'эссеме'}"
test_221,Ял көннәрендә көндезге 2 будильнигымны куй,alarm/set_alarm,alarm/set_alarm,True,0.9203,False,False,False,{'recurring_datetime': 'Ял көннәрендә көндезге 2'},"{'reference': 'Ял көннәрендә көндезге 2', 'datetime': 'куй'}"
test_222,Будильникны иртәнге 2 куй,alarm/set_alarm,alarm/set_alarm,True,0.9523,False,False,False,{'datetime': 'иртәнге 2'},"{'reference': 'Будильникны', 'datetime': 'иртәнге 2 куй'}"
test_223,Бүген һаваның дымлылыгы нинди?,weather/find,weather/find,True,0.9469,False,False,False,"{'datetime': 'Бүген', 'weather/attribute': 'һаваның дымлылыгы'}","{'datetime': 'бүген', 'location': 'Һаваның'}"
test_224,минем бөтен будильникларымны күрсәт,alarm/show_alarms,alarm/show_alarms,True,0.9518,False,False,False,{'reference': 'минем бөтен'},{'datetime': 'минем бөтен'}
test_225,Минем бөтен искәртүләремне күрсәт,reminder/show_reminders,reminder/show_reminders,True,0.9651,False,False,False,{'reference': 'Минем бөтен'},{'datetime': ''}
test_226,бөтен будильникларымны бетер,alarm/cancel_alarm,alarm/show_alarms,False,0.9539,False,False,False,{'reference': 'бөтен'},{'datetime': 'бөтен'}
test_227,Давыл минем районыма якынлашамы?,weather/find,SearchCreativeWork,False,0.9376,False,False,False,"{'weather/attribute': 'Давыл', 'location': 'минем районыма'}","{'object_location_type': 'район', 'location': 'Давыл минем'}"
test_228,бүген һава торышы нинди,weather/find,weather/find,True,0.953,False,False,False,{'datetime': 'бүген'},"{'datetime': 'бүген', 'location': 'не указано'}"
test_229,соңгы искәртүемне бетер,reminder/cancel_reminder,reminder/show_reminders,False,0.9332,False,False,False,{'reference': 'соңгы'},{'datetime': 'соңгы'}
test_230,Будильникка күпме вакыт калды.,alarm/time_left_on_alarm,alarm/show_alarms,False,0.9787,False,True,False,{},{}
test_231,Якшәмбе көнне минем бөтен будильникларымны бетер.,alarm/cancel_alarm,alarm/show_alarms,False,0.9573,False,False,False,"{'datetime': 'Якшәмбе көнне', 'reference': 'минем бөтен'}",{'datetime': 'якшәмбе көнне'}
test_232,Бүген нихәтле эссе булачак?,weather/find,SearchCreativeWork,False,0.9577,False,False,False,"{'datetime': 'Бүген', 'weather/attribute': 'эссе'}",{'object_type': 'эссе'}
test_233,Мин сине иртәгә иртәнге 8:45 яңа будильникны куерга теләр идем,alarm/set_alarm,alarm/set_alarm,True,0.9162,False,False,False,{'datetime': 'иртәгә иртәнге 8:45'},"{'reference': 'мин', 'datetime': 'иртәнге 8:45', 'recurring_datetime': ''}"
test_234,бөтен будильникларны бетер,alarm/cancel_alarm,alarm/show_alarms,False,0.9553,False,False,False,{'reference': 'бөтен'},{'datetime': 'бөтен'}
test_235,Бүген кар явармы?,weather/find,weather/find,True,0.9309,False,False,False,"{'datetime': 'Бүген', 'weather/attribute': 'кар'}","{'datetime': 'бүген', 'location': 'кар'}"
test_236,миңа бозны алырга искә төшер,reminder/set_reminder,reminder/set_reminder,True,0.9563,False,False,False,{'reminder/todo': 'бозны алырга'},"{'datetime': 'миңа бозны', 'reminder/todo': 'алырга искә төшер'}"
test_237,бөтен искәртүләремне күрсәт,reminder/show_reminders,reminder/show_reminders,True,0.945,False,False,False,{'reference': 'бөтен'},{'datetime': 'бөтен'}
test_238,бөтен будильникларымны күрсәт,alarm/show_alarms,alarm/show_alarms,True,0.9364,False,False,False,{'reference': 'бөтен'},{'datetime': 'бөтен'}
test_239,Сан-Францискода һава торышы нинди?,weather/find,weather/find,True,0.9357,False,False,False,{'location': 'Сан - Францискода'},"{'location': 'San Franciscoda', 'datetime': 'нинди?'}"
test_240,Бөтен искәртүләремне бетер,reminder/cancel_reminder,reminder/set_reminder,False,0.9387,False,False,False,{'reference': 'Бөтен'},"{'datetime': 'бөтен', 'reminder/todo': 'iskәртүләремне бетер'}"
test_241,Концерт турында искәртүне бетер,reminder/cancel_reminder,reminder/set_reminder,False,0.8736,False,False,False,{'reminder/todo': 'Концерт'},{'reminder/todo': 'биринчи бетер концерт турында искәртүне'}
test_242,Иртәгә иртәнге будильникны бетер,alarm/cancel_alarm,alarm/set_alarm,False,0.9483,False,False,False,{'datetime': 'Иртәгә иртәнге'},{'reference': 'Иртәгә'}
test_243,бу атнада яңгыр явармы,weather/find,none,False,0.958,True,False,False,"{'datetime': 'бу атнада', 'weather/attribute': 'яңгыр'}",{}
test_244,Гольф уйнау өчен чәршәмбе көнне һава торышы нинди?,weather/find,weather/find,True,0.9349,False,False,False,{'datetime': 'чәршәмбе көнне'},"{'datetime': 'өчен', 'location': 'Гольф уйнау'}"
test_245,бөтен будильникларымны күрсәт,alarm/show_alarms,alarm/show_alarms,True,0.9364,False,False,False,{'reference': 'бөтен'},{'datetime': 'бөтен'}
test_246,бөтен иртәгә будильникларны сүндер,alarm/cancel_alarm,alarm/cancel_alarm,True,0.9912,False,False,False,"{'reference': 'бөтен', 'datetime': 'иртәгә'}",{'reference': 'бөтен'}
test_247,Будильнигымны бүген кичке 5 куй,alarm/set_alarm,alarm/modify_alarm,False,0.9615,False,False,False,{'datetime': 'бүген кичке 5'},"{'reference': 'Будильнигымны', 'datetime': 'бүген кичке 5'}"
test_248,будильнигымны иртәге 7-гә куй,alarm/set_alarm,alarm/set_alarm,True,0.9668,False,False,False,{'datetime': 'иртәге 7-гә'},"{'reference': 'будильнигымны', 'datetime': 'иртәге 7-гә куй'}"
test_249,Иртәгә кояшлы булырмы?,weather/find,alarm/set_alarm,False,0.9461,False,False,False,"{'datetime': 'Иртәгә', 'weather/attribute': 'кояшлы'}",{'datetime': 'иртәгә кояшлы'}
test_250,бүген нинди эссе булыр,weather/find,SearchCreativeWork,False,0.9736,False,False,False,"{'datetime': 'бүген', 'weather/attribute': 'эссе'}",{'object_type': 'эссе'}
test_251,Бир ноль йолдызлар Halo: Ghosts of Onyx,RateBook,SearchCreativeWork,False,0.9573,False,False,False,"{'rating_value': 'ноль', 'rating_unit': 'йолдызлар', 'object_name': 'Halo: Ghosts of Onyx'}",{'object_name': 'Halo: Ghosts of Onyx'}
test_252,Джой Нило музыкасын кабыз .,PlayMusic,PlayMusic,True,0.9202,False,False,False,{'artist': 'Джой Нило'},{'artist': 'Джой Нило'}
test_253,"Зинһар, миңа 20 Hours in America дип аталган видеоуен таб .",SearchCreativeWork,PlayMusic,False,0.9115,False,False,False,"{'object_name': '20 Hours in America', 'object_type': 'видеоуен'}","{'artist': 'Зинһар', 'object_type': 'video', 'music_item': '20 Hours in America'}"
test_254,Мин ясаган плейлистымны уйнат,PlayMusic,PlayMusic,True,0.9605,False,False,False,{'playlist': 'ясаган'},{'playlist': 'уйнат'}
test_255,Термонтта 9 кешегә урын броньла,BookRestaurant,BookRestaurant,True,0.9536,False,False,False,"{'location': 'Термонтта', 'party_size_number': '9 кешегә'}","{'location': 'Термонтта', 'datetime': '9 кешегә', 'restaurant_type': 'ресторан'}"
test_256,Бу көйне Доротиның 80's party плейлистына өстә,AddToPlaylist,AddToPlaylist,True,0.9746,False,False,False,"{'music_item': 'көйне', 'reference': 'Доротиның', 'playlist': ""80's party""}","{'playlist': ""Доротиның 80's party плейлистына""}"
test_257,Last FM-да Эдди Винсонның иң яңа көйен кабыз .,PlayMusic,SearchCreativeWork,False,0.9775,False,False,False,"{'service': 'Last FM-да', 'artist': 'Эдди Винсонның', 'sort': 'иң яңа', 'music_item': 'көйен'}","{'object_name': 'Эдди Винсон', 'object_type': 'кабыз'}"
test_258,Небрасканың һава торышын тикшер .,weather/find,weather/find,True,0.9846,False,False,False,{'location': 'Небрасканың'},"{'location': 'Небрасканың', 'datetime': 'тикшер'}"
test_259,NC-да хәзер буран бармы ?,weather/find,weather/find,True,0.9623,False,False,True,"{'location': 'NC-да', 'datetime': 'хәзер', 'condition_description': 'буран'}",{'location': 'NC-да хәзер'}
test_260,Мин 1998 елгы минионны тыңларга телим .,PlayMusic,alarm/set_alarm,False,0.9363,False,False,False,"{'datetime': '1998', 'music_item': 'минионны'}",{'datetime': '1998 елгы'}
test_261,Миңа Дипсон театрларында A Yiddish World Remembered өчен вакыт кирәк,SearchScreeningEvent,SearchCreativeWork,False,0.9696,False,False,False,"{'location': 'Дипсон театрларында', 'movie_name': 'A Yiddish World Remembered', 'object_type': 'вакыт'}","{'object_name': 'A Yiddish World Remembered', 'object_type': 'фильм'}"
test_262,Хәзерге дәреслеккә 6-дан 1 балл бир,RateBook,reminder/set_reminder,False,0.9414,False,False,False,"{'object_select': 'Хәзерге', 'object_type': 'дәреслеккә', 'best_rating': '6-дан', 'rating_value': '1'}","{'datetime': '6-дан', 'reminder/todo': 'балл бир'}"
test_263,Мэтт Мерфиның көйен Flow Español плейлистына өстә.,AddToPlaylist,AddToPlaylist,True,0.9629,False,False,False,"{'artist': 'Мэтт Мерфиның', 'music_item': 'көйен', 'playlist': 'Flow Español'}",{'playlist': 'Мэтт Мерфиның көйен Flow Español плейлистына'}
test_264,Мин 3 кешегә 20/05/2025 Техас янындагы судан гастропабын броньларга телим .,BookRestaurant,BookRestaurant,True,0.9416,False,False,True,"{'party_size_number': '3', 'datetime': '20/05/2025', 'location': 'Техас | янындагы', 'cuisine': 'судан', 'restaurant_type': 'гастропабын'}","{'restaurant_name': 'гастропабын', 'restaurant_type': 'ресторан', 'location': 'Техас янында', 'datetime': '20/05/2025'}"
test_265,Син The Approach телесериал таба алмасыңмы,SearchCreativeWork,SearchCreativeWork,True,0.9832,False,False,False,"{'object_name': 'The Approach', 'object_type': 'телесериал'}","{'object_name': 'The Approach', 'object_type': 'телесериал'}"
test_266,Бу хроникага 2 балл бир.,RateBook,RateBook,True,0.9254,False,False,True,"{'object_select': 'Бу', 'object_part_of_series_type': 'хроникага', 'rating_value': '2'}","{'rating_value': '2', 'object_type': 'хроникага'}"
test_267,The American Scene-ка 6-дан 2 йолдыз бир,RateBook,BookRestaurant,False,0.8515,False,False,False,"{'object_name': 'The American Scene-ка', 'best_rating': '6-дан', 'rating_value': '2', 'rating_unit': 'йолдыз'}","{'party_size_number': '2', 'object_type': 'cinema show schedule', 'movie_name': 'The American Scene', 'movie_type': 'film', 'object_location_type': 'cinema location'}"
test_268,Минем Nação Reggae плейлистына emilie autumn өстә.,AddToPlaylist,AddToPlaylist,True,0.9573,False,False,False,"{'reference': 'Минем', 'playlist': 'Nação Reggae', 'artist': 'emilie autumn'}","{'playlist': 'Минем Nação Reggae', 'entity_name': 'emilie autumn'}"
test_269,Мин Гамбиядәге яһүд ресторанын броньларга телим .,BookRestaurant,BookRestaurant,True,0.9389,False,False,True,"{'location': 'Гамбиядәге', 'cuisine': 'яһүд', 'restaurant_type': 'ресторанын'}","{'cuisine': 'яһүд', 'location': 'Гамбиядәге', 'restaurant_name': 'ресторан'}"
test_270,Fried chicken restaurant өстәленә заказ бир,BookRestaurant,BookRestaurant,True,0.9675,False,False,True,{'restaurant_name': 'Fried chicken restaurant'},"{'cuisine': 'Fried chicken', 'restaurant_name': 'restaurant'}"
test_271,минем House Afterwork плейлистымна we have a theme song өстә,AddToPlaylist,AddToPlaylist,True,0.9624,False,False,False,"{'reference': 'минем', 'playlist': 'House Afterwork', 'entity_name': 'we have a theme song'}","{'playlist': 'минем House Afterwork плейлистымна', 'entity_name': 'we have a theme song'}"
test_272,2026 елның унтугызынчы октябрендә моннан ерак түгел нинди һава торышы булачак ?,weather/find,weather/find,True,0.9478,False,False,False,"{'datetime': '2026 елның унтугызынчы октябрендә', 'location': 'моннан | ерак түгел'}","{'datetime': '2026 елның унтугызынчы октябрендә', 'location': 'моннан ерак түгел нинди'}"
test_273,Уолденда һава торышы Россия 26/12/2018,weather/find,weather/find,True,0.9632,False,False,False,"{'location': 'Уолденда | Россия', 'datetime': '26/12/2018'}","{'location': 'Уолденда', 'datetime': '26/12/2018', 'weather/attribute': 'һава торышы'}"
test_274,Мин каенана һәм миңа бер елдан соң Buckner ресторанны броньларга телим .,BookRestaurant,BookRestaurant,True,0.92,False,False,True,"{'party_size_description': 'каенана һәм миңа', 'datetime': 'бер елдан соң', 'location': 'Buckner', 'restaurant_type': 'ресторанны'}","{'restaurant_name': 'Buckner', 'datetime': 'бер елдан соң', 'location': 'бер елдан'}"
test_275,Бу китапка 1 балл бир,RateBook,RateBook,True,0.9449,False,False,False,"{'object_select': 'Бу', 'object_type': 'китапка', 'rating_value': '1'}","{'object_name': 'кутапка', 'rating_value': '1', 'rating_unit': 'балл'}"
test_276,бу башкаручыны минем spotlight on country 2016 плейлистына өстә,AddToPlaylist,AddToPlaylist,True,0.9635,False,False,False,"{'music_item': 'башкаручыны', 'reference': 'минем', 'playlist': 'spotlight on country 2016'}","{'playlist': 'spotlight on country 2016', 'entity_name': 'бу башкаручыны'}"
test_277,Син Epic Conditions рәсемен таба алмасыңмы ?,SearchCreativeWork,SearchCreativeWork,True,0.9586,False,False,False,"{'object_name': 'Epic Conditions', 'object_type': 'рәсемен'}",{'object_name': 'Син Epic Conditions'}
test_278,Iheart-та rich sex уйна,PlayMusic,AddToPlaylist,False,0.9473,False,False,True,"{'service': 'Iheart-та', 'track': 'rich sex'}","{'artist': 'rich', 'entity_name': 'уйна', 'playlist': 'Iheart-та'}"
test_279,Bartok the Magnificent иртәнге җидедә башланачакмы ?,SearchScreeningEvent,alarm/set_alarm,False,0.9579,False,False,False,"{'movie_name': 'Bartok the Magnificent', 'datetime': 'иртәнге җидедә'}","{'reference': 'Bartok the Magnificent', 'datetime': 'җидедә башланачак'}"
test_280,Zvooq-да берәр нәрсә уйна,PlayMusic,none,False,0.8495,True,False,False,{'service': 'Zvooq-да'},{}
test_281,Миңа Крис Найт музыкасын тыңларга бир,PlayMusic,PlayMusic,True,0.9581,False,False,False,{'artist': 'Крис Найт'},{'artist': 'Крис Найт'}
test_282,Джилл Собул альбомын кабыз,PlayMusic,PlayMusic,True,0.9467,False,False,True,"{'album': 'Джилл Собул', 'music_item': 'альбомын'}","{'artist': 'Джилл', 'music_item': 'альбомын'}"
test_283,The Broken Window дүрт йолдыз бирегез,RateBook,SearchCreativeWork,False,0.9847,False,False,False,"{'object_name': 'The Broken Window', 'rating_value': 'дүрт', 'rating_unit': 'йолдыз'}",{'object_name': 'The Broken Window'}
test_284,Tatra-милли паркында иртәнге 6да һава торышын миңа әйт,weather/find,weather/find,True,0.8799,False,False,False,"{'location': 'Tatra-милли паркында', 'datetime': 'иртәнге 6да'}","{'location': 'Tatra-милли паркында', 'datetime': '6да', 'weather/attribute': 'ташкын торышын'}"
test_285,"Зинһар, миңа бистродагы өстәлне броньла, анда lorna doone хезмәт итәләр .",BookRestaurant,BookRestaurant,True,0.8883,False,False,True,"{'restaurant_type': 'бистродагы', 'served_dish': 'lorna doone'}","{'datetime': 'миңа', 'location': 'би STDERR', 'party_size_description': 'бистродагы өстәлне', 'restaurant_name': 'lorna doone'}"
test_286,The Mystery of the Tolling Bell сериалны 4 йолдызга бәялә .,RateBook,SearchCreativeWork,False,0.9641,False,False,True,"{'object_name': 'The Mystery of the Tolling Bell', 'object_part_of_series_type': 'сериалны', 'rating_value': '4', 'rating_unit': 'йолдызга'}","{'object_type': 'serial', 'object_name': 'The Mystery of the Tolling Bell'}"
test_287,Музыка уйнау өчен Groove Shark куллан,PlayMusic,PlayMusic,True,0.9725,False,False,False,{'service': 'Groove Shark'},{'artist': 'Groove Shark'}
test_288,Якындагы кинотеатрда Snowbound күрсәтү графигын тикшер .,SearchScreeningEvent,SearchCreativeWork,False,0.952,False,False,True,"{'location': 'Якындагы', 'object_location_type': 'кинотеатрда', 'movie_name': 'Snowbound'}","{'object_type': 'кинотеатр', 'movie_name': 'Snowbound'}"
test_289,"Зинһар, Zvooq ач",PlayMusic,alarm/set_alarm,False,0.9531,False,False,False,{'service': 'Zvooq'},"{'reference': 'Зинһар', 'datetime': 'Zvooq ач'}"
test_290,1 кешегә урын Меритта Town of Ramsgate броньла,BookRestaurant,BookRestaurant,True,0.9546,False,False,True,"{'party_size_number': '1', 'location': 'Меритта', 'restaurant_name': 'Town of Ramsgate'}","{'restaurant_name': 'Меритта Town of Ramsgate', 'datetime': '1 кешегә', 'location': '1 кешеге'}"
test_291,I Think I Do кичке 7-дә уйныймы ?,SearchScreeningEvent,alarm/set_alarm,False,0.9119,False,False,False,"{'movie_name': 'I Think I Do', 'datetime': 'кичке 7-дә'}","{'datetime': '7-дә', 'reference': 'I Think I Do кичке'}"
test_292,Custer National Forest кичке җидедә салкынрак булырмы,weather/find,alarm/set_alarm,False,0.9477,False,False,True,"{'location': 'Custer National Forest', 'datetime': 'кичке җидедә', 'condition_temperature': 'салкынрак'}","{'reference': 'Custer National Forest', 'datetime': 'кичке җидедә'}"
test_293,Мин Youtube-та берәр нәрсә тыңларга телим,PlayMusic,PlayMusic,True,0.8903,False,False,False,{'service': 'Youtube-та'},"{'artist': 'Мин', 'object_type': 'YouTube'}"
test_294,Difficult Loves уенын эзлә,SearchCreativeWork,SearchCreativeWork,True,0.9678,False,False,False,"{'object_name': 'Difficult Loves', 'object_type': 'уенын'}",{'object_name': 'Difficult Loves'}
test_295,Нинди һава торышы 20 февральгә Bothe-Napa Valley дәүләт паркында ?,weather/find,weather/find,True,0.956,False,False,False,"{'datetime': '20 февральгә', 'location': 'Bothe-Napa Valley дәүләт паркында'}","{'location': 'Bothe-Napa Valley дәүләт паркында', 'datetime': 'Нинди һава торышы 20 февральгә'}"
test_296,миңа кинотеатр янындагы The Great Gildersleeve фильмы сессияләре расписаниесен күрсәт,SearchScreeningEvent,SearchCreativeWork,False,0.903,False,False,True,"{'object_location_type': 'кинотеатр', 'movie_name': 'The Great Gildersleeve', 'object_type': 'расписаниесен'}","{'datetime': 'миңа', 'object_type': 'фильмы', 'object_location_type': 'кинотеатр', 'location': 'янында'}"
test_297,Миңа Гибслендта һава торышын әйт,weather/find,weather/find,True,0.9724,False,False,False,{'location': 'Гибслендта'},"{'datetime': 'миңа', 'location': 'Гибслендта'}"
test_298,Мин күршедәге кино графигын белә аламмы,SearchScreeningEvent,SearchCreativeWork,False,0.96,False,False,False,"{'location': 'күршедәге', 'movie_type': 'кино', 'object_type': 'графигын'}",{'object_type': ' kino графигы'}
test_299,Soul Music-ка 0 балл бир .,RateBook,PlayMusic,False,0.9634,False,False,False,"{'object_name': 'Soul Music-ка', 'rating_value': '0'}","{'music_item': 'Soul Music', 'rating_value': '0'}"
test_300,Сарджентстада татар тавернасында биш кешегә өстәл заказ итегез,BookRestaurant,BookRestaurant,True,0.938,False,False,True,"{'location': 'Сарджентстада', 'cuisine': 'татар', 'restaurant_type': 'тавернасында', 'party_size_number': 'биш'}","{'location': 'Сарджентстада', 'party_size_description': 'bish кешегә өстәл', 'restaurant_type': 'татар тавернасы'}"
test_301,All Things Must Pass кабыз,PlayMusic,SearchCreativeWork,False,0.9711,False,False,True,{'track': 'All Things Must Pass'},{'object_name': 'All Things Must Pass'}
test_302,Кореяда бер сәгатьтән соң нинди яңгыр фаразы булачак,weather/find,weather/find,True,0.9917,False,False,True,"{'location': 'Кореяда', 'datetime': 'бер сәгатьтән соң', 'condition_description': 'яңгыр'}","{'location': 'Кореяда', 'datetime': 'бер сәгатьтән соң'}"
test_303,Оклахомада South Street Diner-да 4 кешелек урын броньла,BookRestaurant,BookRestaurant,True,0.9506,False,False,True,"{'location': 'Оклахомада', 'restaurant_name': 'South Street Diner-да', 'party_size_number': '4'}","{'cuisine': 'урын', 'datetime': '', 'facility': '', 'location': 'Оклахомада South Street', 'party_size_description': '4 кешелек', 'restaurant_name': 'South Street Diner', 'restaurant_type': 'ресторан'}"
test_304,Netflix-тан музыканы уйнат .,PlayMusic,PlayMusic,True,0.9094,False,False,False,{'service': 'Netflix-тан'},{'artist': 'Netflix-тан'}
test_305,Мин Shattered Image-не күрергә телим .,SearchScreeningEvent,PlayMusic,False,0.9341,False,False,False,{'movie_name': 'Shattered Image-не'},"{'artist': 'Shattered', 'music_item': 'трек'}"
test_306,The Sound of One Hand Clapping-ны таб,SearchCreativeWork,SearchCreativeWork,True,0.9944,False,False,False,{'object_name': 'The Sound of One Hand Clapping-ны'},{'object_name': 'The Sound of One Hand Clapping'}
test_307,Wolves Within альбомын эзлә,SearchCreativeWork,PlayMusic,False,0.9575,False,False,False,"{'object_name': 'Wolves Within', 'object_type': 'альбомын'}",{'album': 'Wolves Within'}
test_308,берәр кинотеатрда We Are Northern Lights күрсәтеләрмә,SearchScreeningEvent,SearchCreativeWork,False,0.9703,False,False,True,"{'object_location_type': 'кинотеатрда', 'movie_name': 'We Are Northern Lights'}","{'object_type': 'кинотеатр', 'movie_name': 'We Are Northern Lights'}"
test_309,"Безнең кечкенә дөнья почмагы, Гилмор кыз музыкасы минем Иң көлкесе әйберләр футболда плейлистыма өстә.",AddToPlaylist,AddToPlaylist,True,0.9352,False,False,False,"{'entity_name': 'Безнең кечкенә дөнья почмагы , Гилмор кыз музыкасы', 'reference': 'минем', 'playlist': 'Иң көлкесе әйберләр футболда'}","{'playlist': 'Безнең кечкенә дөнья почмагы', 'entity_name': 'Гилмор кыз музыкасы', 'artist': 'Иң көлкесе әйберләр'}"
test_310,Саутфорд Фолс дәүләт паркында эссе һава торышы фаразы нинди,weather/find,weather/find,True,0.97,False,False,True,"{'location': 'Саутфорд Фолс дәүләт паркында', 'condition_temperature': 'эссе'}","{'location': 'Саутфорд Фолс дәүләт паркы', 'datetime': 'фаразы нинди'}"
test_311,"Зинһар, миӊа Гана парковкасы белән пиццерия өстәленә заказ бир .",BookRestaurant,BookRestaurant,True,0.9114,False,False,True,"{'location': 'Гана', 'facility': 'парковкасы', 'restaurant_type': 'пиццерия'}","{'restaurant_name': 'пиццерия', 'object_location_type': 'парковка', 'location': 'Зинһар'}"
test_312,Мин җитмешенче еллар саундтрегын тыңларга телим .,PlayMusic,alarm/set_alarm,False,0.8807,False,False,False,"{'datetime': 'җитмешенче', 'music_item': 'саундтрегын'}","{'datetime': 'мин җитмешенче', 'reference': 'etrain'}"
test_313,Ике сәгатьтән соң Үзбәкстанда һава торышы,weather/find,weather/find,True,0.956,False,False,False,"{'datetime': 'Ике сәгатьтән соң', 'location': 'Үзбәкстанда'}","{'location': 'Үзбекстанда', 'datetime': 'сәгатьтән соң'}"
test_314,"Зинһар, миңа Journal of the British Astronomical Association фильмын таб .",SearchCreativeWork,SearchCreativeWork,True,0.9648,False,False,False,"{'object_name': 'Journal of the British Astronomical Association', 'object_type': 'фильмын'}",{'object_name': 'Journal of the British Astronomical Association'}
test_315,"Уордвилл-да, Канзас-та 8 кешелек урын броньла",BookRestaurant,BookRestaurant,True,0.9401,False,False,False,"{'location': 'Уордвилл-да | Канзас-та', 'party_size_number': '8'}","{'location': 'Уордвилл-да, Канзас-та', 'party_size_number': '8', 'cuisine': 'урын'}"
test_316,Нинди һава торышы моннан ерак булачак ?,weather/find,weather/find,True,0.9747,False,False,False,{'location': 'моннан | ерак'},"{'datetime': 'Нинди', 'location': 'моннан'}"
test_317,Ричард Макнамараның яңа җырын Just Smile плейлистыма өстә,AddToPlaylist,AddToPlaylist,True,0.967,False,False,False,"{'artist': 'Ричард Макнамараның', 'music_item': 'җырын', 'playlist': 'Just Smile'}","{'playlist': 'Just Smile плейлистыма', 'entity_name': 'Ричард Макнамараны'}"
test_318,монда 1 секундтан соң никадәр салкын булыр,weather/find,alarm/set_alarm,False,0.9523,False,False,True,"{'location': 'монда', 'datetime': '1 секундтан соң', 'condition_temperature': 'салкын'}","{'datetime': 'монда 1 секундтан соң', 'reminder/todo': 'никадәр салкын булыр'}"
test_319,With You исемле рәсем эзлә,SearchCreativeWork,play_music,False,0.9549,False,False,False,"{'object_name': 'With You', 'object_type': 'рәсем'}","{'artist': 'With You', 'music_item': 'исемле рәсем'}"
test_320,Deadly Weapons иҗади эшен таб,SearchCreativeWork,SearchCreativeWork,True,0.9832,False,False,False,{'object_name': 'Deadly Weapons'},{'object_name': 'Deadly Weapons'}
test_321,Ноябрьдә Брукнилда һава торышы нинди булыр ?,weather/find,weather/find,True,0.977,False,False,False,"{'datetime': 'Ноябрьдә', 'location': 'Брукнилда'}","{'datetime': 'Ноябрьдә', 'location': 'Брукнилда'}"
test_322,Токмач өчен тавернада өстәл броньла,BookRestaurant,BookRestaurant,True,0.9424,False,False,True,"{'served_dish': 'Токмач', 'restaurant_type': 'тавернада'}","{'datetime': '', 'facility': '', 'location': '', 'party_size_description': '', 'party_size_number': '', 'restaurant_name': '', 'cuisine': '', 'restaurant_type': '', 'sort': ''}"
test_323,Коста-Рикада нинди һава торышы,weather/find,weather/find,True,0.9861,False,False,False,{'location': 'Коста - Рикада'},{'location': 'Коста-Рика'}
test_324,The Two Gladiators уйнымы,SearchScreeningEvent,SearchCreativeWork,False,0.9967,False,False,False,{'movie_name': 'The Two Gladiators'},{'object_name': 'The Two Gladiators'}
test_325,Star Theatres-да нинди фильмнар бар .,SearchScreeningEvent,SearchCreativeWork,False,0.9589,False,False,False,"{'location': 'Star Theatres-да', 'movie_type': 'фильмнар'}",{'object_type': 'фильм'}
test_326,Зинһар миңа Harry Hood сагасын таба аласызмы ?,SearchCreativeWork,SearchCreativeWork,True,0.9525,False,False,False,"{'object_name': 'Harry Hood', 'object_type': 'сагасын'}","{'object_name': 'Harry Hood', 'object_type': 'фильм'}"
test_327,бу көйне минем Sleepify плейлистыма өстә,AddToPlaylist,AddToPlaylist,True,0.9541,False,False,False,"{'music_item': 'көйне', 'reference': 'минем', 'playlist': 'Sleepify'}",{'playlist': 'Sleepify плейлистыма'}
test_328,Any Which Way You Can 15 секундтан соң уйнаячакмы,SearchScreeningEvent,play_music,False,0.9264,False,False,False,"{'movie_name': 'Any Which Way You Can', 'datetime': '15 секундтан соң'}","{'artist': 'Any', 'music_item': 'Which Way You Can', 'datetime': '15 секундтан'}"
test_329,E-type музыкасын кабыз .,PlayMusic,PlayMusic,True,0.9483,False,False,False,{'artist': 'E-type'},"{'artist': 'E-type', 'music_item': 'музыкас'}"
test_330,Хәзерге китапка бер йолдыз куй,RateBook,add_to_playlist,False,0.9009,False,False,False,"{'object_select': 'Хәзерге', 'object_type': 'китапка', 'rating_value': 'бер'}","{'artist': 'Йол', 'entity_name': 'китап'}"
test_331,Louis Nelson Delisle-ның Another Passenger уйнат .,PlayMusic,SearchCreativeWork,False,0.9737,False,False,True,"{'artist': 'Louis Nelson Delisle-ның', 'album': 'Another Passenger'}","{'object_name': 'Louis Nelson Delisle', 'object_type': 'фильм'}"
test_332,Кайда мин кино графигын таба алам,SearchScreeningEvent,SearchCreativeWork,False,0.9409,False,False,False,{'object_type': 'кино графигын'},{'object_type': 'мин кино графигы'}
test_333,Эмерадода Сен-Пьер һәм Микелонда 26 сентябрьгә нинди һава торышы,weather/find,weather/find,True,0.9767,False,False,False,"{'location': 'Эмерадода | Сен - Пьер һәм Микелонда', 'datetime': '26 сентябрьгә'}","{'location': 'Эмерадода Сен-Пьер һәм Микелонда', 'datetime': '26 сентября'}"
test_334,Ted Peters Famous Smoked Fish-та Окфилд янында 17 секундтансын ашарга барык,BookRestaurant,PlayMusic,False,0.9346,False,False,True,"{'restaurant_name': 'Ted Peters Famous Smoked Fish-та', 'location': 'Окфилд | янында', 'datetime': '17 секундтансын'}","{'artist': 'Ted Peters', 'music_item': 'Famous Smoked Fish', 'datetime': 'Окфилд янында 17 секундтан'}"
test_335,миңа Good Morning Sunshine трейлерын таб,SearchCreativeWork,SearchCreativeWork,True,0.9568,False,False,False,"{'object_name': 'Good Morning Sunshine', 'object_type': 'трейлерын'}",{'object_name': 'миңа Good Morning Sunshine трейлерын'}
test_336,Мин Нидерланд Антиль утрауларында 3 кешегә сыра ресторанны броньларга телим .,BookRestaurant,BookRestaurant,True,0.939,False,False,False,"{'location': 'Нидерланд Антиль утрауларында', 'party_size_number': '3', 'restaurant_type': 'сыра ресторанны'}","{'location': 'Нидерланд Антиль утраулары', 'party_size_number': '3 кешеге'}"
test_337,бу хәзерге альбомга 0 йолдыз куй,RateBook,PlayMusic,False,0.9135,False,False,False,"{'object_select': 'бу хәзерге', 'object_type': 'альбомга', 'rating_value': '0', 'rating_unit': 'йолдыз'}","{'artist': 'бу хәзерге', 'album': 'альбомга 0 йол'}"
test_338,Монакода Yankee Doodle Coffee Ѕһор-та урын алырга теләр идем,BookRestaurant,BookRestaurant,True,0.9056,False,False,True,"{'location': 'Монакода', 'restaurant_name': 'Yankee Doodle Coffee Ѕһор-та'}","{'restaurant_name': 'Монакода Yankee Doodle Coffee', 'location': 'Шор-та'}"
test_339,Political punks плейлистыма башкаручыны өстә.,AddToPlaylist,AddToPlaylist,True,0.9751,False,False,False,"{'playlist': 'Political punks', 'music_item': 'башкаручыны'}","{'playlist': 'Political punks плейлистыма', 'entity_name': 'башкаручыны'}"
test_340,Дүрт айдан соң Саванида AK-ында салкынрак булырмы,weather/find,alarm/set_alarm,False,0.9095,False,False,True,"{'datetime': 'Дүрт айдан соң', 'location': 'Саванида | AK-ында', 'condition_temperature': 'салкынрак'}","{'datetime': 'Дүрт айдан соң Саванида AK-', 'object_type': 'Салкын'}"
test_341,минем Crash Course плейлистыма Muzika za decu өстә,AddToPlaylist,AddToPlaylist,True,0.9571,False,False,False,"{'reference': 'минем', 'playlist': 'Crash Course', 'entity_name': 'Muzika za decu'}","{'playlist': 'минем Crash Course плейлистыма', 'entity_name': 'Muzika za decu'}"
test_342,Molecular Oncology сагасын эзли аласынмы ?,SearchCreativeWork,SearchCreativeWork,True,0.9779,False,False,False,"{'object_name': 'Molecular Oncology', 'object_type': 'сагасын'}",{'object_name': 'Molecular Oncology'}
test_343,Мин алты кешелек ресторанны Вагстаффта AK-да броньларга телим .,BookRestaurant,BookRestaurant,True,0.9328,False,False,False,"{'party_size_number': 'алты', 'restaurant_type': 'ресторанны', 'location': 'Вагстаффта | AK-да'}","{'restaurant_name': 'Вагстафф', 'cuisine': 'AK-', 'party_size_number': 'мин алты кешелек'}"
test_344,Дэвид Линдлиның симфоник музыкасын уйнат .,PlayMusic,PlayMusic,True,0.953,False,False,False,"{'artist': 'Дэвид Линдлиның', 'music_item': 'симфоник'}",{'artist': 'Дэвид Линдли'}
test_345,"Зинһар, миңа Now We Are Married телесериалын таб .",SearchCreativeWork,SearchCreativeWork,True,0.9828,False,False,False,"{'object_name': 'Now We Are Married', 'object_type': 'телесериалын'}",{'object_name': 'Now We Are Married'}
test_346,Мин Outcast-ны карарга телим .,SearchScreeningEvent,PlayMusic,False,0.9186,False,False,False,{'movie_name': 'Outcast-ны'},"{'artist': 'Min', 'music_item': 'Outcast'}"
test_347,минем This Is Tchaikovsky плейлистыма хәзерге трекны өстә,AddToPlaylist,PlayMusic,False,0.9506,False,False,False,"{'reference': 'минем', 'playlist': 'This Is Tchaikovsky', 'music_item': 'трекны'}","{'music_item': 'трек', 'playlist': 'This Is Tchaikovsky плейлистыма'}"
test_348,Lastfm-да This Is: Miles Davis-ны кабыз .,PlayMusic,PlayMusic,True,0.8862,False,False,False,"{'service': 'Lastfm-да', 'playlist': 'This Is: Miles Davis-ны'}","{'artist': 'This Is', 'object_type': 'кабыз', 'music_item': 'This Is'}"
test_349,Танзаниядә кабымханәдә 5 кешегә иң яхшы өстәлне броньла,BookRestaurant,BookRestaurant,True,0.9607,False,False,False,"{'location': 'Танзаниядә', 'restaurant_type': 'кабымханәдә', 'party_size_number': '5', 'sort': 'иң яхшы'}","{'cuisine': 'өстәлне', 'datetime': '', 'facility': '', 'location': 'Танзаниядә кабымханәдә', 'party_size_description': '5 кешегә', 'party_size_number': '', 'restaurant_name': '', 'restaurant_type': 'кабымханә', 'served_dish': ''}"
test_350,Әйдә Vimeo-да яхшы элекке Mohammad Mamle тыңлыйк .,PlayMusic,PlayMusic,True,0.9306,False,False,False,"{'service': 'Vimeo-да', 'sort': 'элекке', 'artist': 'Mohammad Mamle'}","{'artist': 'Мohammad Mamle', 'object_type': 'тыңлыйк'}"
test_351,Vandemataram Srinivas трегын HipHop Hot 50-гә куй.,AddToPlaylist,AddToPlaylist,True,0.9361,False,False,False,"{'artist': 'Vandemataram Srinivas', 'music_item': 'трегын', 'playlist': 'HipHop Hot 50-гә'}","{'artist': 'Vandemataram Srinivas', 'entity_name': 'трегын HipHop Hot 50-гә куй'}"
test_352,Миңа Secret South җырын таб .,SearchCreativeWork,SearchCreativeWork,True,0.9245,False,False,False,"{'object_name': 'Secret South', 'object_type': 'җырын'}","{'object_name': 'Secret South', 'object_type': 'cinema'}"
test_353,Zvooq-та туксанынчы еллар җырлары,PlayMusic,alarm/show_alarms,False,0.9423,False,False,False,"{'service': 'Zvooq-та', 'datetime': 'туксанынчы'}",{}
test_354,кичке биштән башлап Техаста Admire-да һава торышы нинди,weather/find,weather/find,True,0.947,False,False,False,"{'datetime': 'кичке биштән', 'location': 'Техаста | Admire-да'}","{'location': 'Admire-да', 'datetime': 'кичке биштән башлап'}"
test_355,Last FM-да берәр нәрсә уйнат,PlayMusic,PlayMusic,True,0.9492,False,False,False,{'service': 'Last FM-да'},"{'artist': 'Last FM-да', 'music_item': 'берәр нәрсә'}"
test_356,Мин якындагы кинотеатрда The Portrait of a Lady карарга телим .,SearchScreeningEvent,SearchCreativeWork,False,0.9739,False,False,True,"{'location': 'якындагы', 'object_location_type': 'кинотеатрда', 'movie_name': 'The Portrait of a Lady'}",{'object_name': 'The Portrait of a Lady'}
test_357,"Зинһар, миңа Phineas Redux таб .",SearchCreativeWork,reminder/set_reminder,False,0.9287,False,False,False,{'object_name': 'Phineas Redux'},"{'object_name': 'Phineas Redux', 'datetime': 'миңа'}"
test_358,Laundry плейлистына 40 cal көйен өстә.,AddToPlaylist,AddToPlaylist,True,0.9394,False,False,False,"{'playlist': 'Laundry', 'artist': '40 cal', 'music_item': 'көйен'}","{'playlist': 'Laundry', 'music_item': '40 cal', 'entity_name': 'өстә'}"
test_359,Itunes-ны ач һәм Ben Burnley Ready To Die-ны уйнат,PlayMusic,PlayMusic,True,0.9571,False,False,True,"{'service': 'Itunes-ны', 'artist': 'Ben Burnley', 'album': 'Ready To Die-ны'}","{'artist': 'Ben Burnley', 'music_item': 'Ready To Die', 'service': 'Itunes'}"
test_360,5-енче декабрьдә Лихул һәйкәле янында нинди һава торышы булачак ?,weather/find,weather/find,True,0.9691,False,False,False,"{'datetime': '5-енче декабрьдә', 'location': 'Лихул һәйкәле'}","{'datetime': '5-енче декабрьдә', 'location': 'Лихул һәйкәле янында'}"
test_361,Якындагы кинотеатрда Sexy Dance 2 расписаниесен күрсәт,SearchScreeningEvent,SearchCreativeWork,False,0.9368,False,False,True,"{'location': 'Якындагы', 'object_location_type': 'кинотеатрда', 'movie_name': 'Sexy Dance 2', 'object_type': 'расписаниесен'}","{'object_type': 'кинотеатр', 'movie_name': 'Sexy Dance 2'}"
test_362,Live at the Kings Center дип аталган җырны таб,SearchCreativeWork,SearchCreativeWork,True,0.9826,False,False,False,"{'object_name': 'Live at the Kings Center', 'object_type': 'җырны'}",{'object_name': 'Live at the Kings Center'}
test_363,"Тайонкта , Нью-Джерсида нинди һава торышы",weather/find,weather/find,True,0.9827,False,False,False,{'location': 'Тайонкта | Нью - Джерсида'},{'location': 'Нью-Джерсида'}
test_364,Мин биш кешелек өстәл Tupelo Honey Cafe-да Нью-Джерсида броньларга телим.,BookRestaurant,BookRestaurant,True,0.9595,False,False,True,"{'party_size_number': 'биш', 'restaurant_name': 'Tupelo Honey Cafe-да', 'location': 'Нью - Джерсида'}","{'restaurant_name': 'Tupelo Honey Cafe', 'location': 'Нью-Джерсида', 'party_size_description': 'bish кешелек'}"
test_365,чәй йорта миӊа һәм минем cеңелләремә урын броньла,BookRestaurant,BookRestaurant,True,0.9303,False,False,True,"{'restaurant_type': 'чәй йорта', 'party_size_description': 'миӊа һәм минем cеңелләремә'}","{'datetime': 'чәй йорта', 'location': 'миӊа һәм минем', 'party_size_description': 'сеңелләремә урын'}"
test_366,16 февральдә Нидерландта эссе булачакмы ?,weather/find,SearchCreativeWork,False,0.9688,False,False,True,"{'datetime': '16 февральдә', 'location': 'Нидерландта', 'condition_temperature': 'эссе'}","{'datetime': '16 февральдә', 'object_type': 'эссе'}"
test_367,Мин jordan rudess-ны Divertido para niños плейлистына өстәргә телим.,AddToPlaylist,AddToPlaylist,True,0.9606,False,False,False,"{'artist': 'jordan rudess-ны', 'playlist': 'Divertido para niños'}","{'playlist': 'Divertido para niños', 'entity_name': 'jordan rudess'}"
test_368,In the Company of Cheerful Ladies-ка 6-дан нуль куй,RateBook,alarm/set_alarm,False,0.9493,False,False,False,"{'object_name': 'In the Company of Cheerful Ladies-ка', 'best_rating': '6-дан', 'rating_value': 'нуль'}",{'datetime': '6-дан нуль куй'}
test_369,Миңа иң яхшы бистрода өстәл броньла,BookRestaurant,BookRestaurant,True,0.8235,False,False,False,"{'sort': 'иң яхшы', 'restaurant_type': 'бистрода'}","{'datetime': 'миңа', 'location': 'истракан бистрода', 'party_size_description': 'ың бистрода'}"
test_370,Хәзерге дәреслеккә 6-дан 1 куй,RateBook,alarm/set_alarm,False,0.932,False,False,False,"{'object_select': 'Хәзерге', 'object_type': 'дәреслеккә', 'best_rating': '6-дан', 'rating_value': '1'}","{'datetime': '6-дан', 'reference': 'барлык', 'recurring_datetime': 'куй'}"
test_371,кино вакытлары кайчан,SearchScreeningEvent,SearchCreativeWork,False,0.9466,False,False,False,{'object_type': 'кино вакытлары'},{'object_type': 'кино'}
test_372,Огайода нинди hава торышы булачак ?,weather/find,weather/find,True,0.9531,False,False,False,{'location': 'Огайода'},"{'datetime': 'огайода', 'location': 'нинди'}"
test_373,Бу артистны Showstopper Being Mary Jane плейлистына өстә,AddToPlaylist,AddToPlaylist,True,0.9223,False,False,False,"{'music_item': 'артистны', 'playlist': 'Showstopper Being Mary Jane'}","{'artist': 'Бу артист', 'entity_name': 'Showstopper Being Mary Jane', 'playlist': 'плейлист'}"
test_374,Балаларыма һәм миңа броньла,BookRestaurant,BookRestaurant,True,0.9593,False,False,True,{'party_size_description': 'Балаларыма һәм миңа'},"{'party_size_number': 'балаларыма', 'datetime': 'миңа'}"
test_375,2035 елның 21 августында Сарыкамыш тыюлыгыда нинди һава торышы булачак ?,weather/find,weather/find,True,0.9209,False,False,False,"{'datetime': '2035 елның 21 августында', 'location': 'Сарыкамыш тыюлыгыда'}","{'datetime': '21 август', 'location': 'Сарыкамыш тыюлыгыда', 'condition_date': '2035 ел'}"
test_376,Руфь китапка 6-дан биш балл бир .,RateBook,RateBook,True,0.9541,False,False,False,"{'object_name': 'Руфь китапка', 'best_rating': '6-дан', 'rating_value': 'биш', 'rating_unit': 'балл'}","{'object_name': 'Руфь китабы', 'rating_value': '6-дан биш', 'rating_unit': 'балл'}"
test_377,Reminiscences of the Anti-Japanese Guerillas хроникасы 6-дан ноль балл рейтинг лаек.,RateBook,RateBook,True,0.973,False,False,True,"{'object_name': 'Reminiscences of the Anti-Japanese Guerillas', 'object_part_of_series_type': 'хроникасы', 'best_rating': '6-дан', 'rating_value': 'ноль', 'rating_unit': 'балл'}","{'object_name': 'Reminiscences of the Anti-Japanese Guerillas', 'rating_value': '6', 'rating_unit': 'балл'}"
test_378,Миңа Көньяк Театрларындагы кино графикларын күрсәт,SearchScreeningEvent,SearchCreativeWork,False,0.9151,False,False,False,"{'location': 'Көньяк Театрларындагы', 'object_type': 'кино графикларын'}","{'object_location_type': 'Кино график', 'location': 'Көньяк Театрларын'}"
test_379,Якындагы кинотеатрда кино графикларын таб,SearchScreeningEvent,SearchCreativeWork,False,0.9506,False,False,False,"{'location': 'Якындагы кинотеатрда', 'object_type': 'кино графикларын'}","{'object_location_type': 'кинотеатр', 'location': 'Якындагы'}"
test_380,Бу альбом Испан ритмнар плейлистына өстә,AddToPlaylist,PlayMusic,False,0.9628,False,False,False,"{'music_item': 'альбом', 'playlist': 'Испан ритмнар'}","{'album': 'бу альбом', 'playlist': 'Испан ритмнар плейлистына'}"
test_381,6 кешегә креол тавернасында Черногориядә броньла,BookRestaurant,BookRestaurant,True,0.9367,False,False,True,"{'party_size_number': '6', 'cuisine': 'креол', 'restaurant_type': 'тавернасында', 'location': 'Черногориядә'}","{'cuisine': 'креол', 'datetime': '6 кешегә', 'facility': '', 'location': 'Черногория', 'party_size_description': '', 'party_size_number': '', 'restaurant_name': '', 'restaurant_type': '', 'served_dish': ''}"
test_382,Cathedral сериясенә дүрт йолдыз бир .,RateBook,SearchCreativeWork,False,0.9487,False,False,True,"{'object_name': 'Cathedral', 'object_part_of_series_type': 'сериясенә', 'rating_value': 'дүрт', 'rating_unit': 'йолдыз'}","{'object_name': 'Cathedral', 'object_type': 'серия'}"
test_383,The Famous Flower of Serving-Men минем кичке акустика плейлистымна өстә.,AddToPlaylist,AddToPlaylist,True,0.9731,False,False,False,"{'entity_name': 'The Famous Flower of Serving-Men', 'reference': 'минем', 'playlist': 'кичке акустика'}",{'playlist': 'минем кичке акустика плейлистымна'}
test_384,Миңа ArcLight Hollywood кинотеатырында анимацион фильмнарга гына расписаниесене күрсәт,SearchScreeningEvent,SearchCreativeWork,False,0.9065,False,False,False,"{'location': 'ArcLight Hollywood кинотеатырында', 'movie_type': 'анимацион фильмнарга', 'object_type': 'расписаниесене'}","{'object_type': 'анимацион фильмнарга', 'datetime': 'расписаниесене'}"
test_385,"Зинһар, Йолдызлы төн рәсемне таб .",SearchCreativeWork,SearchCreativeWork,True,0.9778,False,False,False,"{'object_name': 'Йолдызлы төн', 'object_type': 'рәсемне'}",{'object_name': 'Йолдызлы төн рәсем'}
test_386,Бу урында 15:19:29 дымлылык нинди булачак ?,weather/find,weather/find,True,0.984,False,False,True,"{'location': 'Бу урында', 'datetime': '15:19:29', 'condition_description': 'дымлылык'}","{'datetime': '15:19:29', 'location': 'бу урында'}"
test_387,мин JLA Adventures: Trapped In Time-ны карарга телим,SearchScreeningEvent,SearchCreativeWork,False,0.9718,False,False,False,{'movie_name': 'JLA Adventures: Trapped In Time-ны'},{'object_name': 'JLA Adventures: Trapped In Time'}
test_388,This Is Johnny Cash-ка дерек уоткинсныӊ көйен өстә,AddToPlaylist,play_music,False,0.9423,False,False,False,"{'playlist': 'This Is Johnny Cash-ка', 'artist': 'дерек уоткинсныӊ', 'music_item': 'көйен'}","{'artist': 'Johnny Cash', 'music_item': 'дерек уоткинс'}"
test_389,Fire in the Hole дип аталган иҗади эш таб,SearchCreativeWork,play_music,False,0.9624,False,False,False,{'object_name': 'Fire in the Hole'},{'music_item': 'Fire in the Hole'}
test_390,пэтныӊ колледж янында өстәлне броньла,BookRestaurant,BookRestaurant,True,0.9505,False,False,False,{'location': 'пэтныӊ колледж | янында'},"{'restaurant_name': 'пэтныӊ колледж', 'location': 'пэтныӊ янында'}"
test_391,Patrick Still Lives AMC кинотеатрларында барамы,SearchScreeningEvent,SearchCreativeWork,False,0.9429,False,False,False,"{'movie_name': 'Patrick Still Lives', 'location': 'AMC кинотеатрларында'}",{'object_type': 'кинотеатр'}
test_392,Мин спа массажын броньларга телим .,BookRestaurant,BookRestaurant,True,0.8622,False,False,True,"{'facility': 'спа', 'restaurant_type': 'массажын'}","{'cuisine': 'spa массажын', 'location': 'тели'}"
test_393,14 сәгатьтән соң берәр җирдә Кварривиллда өстәл кирәк,BookRestaurant,alarm/set_alarm,False,0.9538,False,False,False,"{'datetime': '14 сәгатьтән соң', 'location': 'Кварривиллда'}","{'datetime': '14 сәгатьтән соң', 'object_location_type': 'җирдә', 'object_type': 'Кварривиллда өстәл кирәк'}"
test_394,Гари Ли Коннерны уйнат,PlayMusic,SearchCreativeWork,False,0.9601,False,False,False,{'artist': 'Гари Ли Коннерны'},{'object_name': 'Гари Ли Коннер'}
test_395,иң якын кинотеатрны кайда Boycott-ны күрсәтәләр күрсәт,SearchScreeningEvent,SearchCreativeWork,False,0.9201,False,False,True,"{'location': 'иң якын', 'object_location_type': 'кинотеатрны', 'movie_name': 'Boycott-ны'}","{'object_location_type': 'кинотеатр', 'location': 'иң якын кинотеатрны'}"
test_396,"Зинһар, минем ecstatic плейлистны кабыз.",PlayMusic,AddToPlaylist,False,0.881,False,False,False,{'playlist': 'ecstatic'},"{'playlist': 'экстрактс плейлист', 'entity_name': 'Зинһар'}"
test_397,"Зинһар, The Mad Magician җырын таб .",SearchCreativeWork,SearchCreativeWork,True,0.9952,False,False,False,"{'object_name': 'The Mad Magician', 'object_type': 'җырын'}",{'object_name': 'The Mad Magician'}
test_398,Bow Tie Cinemas-ның расписаниесен тикшер .,SearchScreeningEvent,SearchCreativeWork,False,0.9351,False,False,False,"{'location': 'Bow Tie Cinemas-ның', 'object_type': 'расписаниесен'}","{'object_location_type': 'Bow Tie Cinemas', 'object_type': 'cinema showing schedule'}"
test_399,Миңа Төньяк Мариан утрауларындагы пабта кичәгә 3 кешелек өстәл броньла,BookRestaurant,BookRestaurant,True,0.9273,False,False,False,"{'location': 'Төньяк Мариан утрауларындагы', 'restaurant_type': 'пабта', 'party_size_number': '3'}","{'datetime': 'миңа', 'location': 'Төньяк Мариан утрауларында', 'party_size_number': '3', 'restaurant_type': 'паб', 'restaurant_name': 'паб'}"
test_400,Миңа Infinite Indie Folk исемлеккә Rahim Shah-ның әсәрләрен өстәргә кирәк,AddToPlaylist,SearchCreativeWork,False,0.9586,False,False,False,"{'playlist': 'Infinite Indie Folk', 'artist': 'Rahim Shah-ның'}","{'object_name': 'Rahim Shah-ның әсәрләр', 'object_type': 'исемлек'}"
test_401,Минем Te quiero плейлистыма Кече Джерри Каллистны өстә.,AddToPlaylist,AddToPlaylist,True,0.9405,False,False,False,"{'reference': 'Минем', 'playlist': 'Te quiero', 'artist': 'Кече Джерри Каллистны'}","{'playlist': 'Минем плейлистыма', 'entity_name': 'Кече Джерри Каллист'}"
test_402,Юта янында төнге 3 сәгать тирәсендә никадәр салкынрак булачак ?,weather/find,weather/find,True,0.9717,False,False,True,"{'location': 'Юта | янында', 'datetime': 'төнге 3 сәгать', 'condition_temperature': 'салкынрак'}","{'location': 'Юта янында', 'datetime': 'төнге 3 сәгать', 'weather/attribute': 'никадәр салкынрак'}"
test_403,Альбомны Hipster Soul плейлистына өстә.,AddToPlaylist,PlayMusic,False,0.9352,False,False,False,"{'music_item': 'Альбомны', 'playlist': 'Hipster Soul'}",{'playlist': 'Hipster Soul плейлистына'}
test_404,"Мин унөч сәгатьтән соң деликатес ресторанында ашарга телим, анда көнчыгыш европа ризыклары сатыла",BookRestaurant,BookRestaurant,True,0.9284,False,False,True,"{'datetime': 'унөч сәгатьтән соң', 'restaurant_type': 'деликатес ресторанында', 'cuisine': 'көнчыгыш европа'}","{'datetime': 'мин унөч сәгатьтән соң', 'location': 'делькатес ресторанында', 'party_size_description': 'ашарга телим', 'served_dish': 'көнчыгыш европа ризыклары'}"
test_405,алтмышынчы еллар саундтрегын кабыз,PlayMusic,alarm/set_alarm,False,0.9373,False,False,False,"{'datetime': 'алтмышынчы еллар', 'music_item': 'саундтрегын'}",{'datetime': 'алтмышынчы еллар саундтрегын кабыз'}
test_406,Бу альбомга бер йолдыз бир,RateBook,PlayMusic,False,0.9423,False,False,False,"{'object_select': 'Бу', 'object_type': 'альбомга', 'rating_value': 'бер', 'rating_unit': 'йолдыз'}",{'album': 'бу альбомга'}
test_407,Bryan Macleanның иң олуг музыкасын кабыз .,PlayMusic,PlayMusic,True,0.9533,False,False,False,"{'artist': 'Bryan Macleanның', 'sort': 'иң олуг'}","{'artist': 'Bryan Maclean', 'music_item': 'музыка'}"
test_408,Nicodemus-та һәм аның тирәсендәге һава торышы нинди,weather/find,weather/find,True,0.946,False,False,False,{'location': 'Nicodemus-та | аның тирәсендәге'},"{'object_name': 'Nicodemus', 'location': 'тирәсендә'}"
test_409,Phinally Phamous дип аталган уен эзлә,SearchCreativeWork,SearchCreativeWork,True,0.9706,False,False,False,"{'object_name': 'Phinally Phamous', 'object_type': 'уен'}",{'object_name': 'Phinally Phamous'}
test_410,Juneteenth-га 2 балл куй .,RateBook,RateBook,True,0.9765,False,False,False,"{'object_name': 'Juneteenth-га', 'rating_value': '2'}","{'object_name': 'Juneteenth', 'rating_value': '2'}"
test_411,Rhialto the Marvellous-га нуль йолдыз бир,RateBook,PlayMusic,False,0.9201,False,False,False,"{'object_name': 'Rhialto the Marvellous-га', 'rating_value': 'нуль', 'rating_unit': 'йолдыз'}","{'artist': 'Rhialto', 'object_type': 'фильм', 'music_item': 'Rhialto the Marvellous'}"
test_412,Мин Хелена Ирен Михаэльсенның Youtube-та саундтрегын ишетергә телим,PlayMusic,PlayMusic,True,0.8892,False,False,False,"{'artist': 'Мин Хелена Ирен', 'service': 'Youtube-та', 'music_item': 'саундтрегын'}","{'artist': 'Мин Хелена', 'music_item': 'саундтрег', 'playlist': 'Youtube-та'}"
test_413,5 кешегә 20/01/2023 MH-да өстәл броньла,BookRestaurant,BookRestaurant,True,0.9661,False,False,False,"{'party_size_number': '5', 'datetime': '20/01/2023', 'location': 'MH-да'}","{'datetime': '20/01/2023', 'party_size_number': '5', 'restaurant_name': 'MH'}"
test_414,якындагы анимация фильмнары сессияләре расписаниесе,SearchScreeningEvent,SearchCreativeWork,False,0.9547,False,False,False,"{'location': 'якындагы', 'movie_type': 'анимация фильмнары', 'object_type': 'сессияләре расписаниесе'}",{'object_type': 'фильм'}
test_415,Минем This Is Shakira плейлистымна jack white-ны өстә,AddToPlaylist,AddToPlaylist,True,0.9647,False,False,False,"{'reference': 'Минем', 'playlist': 'This Is Shakira', 'artist': 'jack white-ны'}","{'playlist': 'This Is Shakira', 'entity_name': 'jack white'}"
test_416,Мин Шри-Ланкада биш кешегә ресторан броньларга телим .,BookRestaurant,BookRestaurant,True,0.9062,False,False,False,"{'location': 'Шри-Ланкада', 'party_size_number': 'биш', 'restaurant_type': 'ресторан'}","{'location': 'Шри-Ланкада', 'party_size_description': 'бир кешеге'}"
test_417,"Зинһар, Episodi di The Blacklist телевизион тапшыруын таб .",SearchCreativeWork,SearchCreativeWork,True,0.9794,False,False,False,"{'object_name': 'Episodi di The Blacklist', 'object_type': 'телевизион тапшыруын'}","{'object_name': 'Episodi di The Blacklist', 'object_type': 'телевизион тапшыруы'}"
test_418,монда Law Day-нән башлап салкын һава торышы нинди,weather/find,weather/find,True,0.9401,False,False,True,"{'location': 'монда', 'datetime': 'Law Day-нән', 'condition_temperature': 'салкын'}","{'datetime': 'салкын һава торышы', 'location': 'монда', 'weather/attribute': 'Law Day'}"
test_419,Мин ун кешелек өстәленә ресторанда заказ бирергә телим.,BookRestaurant,BookRestaurant,True,0.8747,False,False,False,"{'party_size_number': 'ун', 'restaurant_type': 'ресторанда'}","{'party_size_number': 'ун', 'cuisine': 'кешелек', 'restaurant_name': 'ресторанда'}"
test_420,Җитмешенче еллардагы Дюк Эллингтоннан берәр нәрсә уйна,PlayMusic,BookRestaurant,False,0.9285,False,False,False,"{'datetime': 'Җитмешенче', 'artist': 'Дюк Эллингтоннан'}","{'location': 'еллардагы', 'restaurant_name': 'Дюк Эллингтоннан'}"
test_421,Cotton Comes to Harlem-ны 2-гә бәялә,RateBook,SearchCreativeWork,False,0.959,False,False,False,"{'object_name': 'Cotton Comes to Harlem-ны', 'rating_value': '2-гә'}",{'object_name': 'Cotton Comes to Harlem'}
test_422,Җырны минем madden nfl 16 плейлистымна өстә,AddToPlaylist,AddToPlaylist,True,0.8799,False,False,False,"{'reference': 'минем', 'playlist': 'madden nfl 16', 'music_item': 'плейлистымна'}","{'playlist': 'плеистлейм', 'music_item': 'minem Madden NFL 16'}"
test_423,Toyan-ны минем Epic Gaming плейлистымна өстә.,AddToPlaylist,AddToPlaylist,True,0.9634,False,False,False,"{'artist': 'Toyan-ны', 'reference': 'минем', 'playlist': 'Epic Gaming'}","{'playlist': 'Epic Gaming плейлистымна', 'entity_name': 'Toyan-ны'}"
test_424,Slacker-да ниндидер яңа Les Vandyke уйнат,PlayMusic,add_to_playlist,False,0.9516,False,False,False,"{'service': 'Slacker-да', 'sort': 'яңа', 'artist': 'Les Vandyke'}","{'artist': 'Slacker', 'entity_name': 'Les Vandyke'}"
test_425,Three Junes-га 6-дан берге бәялә,RateBook,add_to_playlist,False,0.9055,False,False,False,"{'object_name': 'Three Junes-га', 'best_rating': '6-дан', 'rating_value': 'берге'}","{'artist': 'Three Junes', 'entity_name': '6'}"
test_426,Nunez пекарнясында тугыз кешегә өстәл заказ ит,BookRestaurant,BookRestaurant,True,0.9184,False,False,False,"{'location': 'Nunez', 'restaurant_type': 'пекарнясында', 'party_size_number': 'тугыз'}","{'restaurant_name': 'Nunez пекарнясы', 'party_size_description': 'тугыз кешегә өстәл', 'cuisine': 'тугыз кешеге'}"
test_427,Бу агымдагы романны 6-дан икеге бәялә .,RateBook,BookRestaurant,False,0.9472,False,False,False,"{'object_select': 'Бу агымдагы', 'object_type': 'романны', 'best_rating': '6-дан', 'rating_value': 'икеге'}",{'object_type': 'роман'}
test_428,Ронни Вудның The Happy Blues-ны уйнат .,PlayMusic,SearchCreativeWork,False,0.9184,False,False,True,"{'artist': 'Ронни Вудның', 'album': 'The Happy Blues-ны'}","{'object_name': 'Ronnie Wood', 'object_type': 'игрок'}"
test_429,2013 елгы симфонияне уйнат .,PlayMusic,SearchCreativeWork,False,0.9454,False,False,False,"{'datetime': '2013 елгы', 'music_item': 'симфонияне'}",{'object_name': '2013 елгы симфонияне'}
test_430,Jennifer Paull-ның Subconscious Lobotomy-ны уйнат .,PlayMusic,SearchCreativeWork,False,0.9466,False,False,True,"{'artist': 'Jennifer Paull-ның', 'album': 'Subconscious Lobotomy-ны'}","{'object_name': 'Jennifer Paull', 'object_type': 'фильм'}"
test_431,The Crystal Snare-га 5 йолдыз бир,RateBook,AddToPlaylist,False,0.9387,False,False,False,"{'object_name': 'The Crystal Snare-га', 'rating_value': '5', 'rating_unit': 'йолдыз'}","{'entity_name': 'The Crystal Snare', 'party_size_number': '5'}"
test_432,Бу дәреслеккә нуль йолдыз куй,RateBook,alarm/set_alarm,False,0.9408,False,False,False,"{'object_select': 'Бу', 'object_type': 'дәреслеккә', 'rating_value': 'нуль', 'rating_unit': 'йолдыз'}",{'datetime': 'бу дәреслеккә нуль йолдыз куй'}
test_433,Агымдагы серияне 4 баллга бәялә,RateBook,RateBook,True,0.9514,False,False,True,"{'object_select': 'Агымдагы', 'object_part_of_series_type': 'серияне', 'rating_value': '4', 'rating_unit': 'баллга'}","{'object_name': 'Агымдагы серияне', 'object_type': 'серия', 'rating_value': '4', 'rating_unit': 'балл'}"
test_434,Мин Urbank California-да James D. Conrey House-да өстәл телим,BookRestaurant,BookRestaurant,True,0.9449,False,False,True,"{'location': 'Urbank | California-да', 'restaurant_name': 'James D. Conrey House-да'}","{'location': 'Urbank California', 'restaurant_name': 'James D. Conrey House'}"
test_435,Babar: King of the Elephants уйнымы,SearchScreeningEvent,SearchCreativeWork,False,0.9789,False,False,False,{'movie_name': 'Babar: King of the Elephants'},{'object_name': 'Babar: King of the Elephants'}
test_436,this is racionais mc's-га җырны өстә,AddToPlaylist,PlayMusic,False,0.925,False,False,False,"{'playlist': ""this is racionais mc's-га"", 'music_item': 'җырны'}","{'artist': ""racionais mc's"", 'music_item': 'ga җырны өстә'}"
test_437,Хәзерге эссега 6-дан нуль йолдыз куй,RateBook,alarm/set_alarm,False,0.9497,False,False,False,"{'object_select': 'Хәзерге', 'object_type': 'эссега', 'best_rating': '6-дан', 'rating_value': 'нуль', 'rating_unit': 'йолдыз'}",{'datetime': '6-дан нуль'}
test_438,Әйдә Эндрю Хьюиттан берәр нәрсә тыңлыйк .,PlayMusic,SearchCreativeWork,False,0.9466,False,False,False,{'artist': 'Эндрю Хьюиттан'},{'object_name': 'Әйдә Эндрю Хьюиттан берәр нәрсә'}
test_439,Якында анимация фильмнарын таб,SearchScreeningEvent,SearchCreativeWork,False,0.9596,False,False,False,"{'location': 'Якында', 'movie_type': 'анимация фильмнарын'}",{'object_type': 'фильм'}
test_440,хәзерге хроникага 6-дан биш балл бир,RateBook,reminder/set_reminder,False,0.9303,False,False,True,"{'object_select': 'хәзерге', 'object_part_of_series_type': 'хроникага', 'best_rating': '6-дан', 'rating_value': 'биш', 'rating_unit': 'балл'}","{'datetime': 'хәзерге хроникага 6-дан биш', 'reminder/todo': 'балл бир'}"
test_441,Миңа Settha Palace Hotel-да Saint Helena-да 4 кешелек өстәл кирәк,BookRestaurant,BookRestaurant,True,0.9016,False,False,True,"{'restaurant_name': 'Settha Palace Hotel-да', 'location': 'Saint Helena-да', 'party_size_number': '4 кешелек'}","{'party_size_number': '4', 'location': 'Settha Palace Hotel-да', 'datetime': 'миңа', 'restaurant_type': 'отель', 'party_size_description': '4 кешелек'}"
test_442,Изге Патрик көнендә Вирджинияда һава торышы нинди булыр ?,weather/find,weather/find,True,0.9621,False,False,False,"{'datetime': 'Изге Патрик көнендә', 'location': 'Вирджинияда'}","{'datetime': 'көнендә', 'location': 'Вирджинияда'}"
test_443,Миңа Speakeasy Theaters киноның вакыт исемлеге кирәк,SearchScreeningEvent,SearchCreativeWork,False,0.9059,False,False,False,"{'location': 'Speakeasy Theaters', 'object_type': 'киноның вакыт'}","{'datetime': ' Миңа', 'object_type': 'кино'}"
test_444,Meet the Prince телевизион тапшыруын эзлә,SearchCreativeWork,SearchCreativeWork,True,0.9802,False,False,False,"{'object_name': 'Meet the Prince', 'object_type': 'телевизион тапшыруын'}","{'object_name': 'Meet the Prince', 'object_type': 'телевизион тапшыруы'}"
test_445,"Зинһар, миңа Compulsive Disclosure җырын бир .",SearchCreativeWork,reminder/set_reminder,False,0.9549,False,False,False,"{'object_name': 'Compulsive Disclosure', 'object_type': 'җырын'}",{'reminder/todo': 'Compulsive Disclosure'}
test_446,Zvooq-та Trance Life-ны уйнат .,PlayMusic,PlayMusic,True,0.9632,False,False,False,"{'service': 'Zvooq-та', 'playlist': 'Trance Life-ны'}","{'artist': 'Zvooq', 'music_item': 'Trance Life'}"
test_447,"Зинһар, миңа Serious Awesomeness ! эшен таб.",SearchCreativeWork,reminder/set_reminder,False,0.936,False,False,False,{'object_name': 'Serious Awesomeness'},{'reminder/todo': 'эшен таб'}
test_448,мин кинотеатрда I Dream of Jeanie-ны карарга телим,SearchScreeningEvent,SearchCreativeWork,False,0.9488,False,False,True,"{'object_location_type': 'кинотеатрда', 'movie_name': 'I Dream of Jeanie-ны'}",{'object_name': 'I Dream of Jeanie'}
test_449,Пол Маккартни уйнат,PlayMusic,reminder/set_reminder,False,0.9653,False,False,False,{'artist': 'Пол Маккартни'},{'reminder/todo': 'Пол Маккартни уйнат'}
test_450,Хәзерге романны 3 йолдызга бәялә,RateBook,BookRestaurant,False,0.9302,False,False,False,"{'object_select': 'Хәзерге', 'object_type': 'романны', 'rating_value': '3', 'rating_unit': 'йолдызга'}",{'object_type': 'роман'}
test_451,Paris - When It Sizzles китабын таба аласызмы ?,SearchCreativeWork,SearchCreativeWork,True,0.9866,False,False,False,"{'object_name': 'Paris - When It Sizzles', 'object_type': 'китабын'}",{'object_name': 'Paris - When It Sizzles'}
test_452,Филипп Киркоровның җитмешенче еллар пьесасын уйнат,PlayMusic,PlayMusic,True,0.9478,False,False,False,"{'artist': 'Филипп Киркоровның', 'datetime': 'җитмешенче'}","{'artist': 'Филипп Киркоров', 'music_item': 'пьеса'}"
test_453,Киләсе елда мин Пенни янындагы bougatsa ресторанын өч кешегә броньларга телим.,BookRestaurant,BookRestaurant,True,0.8502,False,False,True,"{'datetime': 'Киләсе елда', 'location': 'Пенни | янындагы', 'cuisine': 'bougatsa', 'restaurant_type': 'ресторанын', 'party_size_number': 'өч'}","{'restaurant_name': 'Киләсе елда мин Пенни', 'restaurant_type': 'ресторан', 'party_size_number': 'өч кешегә', 'location': 'биле аны көрүү ucun'}"
test_454,Тенинода яңгырлар булырмы ?,weather/find,weather/find,True,0.9651,False,False,True,"{'location': 'Тенинода', 'condition_description': 'яңгырлар'}","{'location': 'Тенинода', 'datetime': 'яңгырлар'}"
test_455,"Зинһар, Three Essays on the Theory of Sexuality шоусын эзлә .",SearchCreativeWork,SearchCreativeWork,True,0.9814,False,False,False,"{'object_name': 'Three Essays on the Theory of Sexuality', 'object_type': 'шоусын'}","{'object_name': 'Three Essays on the Theory of Sexuality', 'object_type': 'фильм'}"
test_456,Мин Рамонда ашарга телим,BookRestaurant,alarm/set_alarm,False,0.9164,False,False,False,{'location': 'Рамонда'},"{'datetime': 'ашарга', 'reference': 'телим'}"
test_457,Emo Forever плейлистына boy george трегын өстә.,AddToPlaylist,AddToPlaylist,True,0.9472,False,False,False,"{'playlist': 'Emo Forever', 'artist': 'boy george', 'music_item': 'трегын'}","{'playlist': 'Emo Forever', 'entity_name': 'boy george трег'}"
test_458,Vimy Ridge-да стейк-хаус заказ итәргә телим .,BookRestaurant,BookRestaurant,True,0.9516,False,False,False,"{'location': 'Vimy Ridge-да', 'restaurant_type': 'стейк-хаус'}","{'restaurant_name': 'Vimy Ridge', 'cuisine': 'стейк-хаус', 'object_type': 'заказ'}"
test_459,Without Witness егерме ике  сәгатьтән соң уйнаячакмы,SearchScreeningEvent,alarm/set_alarm,False,0.9282,False,False,False,"{'movie_name': 'Without Witness', 'datetime': 'егерме ике сәгатьтән соң'}",{'datetime': 'егерме ике сәгатьтән соң'}
test_460,9 кешегә урын броньла,BookRestaurant,BookRestaurant,True,0.9543,False,False,False,{'party_size_number': '9'},"{'datetime': '9 кешегә', 'location': 'урын'}"
test_461,бу трекны минем Hands Up плейлистына өстә,AddToPlaylist,PlayMusic,False,0.9693,False,False,False,"{'music_item': 'трекны', 'reference': 'минем', 'playlist': 'Hands Up'}","{'music_item': 'бу трек', 'playlist': 'Hands Up'}"
test_462,90s Pop Rock Essentials-тан берәр нәрсә уйнат,PlayMusic,SearchCreativeWork,False,0.8902,False,False,False,{'playlist': '90s Pop Rock Essentials-тан'},{'object_type': 'музыкальное произведение'}
test_463,Син миңа Blue Spring трейлерын таба аласыңмы ?,SearchCreativeWork,SearchCreativeWork,True,0.9233,False,False,False,"{'object_name': 'Blue Spring', 'object_type': 'трейлерын'}",{'object_name': 'Син миңа Blue Spring трейлерын'}
test_464,36 Children-га 6-дан ике йолдыз куй,RateBook,add_to_playlist,False,0.9023,False,False,False,"{'object_name': '36 Children-га', 'best_rating': '6-дан', 'rating_value': 'ике', 'rating_unit': 'йолдыз'}","{'entity_name': 'Children', 'party_size_number': '6', 'party_size_description': '6-дан ике йолдыз'}"
test_465,Мин MJR театрында анимацион фильмнарны телим,SearchScreeningEvent,SearchCreativeWork,False,0.9656,False,False,False,"{'location': 'MJR театрында', 'movie_type': 'анимацион фильмнарны'}",{'object_type': 'анимацион фильмнарны'}
test_466,Sexy as Folk плейлистына башкаручы mike-ны өстә.,AddToPlaylist,AddToPlaylist,True,0.954,False,False,False,"{'playlist': 'Sexy as Folk', 'music_item': 'башкаручы', 'artist': 'mike-ны'}","{'playlist': 'Sexy as Folk плейлистына', 'entity_name': 'mike-ны'}"
test_467,минем this is al green плейлистына Highway Patrolman өстә,AddToPlaylist,AddToPlaylist,True,0.9479,False,False,False,"{'reference': 'минем', 'playlist': 'this is al green', 'entity_name': 'Highway Patrolman'}","{'playlist': 'минем this is al green плейлистына', 'entity_name': 'Highway Patrolman'}"
test_468,Миңа To Lose My Life исемле романны таб …,SearchCreativeWork,SearchCreativeWork,True,0.9601,False,False,False,"{'object_name': 'To Lose My Life', 'object_type': 'романны'}","{'object_name': 'To Lose My Life', 'object_type': 'роман'}"
test_469,бу альбомны 5-кә бәялә,RateBook,PlayMusic,False,0.9447,False,False,False,"{'object_select': 'бу', 'object_type': 'альбомны', 'rating_value': '5-кә'}","{'album': 'бу альбомны', 'music_item': 'песня'}"
test_470,Төшке ашта якындагы кинотеатрда Rare Birds күрсәтеләчәк .,SearchScreeningEvent,SearchCreativeWork,False,0.9568,False,False,True,"{'datetime': 'Төшке ашта', 'location': 'якындагы', 'object_location_type': 'кинотеатрда', 'movie_name': 'Rare Birds'}",{'object_name': 'Rare Birds'}
test_471,The 8-Week Cholesterol Cure-га 6-дан өчкә бәялә .,RateBook,reminder/set_reminder,False,0.9522,False,False,False,"{'object_name': 'The 8-Week Cholesterol Cure-га', 'best_rating': '6-дан', 'rating_value': 'өчкә'}","{'datetime': '6-дан', 'reminder/todo': 'The 8-Week Cholesterol Cure-га 6-дан өчкә бәялә'}"
test_472,Martin barre-ны минем punk unplugged плейлистыма өстә.,AddToPlaylist,AddToPlaylist,True,0.9524,False,False,False,"{'artist': 'Martin barre-ны', 'reference': 'минем', 'playlist': 'punk unplugged'}","{'playlist': 'минем punk unplugged плейлистыма', 'entity_name': 'Martin barre'}"
test_473,хәзерге романны 6-дан нульгә бәялә,RateBook,BookRestaurant,False,0.929,False,False,False,"{'object_select': 'хәзерге', 'object_type': 'романны', 'best_rating': '6-дан', 'rating_value': 'нульгә'}",{'object_type': 'роман'}
test_474,Минем кинотеатрда The Young Swordsman нинди вакытта барачак ?,SearchScreeningEvent,SearchCreativeWork,False,0.9375,False,False,True,"{'object_location_type': 'кинотеатрда', 'movie_name': 'The Young Swordsman', 'object_type': 'вакытта'}","{'datetime': '', 'object_name': 'The Young Swordsman'}"
test_475,Тирә-юньдә нинди фильмнар күрсәтеләр,SearchScreeningEvent,SearchCreativeWork,False,0.9563,False,False,False,"{'location': 'Тирә-юньдә', 'movie_type': 'фильмнар'}",{'object_type': 'фильм'}
test_476,Мин North City-дәге Oregon Electric Station броньларга телим .,BookRestaurant,BookRestaurant,True,0.9702,False,False,True,"{'location': 'North City-дәге', 'restaurant_name': 'Oregon Electric Station'}","{'restaurant_name': 'Oregon Electric Station', 'location': 'North City'}"
test_477,монда төнге сәгать икедә һава торышы нинди,weather/find,weather/find,True,0.8605,False,False,False,"{'location': 'монда', 'datetime': 'төнге сәгать икедә'}","{'datetime': 'танырылган', 'location': 'монда'}"
test_478,Wanda Group-ның фильм кестесін таб .,SearchScreeningEvent,SearchCreativeWork,False,0.9576,False,False,False,"{'location': 'Wanda Group-ның', 'object_type': 'фильм кестесін'}",{'object_type': 'фильм'}
test_479,Самоада Ваурикада нинди һава торышы,weather/find,weather/find,True,0.9918,False,False,False,{'location': 'Самоада | Ваурикада'},{'location': 'Самоада Ваурикада'}
test_480,Тирә-яктагы фильмнар расписаниесен күрсәт,SearchScreeningEvent,SearchCreativeWork,False,0.9683,False,False,False,"{'location': 'Тирә-яктагы', 'object_type': 'фильмнар расписаниесен'}",{'object_type': 'фильм'}
test_481,Blues britânico уйнат .,PlayMusic,PlayMusic,True,0.958,False,False,True,{'genre': 'Blues britânico'},"{'artist': 'Blues', 'object_type': 'britânico'}"
test_482,AMC Theaters-да No Time to Be Young күрсәтеләме,SearchScreeningEvent,SearchCreativeWork,False,0.945,False,False,False,"{'location': 'AMC Theaters-да', 'movie_name': 'No Time to Be Young'}","{'object_type': 'кинопоказ', 'movie_name': 'No Time to Be Young'}"
test_483,"Зинһар, миңа Монти Пайтон Голливудта эзлә һәм таб .",SearchCreativeWork,SearchCreativeWork,True,0.9766,False,False,False,{'object_name': 'Монти Пайтон Голливудта'},"{'object_name': 'Зинһар', 'object_type': 'фильм'}"
test_484,кичке бишкә монда буран аркасында һава торышы нинди,weather/find,weather/find,True,0.965,False,False,True,"{'datetime': 'кичке бишкә', 'location': 'монда', 'condition_description': 'буран'}","{'location': 'кичке бишкә монда буран аркасында', 'datetime': 'һава торышы нинди'}"
test_485,Ирландия балалар евровидениеда 2015 минем Jazzy Dinner плейлистына өстә,AddToPlaylist,AddToPlaylist,True,0.9722,False,False,False,"{'entity_name': 'Ирландия балалар евровидениеда 2015', 'reference': 'минем', 'playlist': 'Jazzy Dinner'}","{'playlist': 'Jazzy Dinner плейлистына', 'entity_name': 'Ирландия балалар'}"
test_486,Indie Hipster-га җырны өстә,AddToPlaylist,alarm/set_alarm,False,0.9569,False,False,False,"{'playlist': 'Indie Hipster-га', 'music_item': 'җырны'}",{'datetime': 'җырны өстә'}
test_487,Син миңа National Anthem of the Ancient Britons телевизион тапшыруын таба аласыңмы ?,SearchCreativeWork,SearchCreativeWork,True,0.9661,False,False,False,"{'object_name': 'National Anthem of the Ancient Britons', 'object_type': 'телевизион тапшыруын'}","{'object_name': 'National Anthem of the Ancient Britons', 'object_type': 'телевизион тапшыруы'}"
test_488,"travelling плейлистына зинһар, бу Дэвид Гаан җырын өстә .",AddToPlaylist,AddToPlaylist,True,0.9634,False,False,False,"{'playlist': 'travelling', 'artist': 'Дэвид Гаан', 'music_item': 'җырын'}","{'playlist': 'travelling плейлистына', 'entity_name': 'Дэвид Гаан җырын'}"
test_489,Мин аларны Murcof рәссамнан ишетергә телим,PlayMusic,reminder/set_reminder,False,0.9599,False,False,False,"{'music_item': 'аларны', 'artist': 'Murcof'}",{'reminder/todo': 'Мин аларны Murcof рәссамнан ишетергә телим'}
test_490,The Gift: Imagination and the Erotic Life of Property-ны биш йолдызга бәялә,RateBook,SearchCreativeWork,False,0.9639,False,False,False,"{'object_name': 'The Gift: Imagination and the Erotic Life of Property-ны', 'rating_value': 'биш', 'rating_unit': 'йолдызга'}","{'object_name': 'The Gift: Imagination and the Erotic Life of Property-', 'object_type': 'фильм'}"
test_491,Миңа Baby Blue дип аталган телевизион тапшыруны таб,SearchCreativeWork,SearchCreativeWork,True,0.9538,False,False,False,"{'object_name': 'Baby Blue', 'object_type': 'телевизион тапшыруны'}","{'object_name': 'Baby Blue телевизион тапшыру', 'object_type': 'телевизион тапшыру'}"
test_492,The Girl Who Was Plugged In китабын эзлә,SearchCreativeWork,SearchCreativeWork,True,0.9784,False,False,False,"{'object_name': 'The Girl Who Was Plugged In', 'object_type': 'китабын'}",{'object_name': 'The Girl Who Was Plugged In'}
test_493,филлис уордка һәм вероникага 152 көннән соң ресторанда өстәл кирәк,BookRestaurant,BookRestaurant,True,0.9484,False,False,True,"{'party_size_description': 'филлис уордка һәм вероникага', 'datetime': '152 көннән соң', 'restaurant_type': 'ресторанда'}","{'party_size_number': '152', 'datetime': '152 көннән соң', 'restaurant_name': 'филлис уордка һәм вероникага', 'location': ''}"
test_494,5 кешелек танылган ресторанны броньла,BookRestaurant,BookRestaurant,True,0.9252,False,False,False,"{'party_size_number': '5', 'sort': 'танылган', 'restaurant_type': 'ресторанны'}","{'party_size_number': '5', 'cuisine': '', 'restaurant_name': '', 'location': ''}"
test_495,"Бруклон янында The Dome, Edinburgh отеленда номерны броньла",BookRestaurant,BookRestaurant,True,0.9371,False,False,True,"{'location': 'Бруклон | янында', 'restaurant_name': 'The Dome, Edinburgh'}","{'restaurant_name': 'The Dome', 'location': 'Бруклон янында', 'restaurant_type': 'отель', 'party_size_description': 'номер'}"
test_496,Бу альбомны Old School Death Metal-га өстә,AddToPlaylist,PlayMusic,False,0.9529,False,False,False,"{'music_item': 'альбомны', 'playlist': 'Old School Death Metal-га'}","{'album': 'Бу альбомны', 'music_item': 'Бу альбом'}"
test_497,Jersey Boys телесериалын эзлә,SearchCreativeWork,SearchCreativeWork,True,0.9518,False,False,False,"{'object_name': 'Jersey Boys', 'object_type': 'телесериалын'}",{'object_type': 'телесериал'}
test_498,Алты ай эчендә Танжер янындагы иң яхшы пабта тугыз кешегә өстәл броньла,BookRestaurant,BookRestaurant,True,0.9224,False,False,False,"{'datetime': 'Алты ай эчендә', 'location': 'Танжер | янындагы', 'sort': 'иң яхшы', 'restaurant_type': 'пабта', 'party_size_number': 'тугыз'}","{'datetime': 'Алты ай эчендә', 'location': 'Танжер янындагы', 'party_size_description': 'иң яхшы', 'restaurant_name': 'паб', 'restaurant_type': 'кафе или ресторан'}"
test_499,Миңа Harkins Theatres-ында фильмларны күрсәт .,SearchScreeningEvent,SearchCreativeWork,False,0.9503,False,False,False,"{'location': 'Harkins Theatres-ында', 'movie_type': 'фильмларны'}",{'object_type': 'фильм'}
