id,text,true_intent,pred_intent,intent_correct,confidence,weak_by_conf,weak_intent_real,weak_slot_real,true_slots,pred_slots
test_1,барлык хәтерләтүләрне күрсәт,reminder/show_reminders,alarm/show_alarms,False,1.0,False,False,False,{'reference': 'барлык'},{}
test_2,Миңа свитер кирәкме?,weather/find,weather/find,True,0.9919,False,False,False,{'weather/attribute': 'свитер'},"{'datetime': 'миңа', 'location': 'свитер кирәкме'}"
test_3,Бүген сәгать ун алтыга хәтерләтүне өстә,reminder/set_reminder,reminder/set_reminder,True,0.9763,False,False,False,{'datetime': 'Бүген сәгать ун алтыга'},"{'datetime': 'Бүген сәгать', 'reminder/todo': 'ун алтыга хәтерләтүне'}"
test_4,Минем хәтерләтүне бетер,reminder/cancel_reminder,reminder/set_reminder,False,0.997,False,False,False,{'reference': 'Минем'},"{'datetime': 'минем хәтерләтүне', 'reminder/todo': 'бетер'}"
test_5,Миңа бензин салырга искә төшер.,reminder/set_reminder,weather/find,False,1.0,False,False,False,{'reminder/todo': 'бензин салырга'},{'datetime': 'миңа'}
test_6,Чәршәмбе көнне миңа кул чатыры кирәкме?,weather/find,alarm/show_alarms,False,1.0,False,False,False,"{'datetime': 'Чәршәмбе', 'weather/attribute': 'кул чатыры'}",{}
test_7,биш минуттан соң минем будильникны кабатла,alarm/snooze_alarm,alarm/modify_alarm,False,0.99,False,True,False,"{'datetime': 'биш минуттан', 'reference': 'минем'}","{'reference': 'будильникны', 'datetime': 'биш минуттан соң'}"
test_8,максның туган көне турында искә төшеруне куй,reminder/set_reminder,alarm/set_alarm,False,0.9711,False,False,False,{'reminder/todo': 'максның туган көне турында искә төшеруне'},"{'datetime': 'максның туган көне турында', 'reference': 'iskә төшеруне'}"
test_9,Миңа барлык хәтерләтүләрне күрсәт,reminder/show_reminders,SearchCreativeWork,False,0.9791,False,False,False,{'reference': 'барлык'},{}
test_10,Барлык будильникларны күрсәт.,alarm/show_alarms,alarm/show_alarms,True,1.0,False,False,False,{'reference': 'Барлык'},{}
test_11,Бүген яңгыр явар микән?,weather/find,weather/find,True,0.9323,False,False,False,"{'datetime': 'Бүген', 'weather/attribute': 'яңгыр'}","{'datetime': 'бүген', 'location': 'микән'}"
test_12,Будильникны иртәнге 8 куй,alarm/set_alarm,alarm/set_alarm,True,0.9928,False,False,False,{'datetime': 'иртәнге 8'},"{'reference': 'будильникны', 'datetime': '8 куй'}"
test_13,Бүген температура нинди?,weather/find,weather/find,True,1.0,False,False,False,"{'datetime': 'Бүген', 'weather/attribute': 'температура'}","{'datetime': 'Бүген', 'location': 'нинди?'}"
test_14,Минем хәтерләтүне күрсәт,reminder/show_reminders,SearchCreativeWork,False,0.9722,False,False,False,{'reference': 'Минем'},"{'object_name': 'минем хәтерләтүне', 'object_type': 'хәтер'}"
test_15,Барлык будильникларны күрсәт,alarm/show_alarms,alarm/show_alarms,True,1.0,False,False,False,{'reference': 'Барлык'},{}
test_16,Миңа Бен белән Джорджия турында сөйләшергә искә төшер,reminder/set_reminder,PlayMusic,False,0.9707,False,False,False,{'reminder/todo': 'Бен белән Джорджия турында сөйләшергә'},"{'sort': 'миңа Бен белән', 'music_item': 'джорджия турында сөйләшергә'}"
test_17,Будильникны иртәнге 5 куй,alarm/set_alarm,alarm/set_alarm,True,0.9951,False,False,False,{'datetime': 'иртәнге 5'},"{'reference': 'будильникны', 'datetime': 'иртәнге 5 куй'}"
test_18,бүген болытлымы,weather/find,alarm/show_alarms,False,0.9861,False,False,False,"{'datetime': 'бүген', 'weather/attribute': 'болытлымы'}",{}
test_19,Бүген бездә ничә дюйм яңгыры явар?,weather/find,weather/find,True,0.9707,False,False,False,"{'datetime': 'Бүген', 'weather/attribute': 'дюйм яңгыры'}","{'datetime': 'бүген', 'weather/attribute': 'яңгыры явар'}"
test_20,Иртәгә минем апама шалтыратырга искә төшер,reminder/set_reminder,reminder/set_reminder,True,0.9915,False,False,False,"{'datetime': 'Иртәгә', 'reminder/todo': 'минем апама шалтыратырга'}","{'datetime': 'иртәгә', 'reminder/todo': 'минем апама шалтыратырга'}"
test_21,будильникны туктат,alarm/cancel_alarm,alarm/snooze_alarm,False,0.9708,False,False,False,{},"{'datetime': 'бу атнаның дүшәмбесеннән', 'reference': 'будильник'}"
test_22,Бу атнада кызу булырмы?,weather/find,weather/find,True,0.9676,False,False,False,"{'datetime': 'Бу атнада', 'weather/attribute': 'кызу'}","{'location': 'Бу атнада', 'datetime': 'кызу булырмы?'}"
test_23,Будильникны көндезге 3 куй.,alarm/set_alarm,alarm/set_alarm,True,0.9529,False,False,False,{'datetime': 'көндезге 3'},"{'datetime': 'көндезге 3 куй', 'reference': 'будильник'}"
test_24,бүген кар явармы,weather/find,alarm/show_alarms,False,0.9932,False,False,False,"{'datetime': 'бүген', 'weather/attribute': 'кар'}",{}
test_25,бөтен будильникларны бетер,alarm/cancel_alarm,alarm/show_alarms,False,1.0,False,False,False,{'reference': 'бөтен'},{}
test_26,Минем хәтерләтүләрне күрсәт,reminder/show_reminders,SearchCreativeWork,False,1.0,False,False,False,{'reference': 'Минем'},"{'object_name': 'хәтерләтүләрне', 'object_type': 'минем'}"
test_27,Будильникка кадәр күпме вакыт калды,alarm/time_left_on_alarm,alarm/show_alarms,False,0.9464,False,True,False,{},"{'datetime': 'күпme вакыт калды', 'reference': 'будильникка'}"
test_28,Минем нинди искә төшерүләрем бар?,reminder/show_reminders,None,False,0.9647,False,False,False,{'reference': 'Минем'},{}
test_29,Будильникны көн саен иртәнге 8 куй,alarm/set_alarm,alarm/set_alarm,True,0.9796,False,False,False,{'recurring_datetime': 'иртәнге 8'},"{'reference': 'будильникны', 'datetime': 'көн саен', 'recurring_datetime': 'иртәнге 8'}"
test_30,син миңа будильникларны күрсәтә аласыңмы?,alarm/show_alarms,alarm/show_alarms,True,1.0,False,False,False,{},{}
test_31,Бүген Диснейуорлдта буран булырмы?,weather/find,SearchCreativeWork,False,0.9913,False,False,False,"{'datetime': 'Бүген', 'location': 'Диснейуорлдта', 'weather/attribute': 'буран'}","{'datetime': 'Бүген', 'object_name': 'Диснейуорлдта буран', 'object_type': 'булыр'}"
test_32,бүген кар явырмы,weather/find,alarm/show_alarms,False,0.9857,False,False,False,"{'datetime': 'бүген', 'weather/attribute': 'кар'}",{}
test_33,бөтен будильникларны күрсәт,alarm/show_alarms,alarm/show_alarms,True,0.9529,False,False,False,{'reference': 'бөтен'},{}
test_34,Бүген салкынмы?,weather/find,weather/find,True,0.9484,False,False,False,"{'datetime': 'Бүген', 'weather/attribute': 'салкынмы'}","{'datetime': 'бүген', 'location': 'салкын'}"
test_35,"Зинһар, пәнҗешәмбе иртәсеннән будильникны бетер.",alarm/cancel_alarm,alarm/set_alarm,False,0.9338,False,False,False,{'datetime': 'пәнҗешәмбе иртәсеннән'},"{'reference': 'пәнҗешәмбе', 'datetime': 'иртәсеннән будильник'}"
test_36,Бүген яңгыр явырмы?,weather/find,weather/find,True,0.9938,False,False,False,"{'datetime': 'Бүген', 'weather/attribute': 'яңгыр'}",{'datetime': 'Бүген'}
test_37,канадада кар явамы,weather/find,weather/find,True,0.9818,False,False,False,"{'location': 'канадада', 'weather/attribute': 'кар явамы'}","{'location': 'канадада', 'datetime': 'кар явамы'}"
test_38,Бүген нинди югары температура булачак?,weather/find,weather/find,True,0.9675,False,False,False,"{'datetime': 'Бүген', 'weather/attribute': 'югары температура'}","{'datetime': 'Бүген', 'location': 'нинди'}"
test_39,"Төнлә шулкадәр кар яуса, сәяхәт куркыныч булырмы?",weather/find,weather/find,True,0.9972,False,False,False,"{'datetime': 'Төнлә', 'weather/attribute': 'кар яуса'}","{'location': 'Төнлә шулкадәр', 'datetime': 'кар яуса', 'weather/attribute': 'куркыныч булырмы'}"
test_40,бөтен хәтерләтүләрне күрсәт,reminder/show_reminders,SearchCreativeWork,False,0.9873,False,False,False,{'reference': 'бөтен'},{}
test_41,барлык хәтерләтүләрне бетер,reminder/cancel_reminder,alarm/show_alarms,False,1.0,False,False,False,{'reference': 'барлык'},{}
test_42,миңа иртәгә куртка кирәкме?,weather/find,alarm/show_alarms,False,0.9846,False,False,False,"{'datetime': 'иртәгә', 'weather/attribute': 'куртка'}",{}
test_43,Будильникка кадәр күпме вакыт калды,alarm/time_left_on_alarm,alarm/show_alarms,False,0.9707,False,True,False,{},{}
test_44,Будильникны туктат,alarm/snooze_alarm,alarm/snooze_alarm,True,0.9735,False,True,False,{},"{'datetime': '', 'reference': 'будильник'}"
test_45,Миңа барлык будильникларны күрсәт,alarm/show_alarms,alarm/show_alarms,True,1.0,False,False,False,{'reference': 'барлык'},{}
test_46,Йеллоустонда һава торышы нинди?,weather/find,weather/find,True,0.9925,False,False,False,{'location': 'Йеллоустонда'},"{'location': 'Йеллоустонда', 'datetime': 'нинди'}"
test_47,Бүген һава торышы нинди?,weather/find,weather/find,True,1.0,False,False,False,{'datetime': 'Бүген'},"{'datetime': 'Бүген', 'location': 'нинди?'}"
test_48,Иртәгә Патрикны мәктәптән алырга минем искә төшерүдән алып бетер.,reminder/cancel_reminder,reminder/set_reminder,False,1.0,False,False,False,"{'datetime': 'Иртәгә', 'reminder/todo': 'Патрикны мәктәптән алырга', 'reference': 'минем'}","{'datetime': 'иртәгә', 'reminder/todo': 'Патрикны мәктәптән алырга минем искә төшерүдән алып бетер'}"
test_49,Миңа иртәгә шул ук вакытта табибка язылырга искә төшер,reminder/set_reminder,reminder/set_reminder,True,0.9914,False,False,False,"{'datetime': 'иртәгә шул ук вакытта', 'reminder/todo': 'табибка язылырга'}","{'datetime': 'миңа', 'recurring_datetime': 'тирәсендә', 'reminder/todo': 'язылырга'}"
test_50,Миңа аренданы түләргә искә төшер,reminder/set_reminder,alarm/modify_alarm,False,0.9417,False,False,False,{'reminder/todo': 'аренданы түләргә'},{'datetime': 'миңа аренданы'}
test_51,яңгыр кайчан бетәчәк?,weather/find,None,False,1.0,False,False,False,{'weather/attribute': 'яңгыр'},{}
test_52,будильникларны бетер,alarm/cancel_alarm,alarm/show_alarms,False,1.0,False,False,False,{},{}
test_53,Сишәмбе көнне миңа Стефанига шалтыратырга искә төшер,reminder/set_reminder,reminder/set_reminder,True,1.0,False,False,False,"{'datetime': 'Сишәмбе көнне', 'reminder/todo': 'Стефанига шалтыратырга'}","{'datetime': 'сишәмбе көнне', 'reminder/todo': 'миңа Стефанига шалтыратырга'}"
test_54,барлык минем уяткыч сәгатьләрне күрсәт,alarm/show_alarms,reminder/show_reminders,False,0.9883,False,False,False,{'reference': 'барлык минем'},"{'datetime': 'барлык', 'reference': 'минем уяткыч сәгатьләрне'}"
test_55,Бүген никадәр эссе булачак?,weather/find,SearchCreativeWork,False,0.9711,False,False,False,"{'datetime': 'Бүген', 'weather/attribute': 'эссе'}","{'datetime': 'büген', 'object_name': 'никадәр', 'object_type': 'эссе'}"
test_56,будильникны бүген кичке 5 куй,alarm/set_alarm,alarm/modify_alarm,False,0.9813,False,False,False,{'datetime': 'бүген кичке 5'},"{'reference': 'будильникны', 'datetime': 'бүген кичке 5'}"
test_57,21-енче августта көндез 3-тә табибка барырга искә төшер,reminder/set_reminder,reminder/set_reminder,True,0.9931,False,False,False,"{'datetime': '21-енче августта көндез 3-тә', 'reminder/todo': 'табибка барырга'}","{'datetime': '21-енче августта', 'recurring_datetime': 'көндез 3-тә', 'reminder/todo': 'барырга искә төшер'}"
test_58,көн саен иртәнге сәгать 7-дә дарулар эчәргә турында минем искә төшерүне бетер,reminder/cancel_reminder,reminder/set_reminder,False,0.9749,False,False,False,"{'recurring_datetime': 'көн саен иртәнге сәгать 7-дә', 'reminder/todo': 'дарулар эчәргә'}","{'datetime': 'көн саен', 'recurring_datetime': '7-дә дарулар эчәргә', 'reminder/todo': 'минем искә төшерүне бетер'}"
test_59,киләсе фараз яңгырны кайчан күрсәтә,weather/find,PlayMusic,False,0.9597,False,False,False,{'weather/attribute': 'яңгырны'},"{'music_item': 'киләсе', 'sort': 'фараз яңгыр'}"
test_60,Иртәгә иртә белән минем будильнигым нинди вакытка куелган?,alarm/show_alarms,alarm/show_alarms,True,0.9732,False,False,False,"{'datetime': 'Иртәгә иртә', 'reference': 'минем'}","{'datetime': 'иртәгә иртә', 'reference': 'будильнигым'}"
test_61,бүген кар явармы,weather/find,alarm/show_alarms,False,0.9932,False,False,False,"{'datetime': 'бүген', 'weather/attribute': 'кар'}",{}
test_62,Минем будильнигымны сүндер.,alarm/cancel_alarm,alarm/snooze_alarm,False,0.9785,False,False,False,{'reference': 'Минем'},"{'datetime': 'минем', 'reference': 'будильнигымны'}"
test_63,Барлык будильникларны бетер,alarm/cancel_alarm,alarm/show_alarms,False,1.0,False,False,False,{'reference': 'Барлык'},{}
test_64,миңа продуктларны сатып алырга искә төшер,reminder/set_reminder,AddToPlaylist,False,0.9871,False,False,False,{'reminder/todo': 'продуктларны сатып алырга'},"{'artist': 'miñ', 'music_item': 'продуктлар', 'playlist': 'сатып алырга', 'reference': 'тише'}"
test_65,Миңа иртәнге сәгать 9-да иртәнге аш өчен будильник кирәк,alarm/set_alarm,alarm/set_alarm,True,0.9639,False,False,False,{'datetime': 'иртәнге сәгать 9-да'},"{'reference': 'будильник', 'datetime': 'миңа иртәнге сәгать 9-да'}"
test_66,уен башланганчы бер сәгать алдан Кольтларны карау турында искә төшерүне куй,reminder/set_reminder,none,False,0.9587,True,False,False,"{'datetime': 'уен башланганчы бер сәгать алдан', 'reminder/todo': 'Кольтларны карау'}",{}
test_67,барлык будильникларны бетер,alarm/cancel_alarm,alarm/show_alarms,False,1.0,False,False,False,{'reference': 'барлык'},{}
test_68,Бу исемлектән минем өченче искә төшерүне бетер.,reminder/cancel_reminder,reminder/set_reminder,False,0.9446,False,False,False,{'reference': 'минем өченче'},"{'datetime': 'минем өченче', 'reminder/todo': 'искә төшерүне бетер'}"
test_69,Будильникны иртәнге 6 куй,alarm/set_alarm,alarm/set_alarm,True,0.9933,False,False,False,{'datetime': 'иртәнге 6'},"{'reference': 'будильникны', 'datetime': '6 куй'}"
test_70,Бу будильникны хәзердән көндезге 2-гә куй,alarm/cancel_alarm,alarm/modify_alarm,False,0.9718,False,False,False,"{'reference': 'Бу', 'datetime': 'көндезге 2-гә'}","{'reference': 'будильникны', 'datetime': 'хәзердән көндезге 2-гә куй'}"
test_71,Кар булырмы?,weather/find,None,False,1.0,False,False,False,{'weather/attribute': 'Кар'},{}
test_72,Миңа аренданы түләргә искә төшер.,reminder/set_reminder,alarm/show_alarms,False,0.9472,False,False,False,{'reminder/todo': 'аренданы түләргә'},{}
test_73,иртәгә нинди иң түбән температура,weather/find,weather/find,True,0.9845,False,False,False,"{'datetime': 'иртәгә', 'weather/attribute': 'иң түбән'}","{'datetime': 'иртәгә', 'weather/attribute': 'температура'}"
test_74,Бүген кояшлы булырмы?,weather/find,weather/find,True,1.0,False,False,False,"{'datetime': 'Бүген', 'weather/attribute': 'кояшлы'}","{'datetime': 'Бүген', 'location': 'куояшлы булырмы'}"
test_75,Бүген минем ничә искә төшерүләрем бар?,reminder/show_reminders,weather/find,False,0.9419,False,False,False,{'datetime': 'Бүген'},"{'datetime': 'Бүген', 'location': 'ничә искә төшерүләрем бар'}"
test_76,Минем иртәгә нинди искә төшерүләрем бар?,reminder/show_reminders,alarm/show_alarms,False,1.0,False,False,False,"{'reference': 'Минем', 'datetime': 'иртәгә'}",{}
test_77,Минем барлык искә төшерүләремне бетер.,reminder/cancel_reminder,alarm/show_alarms,False,0.9865,False,False,False,{'reference': 'Минем барлык'},{}
test_78,будильникны иртәнге 6-га куй,alarm/set_alarm,alarm/set_alarm,True,0.9968,False,False,False,{'datetime': 'иртәнге 6-га'},"{'reference': 'будильникны', 'datetime': '6-га куй'}"
test_79,Будильникны 30 минутка куй,alarm/set_alarm,alarm/modify_alarm,False,0.9787,False,False,False,{'datetime': '30 минутка'},"{'datetime': '30 минутка куй', 'reference': 'будильник'}"
test_80,Будильникны бер сәгать алга куй.,alarm/set_alarm,alarm/set_alarm,True,1.0,False,False,False,{'datetime': 'бер сәгать алга'},"{'datetime': 'бер сәгать', 'reference': 'будильник'}"
test_81,барлык будильникларны бетер,alarm/cancel_alarm,alarm/show_alarms,False,1.0,False,False,False,{'reference': 'барлык'},{}
test_82,Лос-Анджелеста һава торышы,weather/find,weather/find,True,0.9637,False,False,False,{'location': 'Лос - Анджелеста'},"{'location': 'Лос-Анджелеста', 'datetime': 'тороышы'}"
test_83,бөтен будильникларны бетер,alarm/cancel_alarm,alarm/show_alarms,False,1.0,False,False,False,{'reference': 'бөтен'},{}
test_84,Бүген минем ничә искә төшерүләрем бар?,reminder/show_reminders,weather/find,False,0.9738,False,False,False,{'datetime': 'Бүген'},"{'datetime': 'Бүген', 'location': 'ничә'}"
test_85,Миңа иртәгә кибеттә кәгазь сөлгеләр сатып алырга искә төшер,reminder/set_reminder,reminder/set_reminder,True,0.9888,False,False,False,"{'datetime': 'иртәгә', 'reminder/todo': 'кибеттә кәгазь сөлгеләр сатып алырга'}","{'datetime': 'миңа', 'reminder/todo': 'кибеттә кәгазь сөлгеләр сатып алырга'}"
test_86,Миңа минем барлык искә төшерүләремне күрсәт,reminder/show_reminders,reminder/show_reminders,True,0.9973,False,False,False,{'reference': 'минем барлык'},"{'datetime': 'миңа', 'reference': 'искә төшерүләремне'}"
test_87,Будильникны иртәнге 6 куй,alarm/set_alarm,alarm/set_alarm,True,0.9798,False,False,False,{'datetime': 'иртәнге 6'},"{'reference': 'будильникны', 'datetime': '6 куй', 'negation': 'иртәнге'}"
test_88,иртәгә кар булырмы,weather/find,alarm/show_alarms,False,0.9618,False,False,False,"{'datetime': 'иртәгә', 'weather/attribute': 'кар'}",{}
test_89,иртәгә минем иртәнге будильникны бетер,alarm/cancel_alarm,alarm/set_alarm,False,0.9515,False,False,False,"{'datetime': 'иртәнге', 'reference': 'минем'}","{'reference': 'минем', 'recurring_datetime': 'иртәнге'}"
test_90,Дүшәмбе көнне төшке ашка будильникны куй.,alarm/set_alarm,alarm/set_alarm,True,0.9955,False,False,False,{'recurring_datetime': 'Дүшәмбе көнне төшке ашка'},"{'datetime': 'дүшәмбе көнне', 'reference': 'будильник'}"
test_91,Бүген никадәр эссе булачак?,weather/find,SearchCreativeWork,False,0.9862,False,False,False,"{'datetime': 'Бүген', 'weather/attribute': 'эссе'}","{'datetime': 'bügen', 'object_name': 'никадәр', 'object_type': 'эссе'}"
test_92,иртәнге будильникларны куерга миңа искә төшер,reminder/set_reminder,alarm/modify_alarm,False,0.9633,False,False,False,"{'datetime': 'иртәнге', 'reminder/todo': 'будильникларны куерга'}","{'reference': 'будильникларны', 'datetime': 'irtәнге'}"
test_93,бөтен будильникларны бетер,alarm/cancel_alarm,alarm/show_alarms,False,1.0,False,False,False,{'reference': 'бөтен'},{}
test_94,Минем будильникларымны күрсәт,alarm/show_alarms,alarm/show_alarms,True,0.9951,False,False,False,{'reference': 'Минем'},"{'datetime': 'минем', 'reference': 'будильникларым'}"
test_95,будильникны сүндер,alarm/cancel_alarm,alarm/snooze_alarm,False,0.9956,False,False,False,{},"{'datetime': 'сүндер', 'reference': 'будильник'}"
test_96,Бүген температура нинди?,weather/find,weather/find,True,1.0,False,False,False,"{'datetime': 'Бүген', 'weather/attribute': 'температура'}","{'datetime': 'Бүген', 'location': 'нинди?'}"
test_97,будильникны сүндер,alarm/cancel_alarm,alarm/snooze_alarm,False,0.9956,False,False,False,{},"{'datetime': 'сүндер', 'reference': 'будильник'}"
test_98,Барлык будильникларны күрсәт,alarm/show_alarms,alarm/show_alarms,True,1.0,False,False,False,{'reference': 'Барлык'},{}
test_99,Будильникны 30 минут саен куй,alarm/set_alarm,alarm/modify_alarm,False,0.9784,False,False,False,{'recurring_datetime': '30 минут саен'},"{'datetime': '30 саен', 'reference': 'будильник'}"
test_100,Бүген нинди температура булачак?,weather/find,weather/find,True,1.0,False,False,False,"{'datetime': 'Бүген', 'weather/attribute': 'температура'}","{'datetime': 'Бүген', 'location': 'нинди температура'}"
test_101,Бүген кызу булырмы?,weather/find,none,False,0.931,True,False,False,"{'datetime': 'Бүген', 'weather/attribute': 'кызу'}",{}
test_102,Иртәгә яңгыр булырмы?,weather/find,alarm/show_alarms,False,0.9907,False,False,False,"{'datetime': 'Иртәгә', 'weather/attribute': 'яңгыр'}",{}
test_103,Киләсе будильникны бетер,alarm/cancel_alarm,alarm/show_alarms,False,0.9913,False,False,False,{'reference': 'Киләсе'},{}
test_104,Бүген кибеткә барырга искә төшер,reminder/set_reminder,alarm/set_alarm,False,0.9568,False,False,False,"{'datetime': 'Бүген', 'reminder/todo': 'кибеткә барырга'}","{'datetime': 'Бүген', 'reference': 'барырга'}"
test_105,киләсе атнада минем искә төшерүләрне бетер,reminder/cancel_reminder,weather/find,False,0.9722,False,False,False,"{'datetime': 'киләсе атнада', 'reference': 'минем'}","{'location': 'киләсе атнада', 'datetime': 'минем'}"
test_106,миңа сишәмбе көнне көндезге сәгать 3-тә этне грумерга алып барырга исемә төшер,reminder/set_reminder,reminder/set_reminder,True,0.978,False,False,False,"{'datetime': 'сишәмбе көнне көндезге сәгать 3-тә', 'reminder/todo': 'этне грумерга алып барырга'}","{'datetime': 'миңа сишәмбе көнне', 'recurring_datetime': '3-тә этне грумерга', 'reminder/todo': 'алып барырга исемә төшер'}"
test_107,28-енче көнне Дженга годовщинага чәчәкләр сатып алырга исемә төшер.,reminder/set_reminder,reminder/set_reminder,True,0.9967,False,False,False,"{'datetime': '28-енче көнне', 'reminder/todo': 'Дженга годовщинага чәчәкләр сатып алырга'}","{'datetime': '28-енче көнне', 'recurring_datetime': 'Дженга годовщинага', 'reminder/todo': 'чәчәкләр сатып алырга исемә төшер'}"
test_108,Бүген һава торышы нинди?,weather/find,weather/find,True,1.0,False,False,False,{'datetime': 'Бүген'},"{'datetime': 'Бүген', 'location': 'нинди?'}"
test_109,Иртәгә табибка язылырга миңа искә төшер.,reminder/set_reminder,reminder/set_reminder,True,1.0,False,False,False,"{'datetime': 'Иртәгә', 'reminder/todo': 'табибка язылырга'}","{'datetime': 'миңа', 'recurring_datetime': 'төшер'}"
test_110,бөтен будильникларны сүндер,alarm/cancel_alarm,alarm/snooze_alarm,False,1.0,False,False,False,{'reference': 'бөтен'},"{'datetime': 'бөтен будильникларны', 'reference': 'сүндер'}"
test_111,Мин үзем белән дождевикны алыйммы?,weather/find,weather/find,True,0.9856,False,False,False,{'weather/attribute': 'дождевикны'},"{'location': 'үzem белән', 'datetime': 'алыйммы'}"
test_112,Начар һава торышы фаразы нинди?,weather/find,weather/find,True,0.9774,False,False,False,{'weather/attribute': 'Начар'},{'condition_description': 'Начар һава торышы'}
test_113,киләсе атнада табибка язуым турында искә төшер,reminder/set_reminder,reminder/set_reminder,True,0.9794,False,False,False,"{'datetime': 'киләсе атнада', 'reminder/todo': 'табибка язуым турында'}","{'datetime': 'киләсе атнада', 'reminder/todo': 'табибка язуым турында искә төшер'}"
test_114,иртәнге 8 кибеткә бару турында искә төшер,reminder/set_reminder,alarm/set_alarm,False,0.988,False,False,False,"{'datetime': 'иртәнге 8', 'reminder/todo': 'кибеткә бару'}","{'reference': 'турында искә төшер', 'datetime': 'иртәнге 8 кибеткә'}"
test_115,Химчисткага барырга искә төшерү яса.,reminder/set_reminder,reminder/set_reminder,True,0.986,False,False,False,{'reminder/todo': 'Химчисткага барырга'},"{'datetime': 'барырга', 'reminder/todo': 'яса'}"
test_116,кайчан салкынрак булачак,weather/find,weather/find,True,0.973,False,False,False,{'weather/attribute': 'салкынрак'},"{'location': 'салкынрак', 'datetime': 'кунда', 'weather/attribute': 'температура', 'weather/temperatureUnit': 'градус'}"
test_117,бу атнада яңгыр булырмы,weather/find,alarm/show_alarms,False,0.9588,False,False,False,"{'datetime': 'бу атнада', 'weather/attribute': 'яңгыр'}",{}
test_118,барлык будильникларны бетер,alarm/cancel_alarm,alarm/show_alarms,False,1.0,False,False,False,{'reference': 'барлык'},{}
test_119,будильникларны бетер,alarm/cancel_alarm,alarm/show_alarms,False,1.0,False,False,False,{},{}
test_120,минем будильникларымны күрсәт,alarm/show_alarms,alarm/show_alarms,True,0.9753,False,False,False,{'reference': 'минем'},"{'datetime': 'минем', 'reference': 'будильникларым'}"
test_121,Минем будильнигым кайсы вакытка куйган?,alarm/show_alarms,alarm/show_alarms,True,1.0,False,False,False,{},{'datetime': 'минем'}
test_122,Шимбә көнне яңгыр булырмы?,weather/find,alarm/show_alarms,False,1.0,False,False,False,"{'datetime': 'Шимбә', 'weather/attribute': 'яңгыр'}",{}
test_123,бүген никадәр эссе булачак,weather/find,SearchCreativeWork,False,0.9881,False,False,False,"{'datetime': 'бүген', 'weather/attribute': 'эссе'}","{'datetime': 'bügen', 'object_name': 'никадәр', 'object_type': 'эссе'}"
test_124,Барлык будильникларны бетер,alarm/cancel_alarm,alarm/show_alarms,False,1.0,False,False,False,{'reference': 'Барлык'},{}
test_125,Бу ял көннәрендә Тахода һава торышы?,weather/find,weather/find,True,0.9965,False,False,False,"{'datetime': 'Бу ял көннәрендә', 'location': 'Тахода'}","{'datetime': 'бу ял көннәрендә', 'location': 'Тахода һава торышы'}"
test_126,Миңа бүген пальто кирәкме?,weather/find,none,False,0.9557,True,False,False,"{'datetime': 'бүген', 'weather/attribute': 'пальто'}",{}
test_127,Яңгыр кайчан туктар?,weather/find,None,False,0.9235,False,False,False,{'weather/attribute': 'Яңгыр'},{}
test_128,Дүшәмбе көнне 16:00 сәгатьтә минем мәктәпкә шалтыратырга хәтерләтү куй,reminder/set_reminder,reminder/set_reminder,True,0.9823,False,False,False,"{'datetime': 'Дүшәмбе көнне 16:00 сәгатьтә', 'reminder/todo': 'минем мәктәпкә шалтыратырга'}","{'datetime': 'дүшәмбе көнне 16:00 сәгатьтә', 'reminder/todo': 'минем мәктәпкә шалтыратырга хәтерләтү куй'}"
test_129,Минем будильнигымны сүндер.,alarm/cancel_alarm,alarm/snooze_alarm,False,0.9799,False,False,False,{'reference': 'Минем'},"{'datetime': '', 'reference': 'будильнигымны'}"
test_130,Бүген кич никадәр салкын булыр?,weather/find,weather/find,True,1.0,False,False,False,"{'datetime': 'Бүген кич', 'weather/attribute': 'салкын'}","{'datetime': 'bügen', 'location': 'кич никадәр салкын'}"
test_131,Будильникны иртәнге җидегә куй.,alarm/set_alarm,alarm/set_alarm,True,0.9977,False,False,False,{'datetime': 'иртәнге җидегә'},"{'reference': 'будильникны', 'recurring_datetime': 'иртәнге җидегә', 'datetime': 'куй'}"
test_132,Минем Робны алу турында хәтерләтүемне бетер,reminder/cancel_reminder,PlayMusic,False,0.9924,False,False,False,"{'reference': 'Минем', 'reminder/todo': 'Робны алу'}","{'sort': 'алу турында', 'music_item': 'Робны', 'service': 'минем'}"
test_133,Иртәгә сөт сатып алу турында хәтерләтү яса.,reminder/set_reminder,reminder/set_reminder,True,0.9787,False,False,False,"{'datetime': 'Иртәгә', 'reminder/todo': 'сөт сатып алу'}","{'datetime': 'иртәгә сөт', 'reminder/todo': 'сатып алу турында хәтерләтү'}"
test_134,Будильникны иртәнге 6 куй,alarm/set_alarm,alarm/set_alarm,True,0.9933,False,False,False,{'datetime': 'иртәнге 6'},"{'reference': 'будильникны', 'datetime': '6 куй'}"
test_135,"көндәлек будильникны, аны бетергәнче, кичке җиде сәгать утыз минутка планлаштыр",alarm/set_alarm,reminder/set_reminder,False,0.9805,False,False,False,{'recurring_datetime': 'кичке җиде сәгать утыз минутка'},"{'datetime': 'көндәлек', 'recurring_datetime': 'бетергәнче', 'reminder/todo': 'сәгать утыз минутка планлаштыр'}"
test_136,миңа торыр өчен будильникны куерга исемә төшер,reminder/set_reminder,alarm/set_alarm,False,0.9853,False,False,False,{'reminder/todo': 'торыр өчен будильникны куерга'},"{'reference': 'будильникны', 'datetime': 'миңа торыр'}"
test_137,Минем хәтерләтүне бетер,reminder/cancel_reminder,reminder/set_reminder,False,0.997,False,False,False,{'reference': 'Минем'},"{'datetime': 'минем хәтерләтүне', 'reminder/todo': 'бетер'}"
test_138,Бүген кар булырмы?,weather/find,weather/find,True,0.9882,False,False,False,"{'datetime': 'Бүген', 'weather/attribute': 'кар'}","{'datetime': 'Бүген', 'location': 'кар булырмы'}"
test_139,Миңа бөтен будильникларны күрсәт,alarm/show_alarms,alarm/show_alarms,True,1.0,False,False,False,{'reference': 'бөтен'},{}
test_140,бөтен хәтерләтүләрне күрсәт,reminder/show_reminders,SearchCreativeWork,False,0.9873,False,False,False,{'reference': 'бөтен'},{}
test_141,минем будильнигымда күпме вакыт калды,alarm/time_left_on_alarm,alarm/show_alarms,False,1.0,False,True,False,{'reference': 'минем'},{}
test_142,будильникны 2 сәгатькә куй,alarm/set_alarm,alarm/modify_alarm,False,0.9857,False,False,False,{'datetime': '2 сәгатькә'},"{'reference': 'будильникны', 'datetime': '2 сәгатькә куй'}"
test_143,Эштән соң икмәк сатып алырга исемә төшер,reminder/set_reminder,none,False,0.9619,True,False,False,"{'datetime': 'Эштән соң', 'reminder/todo': 'икмәк сатып алырга'}",{}
test_144,Бүген яңгыр булырмы?,weather/find,weather/find,True,0.9696,False,False,False,"{'datetime': 'Бүген', 'weather/attribute': 'яңгыр'}","{'datetime': 'Бүген', 'location': 'яңгыр булырмы'}"
test_145,бүгенге һава торышы фаразын укы,weather/find,weather/find,True,0.9824,False,False,False,{'datetime': 'бүгенге'},{'datetime': 'бүгенге'}
test_146,Минем будильнигым нинди вакытка куелган?,alarm/show_alarms,alarm/show_alarms,True,1.0,False,False,False,{'reference': 'Минем'},{'datetime': 'минем будильнигым'}
test_147,иртәгә 4 миңа сәүдә үзәгенә барырга исемә төшер,reminder/set_reminder,reminder/set_reminder,True,0.9444,False,False,False,"{'datetime': 'иртәгә 4', 'reminder/todo': 'сәүдә үзәгенә барырга'}","{'datetime': 'иртәгә 4 миңа сәүдә үзәгенә', 'reminder/todo': 'тарашырга'}"
test_148,бүген кул чатырны үзем белән алыйммы,weather/find,PlayMusic,False,0.9817,False,False,False,"{'datetime': 'бүген', 'weather/attribute': 'кул чатырны'}","{'music_item': 'бүген кул чатырны', 'service': 'үzem'}"
test_149,Минем хәтерләтүне күрсәт,reminder/show_reminders,SearchCreativeWork,False,0.964,False,False,False,{'reference': 'Минем'},"{'object_name': 'минем', 'object_type': 'хәтер'}"
test_150,Минем бөтен хәтерләтүләрне күрсәт,reminder/show_reminders,SearchCreativeWork,False,0.9712,False,False,False,{'reference': 'Минем бөтен'},{'sort': 'böтен хәтерләтүләр'}
test_151,Дүшәмбе көнне эт ризыгы турында хәтерләтү куй,reminder/set_reminder,alarm/set_alarm,False,0.9948,False,False,False,"{'datetime': 'Дүшәмбе', 'reminder/todo': 'эт ризыгы'}","{'datetime': 'душәмбе көнне эт ризыгы', 'negation': 'турында хәтерләтү'}"
test_152,"Иртәгегә ""Сишәмбе кичендә Балада Саб йога дәресенә язылырга "" хәтерләтүне куй",reminder/set_reminder,reminder/set_reminder,True,0.9945,False,False,False,"{'datetime': 'Иртәгегә', 'reminder/todo': 'Сишәмбе кичендә Балада Саб йога дәресенә язылырга'}","{'datetime': 'Иртәгегә', 'reminder/todo': 'Сишәмбе кичендә Балада Саб йога дәресенә язылырга'}"
test_153,бүгенгегә бөтен искә төшерүләрне бетер,reminder/cancel_reminder,alarm/show_alarms,False,1.0,False,False,False,"{'datetime': 'бүгенгегә', 'reference': 'бөтен'}",{}
test_154,Бу атнада Нью-Йоркта нинди һава торышы булачак,weather/find,weather/find,True,1.0,False,False,False,"{'datetime': 'Бу атнада', 'location': 'Нью - Йоркта'}","{'location': 'Нью-Йоркта', 'datetime': 'бу атнада'}"
test_155,пәнҗешәмбе көнне көндез 12-дә табибка баруымны исемә төшер,reminder/set_reminder,reminder/set_reminder,True,0.9807,False,False,False,"{'datetime': 'пәнҗешәмбе көнне көндез 12-дә', 'reminder/todo': 'табибка баруымны'}","{'datetime': 'пәнҗешәмбе көнне көндез 12-дә', 'reminder/todo': 'табибка баруымны төшер'}"
test_156,Будильникны кичке 6:50 куй,alarm/set_alarm,alarm/set_alarm,True,0.9771,False,False,False,{'datetime': 'кичке 6:50'},"{'reference': 'будильникны', 'datetime': 'кичке 6:50'}"
test_157,Бүген кар булырмы?,weather/find,weather/find,True,0.9882,False,False,False,"{'datetime': 'Бүген', 'weather/attribute': 'кар'}","{'datetime': 'Бүген', 'location': 'кар булырмы'}"
test_158,Нинди будильниклар куелган?,alarm/show_alarms,alarm/show_alarms,True,0.9875,False,False,False,{},{}
test_159,7 октябрьгә искә төшерү будильникны куй,reminder/set_reminder,alarm/set_alarm,False,0.9678,False,False,False,{'datetime': '7 октябрьгә'},"{'datetime': '7 октябрьгә', 'reference': 'будильник'}"
test_160,бүген кар булырмы?,weather/find,alarm/show_alarms,False,0.9484,False,False,False,"{'datetime': 'бүген', 'weather/attribute': 'кар'}",{}
test_161,будильникны 15 минутка күчер,alarm/snooze_alarm,alarm/modify_alarm,False,0.982,False,True,False,{'datetime': '15 минутка'},"{'reference': 'будильникны', 'datetime': '15 минутка күчер'}"
test_162,Күпме кар булуын фаразлыйлар?,weather/find,None,False,0.9656,False,False,False,{'weather/attribute': 'кар'},{}
test_163,урамда эссе ме,weather/find,SearchCreativeWork,False,1.0,False,False,False,"{'location': 'урамда', 'weather/attribute': 'эссе'}","{'object_name': 'урамда', 'object_type': 'эссе'}"
test_164,Бүген нинди температура булачак?,weather/find,weather/find,True,1.0,False,False,False,"{'datetime': 'Бүген', 'weather/attribute': 'температура'}","{'datetime': 'Бүген', 'location': 'нинди температура'}"
test_165,иртәгә Далласта һава торышы нинди булыр,weather/find,weather/find,True,1.0,False,False,False,"{'datetime': 'иртәгә', 'location': 'Далласта'}","{'location': 'Далласта', 'datetime': 'иртәгә'}"
test_166,бүгенгегә минем бөтен искә төшерүләрне күрсәт,reminder/show_reminders,alarm/show_alarms,False,0.9838,False,False,False,"{'datetime': 'бүгенгегә', 'reference': 'минем бөтен'}","{'datetime': 'бүгенгегә', 'reference': 'минем'}"
test_167,Атна саен продукт сатып алу турында хәтерләтү куй.,reminder/set_reminder,AddToPlaylist,False,0.9427,False,False,False,"{'recurring_datetime': 'Атна саен', 'reminder/todo': 'продукт сатып алу'}","{'artist': 'саен', 'music_item': 'продукт сатып алу турында хәтерләтү', 'playlist': 'сaен', 'reference': ''}"
test_168,һава торышы,weather/find,weather/find,True,0.9808,False,False,False,{},{'location': 'һава торышы'}
test_169,Яңгыр көне буе явыр микән?,weather/find,weather/find,True,0.9578,False,False,False,"{'weather/attribute': 'Яңгыр', 'datetime': 'көне буе'}","{'location': 'Яңгыр көне', 'datetime': 'явыр микән'}"
test_170,Иртәгә яңгыр булырмы?,weather/find,alarm/show_alarms,False,0.9907,False,False,False,"{'datetime': 'Иртәгә', 'weather/attribute': 'яңгыр'}",{}
test_171,Бүген кич эш хатларына җавап бирергә исемә төшер,reminder/set_reminder,alarm/show_alarms,False,0.9784,False,False,False,"{'datetime': 'Бүген кич', 'reminder/todo': 'эш хатларына җавап бирергә'}",{}
test_172,Будильникларны бетер,alarm/cancel_alarm,alarm/show_alarms,False,1.0,False,False,False,{},{}
test_173,Минем будильникларны бетер,alarm/cancel_alarm,alarm/show_alarms,False,1.0,False,False,False,{'reference': 'Минем'},{}
test_174,Мин бүген шортыны кия аламмы?,weather/find,weather/find,True,0.9555,False,False,False,"{'datetime': 'бүген', 'weather/attribute': 'шортыны'}","{'datetime': 'бүген', 'location': 'не указано', 'weather/attribute': 'не указано', 'weather/temperatureUnit': 'не указано'}"
test_175,Иртәгә яңгыр булырмы?,weather/find,alarm/show_alarms,False,0.9907,False,False,False,"{'datetime': 'Иртәгә', 'weather/attribute': 'яңгыр'}",{}
test_176,Будильникны иртәнге 10 куй,alarm/set_alarm,alarm/set_alarm,True,0.9717,False,False,False,{'datetime': 'иртәнге 10'},"{'reference': 'будильникны', 'recurring_datetime': 'иртәнге 10 куй'}"
test_177,бу атнада яңгыр булырмы,weather/find,weather/find,True,0.9908,False,False,False,"{'datetime': 'бу атнада', 'weather/attribute': 'яңгыр'}","{'location': 'бу атнада', 'datetime': 'яңгыр булырмы'}"
test_178,бөтен хәтерләтүләрне күрсәт,reminder/show_reminders,SearchCreativeWork,False,0.9873,False,False,False,{'reference': 'бөтен'},{}
test_179,будильникларны бетер,alarm/cancel_alarm,alarm/show_alarms,False,1.0,False,False,False,{},{}
test_180,бөтен будильникларны сүндер,alarm/cancel_alarm,alarm/snooze_alarm,False,1.0,False,False,False,{'reference': 'бөтен'},"{'datetime': 'бөтен будильникларны', 'reference': 'сүндер'}"
test_181,бөтен будильник настройкаларын күрсәт,alarm/show_alarms,alarm/show_alarms,True,1.0,False,False,False,{'reference': 'бөтен'},{}
test_182,Будильникны егерме минут саен куй,alarm/set_alarm,alarm/set_alarm,True,0.9609,False,False,False,{'recurring_datetime': 'егерме минут саен'},"{'reference': 'будильникны', 'datetime': 'еегеме минут'}"
test_183,Минем нинди искә төшерүләрем бар?,reminder/show_reminders,none,False,0.9199,True,False,False,{'reference': 'Минем'},{}
test_184,иртәгегә будильникны бетер,alarm/cancel_alarm,alarm/set_alarm,False,0.9764,False,False,False,{'datetime': 'иртәгегә'},"{'datetime': 'иртәгегә', 'reference': 'будильник'}"
test_185,бүген миңа зонтик кирәкме?,weather/find,weather/find,True,0.9482,False,False,False,"{'datetime': 'бүген', 'weather/attribute': 'зонтик'}","{'location': 'бүген миңа', 'datetime': 'миңа'}"
test_186,бүген кар булырмы?,weather/find,weather/find,True,0.9942,False,False,False,"{'datetime': 'бүген', 'weather/attribute': 'кар'}","{'datetime': 'бүген', 'location': 'кар булырмы'}"
test_187,Бүген кич минем әнигә шалтыратырга искә төшер,reminder/set_reminder,PlayMusic,False,0.9632,False,False,False,"{'datetime': 'Бүген кич', 'reminder/todo': 'минем әнигә шалтыратырга'}","{'music_item': 'минем әнигә', 'service': 'шалтыратырга'}"
test_188,Бүген яңгыр булырмы?,weather/find,weather/find,True,0.9615,False,False,False,"{'datetime': 'Бүген', 'weather/attribute': 'яңгыр'}",{'datetime': 'Бүген'}
test_189,Шимбә көнне яңгыр булырмы?,weather/find,alarm/show_alarms,False,1.0,False,False,False,"{'datetime': 'Шимбә', 'weather/attribute': 'яңгыр'}",{}
test_190,Будильникны һәр минут саен 20 минутка куясынмы?,alarm/set_alarm,alarm/modify_alarm,False,0.9676,False,False,False,{'recurring_datetime': 'һәр минут саен 20 минутка'},"{'datetime': 'саен 20 минутка', 'reference': 'будильник'}"
test_191,Кариб бассейнында тропик давыллар,weather/find,SearchCreativeWork,False,0.9681,False,False,False,"{'location': 'Кариб', 'weather/attribute': 'тропик давыллар'}","{'object_type': 'тропик давыллар', 'location': 'Кариб бассейнында'}"
test_192,барлык будильникларны бетер,alarm/cancel_alarm,alarm/show_alarms,False,1.0,False,False,False,{'reference': 'барлык'},{}
test_193,Будильникны тугыз минут саен куй,alarm/set_alarm,alarm/snooze_alarm,False,0.9832,False,False,False,{'recurring_datetime': 'тугыз минут саен'},"{'datetime': 'тугыз минут саен', 'reference': 'будильник'}"
test_194,Минем исемлектән соңгы ике хәтерләтүне бетер,reminder/cancel_reminder,reminder/set_reminder,False,1.0,False,False,False,{'reference': 'соңгы ике'},"{'datetime': 'исемлектән соңгы', 'reminder/todo': 'бетер'}"
test_195,бүген һава торышы нинди,weather/find,weather/find,True,1.0,False,False,False,{'datetime': 'бүген'},{'datetime': 'бүген'}
test_196,минем будильнигымны кабыз,alarm/set_alarm,alarm/show_alarms,False,0.9768,False,False,False,{'reference': 'минем'},{'datetime': 'минем'}
test_197,Бүген һаваның дымлылыгы нинди?,weather/find,weather/find,True,0.9528,False,False,False,"{'datetime': 'Бүген', 'weather/attribute': 'һаваның дымлылыгы'}","{'location': 'Бүген', 'datetime': 'һаваның', 'weather/attribute': 'дымлылыгы'}"
test_198,миңа торыр өчен будильникны куерга исемә төшер,reminder/set_reminder,alarm/set_alarm,False,0.9624,False,False,False,{'reminder/todo': 'миңа торыр өчен будильникны куерга'},"{'reference': 'будильникны', 'recurring_datetime': 'миңа торыр'}"
test_199,Бу ял көннәрендә кар явырмы?,weather/find,alarm/show_alarms,False,1.0,False,False,False,"{'datetime': 'Бу ял көннәрендә', 'weather/attribute': 'кар'}",{'datetime': 'бу ял көннәрендә'}
test_200,Бүген никадәр эссе булачак?,weather/find,SearchCreativeWork,False,0.9862,False,False,False,"{'datetime': 'Бүген', 'weather/attribute': 'эссе'}","{'datetime': 'bügen', 'object_name': 'никадәр', 'object_type': 'эссе'}"
test_201,Минем будильнигым нинди вакытка куелган,alarm/show_alarms,alarm/show_alarms,True,0.9945,False,False,False,{'reference': 'Минем'},{'datetime': 'минем будильнигым'}
test_202,Бүген һава торышы нинди?,weather/find,weather/find,True,1.0,False,False,False,{'datetime': 'Бүген'},"{'datetime': 'Бүген', 'location': 'нинди?'}"
test_203,Иртәгә яңгыр явармы?,weather/find,alarm/show_alarms,False,1.0,False,False,False,"{'datetime': 'Иртәгә', 'weather/attribute': 'яңгыр'}",{}
test_204,Сишәмбе көнне иртәнге 5:15 минем будильнигымны бетер,alarm/cancel_alarm,alarm/set_alarm,False,0.9516,False,False,False,"{'datetime': 'Сишәмбе көнне иртәнге 5:15', 'reference': 'минем'}","{'reference': 'будильнигымны', 'datetime': 'ишке кайра 5:15 минем'}"
test_205,бүгенге уен турында искәртүне бетер,reminder/cancel_reminder,reminder/set_reminder,False,0.9616,False,False,False,"{'datetime': 'бүгенге', 'reminder/todo': 'уен'}","{'datetime': 'бүгенге', 'reminder/todo': 'ythe турында искәртүне бетер'}"
test_206,будильникны иртәнге көндезге 3-ке куй,alarm/set_alarm,alarm/modify_alarm,False,0.9871,False,False,False,{'datetime': 'көндезге 3-ке'},"{'reference': 'будильникны', 'datetime': 'иртәнге көндезге 3-ке'}"
test_207,шимбә көнне бөтен будильникларны бетер,alarm/cancel_alarm,alarm/show_alarms,False,0.9895,False,False,False,"{'datetime': 'шимбә көнне', 'reference': 'бөтен'}",{'datetime': 'шимбә көнне'}
test_208,Миңа Лизаны алу турында искәртү кирәк,reminder/set_reminder,PlayMusic,False,0.9728,False,False,False,{'reminder/todo': 'Лизаны алу'},"{'sort': 'лу', 'music_item': 'Лизаны', 'service': 'Аудиосистема'}"
test_209,Бүген нинди югары температура?,weather/find,weather/find,True,0.925,False,False,False,"{'datetime': 'Бүген', 'weather/attribute': 'югары'}","{'datetime': 'Бүген', 'weather/attribute': 'температура'}"
test_210,Бүген Гринстоунда болытлы булырмы?,weather/find,weather/find,True,0.9905,False,False,False,"{'datetime': 'Бүген', 'location': 'Гринстоунда', 'weather/attribute': 'болытлы'}","{'location': 'Гринстоунда', 'datetime': 'бүген'}"
test_211,Соңрак искә төшер,reminder/set_reminder,reminder/set_reminder,True,1.0,False,False,False,{'datetime': 'Соңрак'},"{'datetime': 'соңрак', 'reminder/todo': 'iskә төшер'}"
test_212,бүген франциядә нинди һава торышы,weather/find,weather/find,True,0.9861,False,False,False,"{'datetime': 'бүген', 'location': 'франциядә'}","{'datetime': 'bügen', 'location': 'франциядә'}"
test_213,Шимбә кичәсендә кояшлы булырмы?,weather/find,weather/find,True,0.9531,False,False,False,"{'datetime': 'Шимбә', 'weather/attribute': 'кояшлы'}","{'location': 'Шимбә кичәсендә', 'datetime': 'ко Yahs'}"
test_214,Иртәгә яңгыр явармы?,weather/find,alarm/show_alarms,False,1.0,False,False,False,"{'datetime': 'Иртәгә', 'weather/attribute': 'яңгыр'}",{}
test_215,Мин бүген шортыны кия аламмы?,weather/find,weather/find,True,0.9376,False,False,False,"{'datetime': 'бүген', 'weather/attribute': 'шортыны'}","{'datetime': 'бүген', 'location': 'не указано'}"
test_216,Минем искәртүемне күрсәт,reminder/show_reminders,reminder/show_reminders,True,0.9523,False,False,False,{'reference': 'Минем'},"{'datetime': 'imson', 'reference': 'imson'}"
test_217,Сентябрьдә уртача һава торышы нинди,weather/find,weather/find,True,0.9697,False,False,False,{'datetime': 'Сентябрьдә'},"{'datetime': 'Сентябрьдә', 'location': 'уртача һава торышы нинди', 'weather/attribute': 'нинди'}"
test_218,Бүген салкынмы?,weather/find,weather/find,True,0.9515,False,False,False,"{'datetime': 'Бүген', 'weather/attribute': 'салкынмы'}","{'datetime': 'Бүген', 'location': 'салкын'}"
test_219,Бөтен искәртүләремне бетер,reminder/cancel_reminder,reminder/set_reminder,False,0.9774,False,False,False,{'reference': 'Бөтен'},"{'datetime': 'бөтен', 'reminder/todo': 'искәртүләремне бетер'}"
test_220,монда эссеме?,weather/find,None,False,1.0,False,False,False,{'weather/attribute': 'эссеме'},{}
test_221,Ял көннәрендә көндезге 2 будильнигымны куй,alarm/set_alarm,alarm/set_alarm,True,0.9786,False,False,False,{'recurring_datetime': 'Ял көннәрендә көндезге 2'},"{'reference': 'будильнигымны', 'recurring_datetime': 'кал көннәрендә', 'datetime': 'көндезге'}"
test_222,Будильникны иртәнге 2 куй,alarm/set_alarm,alarm/set_alarm,True,0.9931,False,False,False,{'datetime': 'иртәнге 2'},"{'reference': 'будильникны', 'datetime': '2 куй'}"
test_223,Бүген һаваның дымлылыгы нинди?,weather/find,weather/find,True,0.9948,False,False,False,"{'datetime': 'Бүген', 'weather/attribute': 'һаваның дымлылыгы'}","{'datetime': 'Бүген', 'location': 'һаваның'}"
test_224,минем бөтен будильникларымны күрсәт,alarm/show_alarms,alarm/show_alarms,True,0.9891,False,False,False,{'reference': 'минем бөтен'},"{'datetime': 'минем', 'reference': 'будильникларым'}"
test_225,Минем бөтен искәртүләремне күрсәт,reminder/show_reminders,reminder/show_reminders,True,0.9698,False,False,False,{'reference': 'Минем бөтен'},"{'datetime': 'минем', 'reference': 'искәртүләремне'}"
test_226,бөтен будильникларымны бетер,alarm/cancel_alarm,alarm/show_alarms,False,1.0,False,False,False,{'reference': 'бөтен'},{}
test_227,Давыл минем районыма якынлашамы?,weather/find,SearchCreativeWork,False,1.0,False,False,False,"{'weather/attribute': 'Давыл', 'location': 'минем районыма'}","{'datetime': 'Давыл', 'object_name': 'минем', 'object_type': 'район'}"
test_228,бүген һава торышы нинди,weather/find,weather/find,True,1.0,False,False,False,{'datetime': 'бүген'},{'datetime': 'бүген'}
test_229,соңгы искәртүемне бетер,reminder/cancel_reminder,reminder/set_reminder,False,1.0,False,False,False,{'reference': 'соңгы'},"{'datetime': 'соңгы', 'reminder/todo': 'iskәртүемне бетер'}"
test_230,Будильникка күпме вакыт калды.,alarm/time_left_on_alarm,alarm/show_alarms,False,1.0,False,True,False,{},{}
test_231,Якшәмбе көнне минем бөтен будильникларымны бетер.,alarm/cancel_alarm,alarm/show_alarms,False,0.9913,False,False,False,"{'datetime': 'Якшәмбе көнне', 'reference': 'минем бөтен'}","{'datetime': 'Якшәмбе көнне', 'reference': 'бутер'}"
test_232,Бүген нихәтле эссе булачак?,weather/find,SearchCreativeWork,False,1.0,False,False,False,"{'datetime': 'Бүген', 'weather/attribute': 'эссе'}","{'datetime': 'Бүген', 'object_name': 'нихәтле эссе'}"
test_233,Мин сине иртәгә иртәнге 8:45 яңа будильникны куерга теләр идем,alarm/set_alarm,alarm/set_alarm,True,0.9734,False,False,False,{'datetime': 'иртәгә иртәнге 8:45'},"{'reference': 'биринчи будильник', 'recurring_datetime': '8:45', 'datetime': 'иртәнге'}"
test_234,бөтен будильникларны бетер,alarm/cancel_alarm,alarm/show_alarms,False,1.0,False,False,False,{'reference': 'бөтен'},{}
test_235,Бүген кар явармы?,weather/find,None,False,0.9398,False,False,False,"{'datetime': 'Бүген', 'weather/attribute': 'кар'}",{}
test_236,миңа бозны алырга искә төшер,reminder/set_reminder,PlayMusic,False,1.0,False,False,False,{'reminder/todo': 'бозны алырга'},"{'music_item': 'бозны', 'service': 'миңа'}"
test_237,бөтен искәртүләремне күрсәт,reminder/show_reminders,reminder/show_reminders,True,0.9806,False,False,False,{'reference': 'бөтен'},{}
test_238,бөтен будильникларымны күрсәт,alarm/show_alarms,alarm/show_alarms,True,0.9711,False,False,False,{'reference': 'бөтен'},"{'datetime': '', 'reference': 'будильникларым'}"
test_239,Сан-Францискода һава торышы нинди?,weather/find,weather/find,True,0.9775,False,False,False,{'location': 'Сан - Францискода'},"{'location': 'San Franciscoda', 'datetime': 'nungan'}"
test_240,Бөтен искәртүләремне бетер,reminder/cancel_reminder,reminder/set_reminder,False,0.9969,False,False,False,{'reference': 'Бөтен'},"{'datetime': 'бөтен', 'reminder/todo': 'iskәртүләремне бетер'}"
test_241,Концерт турында искәртүне бетер,reminder/cancel_reminder,reminder/set_reminder,False,0.9727,False,False,False,{'reminder/todo': 'Концерт'},"{'datetime': 'концерт турында', 'reminder/todo': 'iskәртүне'}"
test_242,Иртәгә иртәнге будильникны бетер,alarm/cancel_alarm,alarm/show_alarms,False,0.9488,False,False,False,{'datetime': 'Иртәгә иртәнге'},{'datetime': 'Иртәгә'}
test_243,бу атнада яңгыр явармы,weather/find,alarm/show_alarms,False,0.9794,False,False,False,"{'datetime': 'бу атнада', 'weather/attribute': 'яңгыр'}",{}
test_244,Гольф уйнау өчен чәршәмбе көнне һава торышы нинди?,weather/find,weather/find,True,0.9706,False,False,False,{'datetime': 'чәршәмбе көнне'},{'datetime': 'өчен чәршәмбе көнне'}
test_245,бөтен будильникларымны күрсәт,alarm/show_alarms,alarm/show_alarms,True,0.9549,False,False,False,{'reference': 'бөтен'},{}
test_246,бөтен иртәгә будильникларны сүндер,alarm/cancel_alarm,alarm/snooze_alarm,False,1.0,False,False,False,"{'reference': 'бөтен', 'datetime': 'иртәгә'}","{'datetime': 'бөтен', 'reference': 'будильниклар'}"
test_247,Будильнигымны бүген кичке 5 куй,alarm/set_alarm,alarm/modify_alarm,False,1.0,False,False,False,{'datetime': 'бүген кичке 5'},"{'reference': 'будильнигымны', 'datetime': 'бүген кичке 5'}"
test_248,будильнигымны иртәге 7-гә куй,alarm/set_alarm,alarm/set_alarm,True,1.0,False,False,False,{'datetime': 'иртәге 7-гә'},"{'reference': 'будильнигымны', 'datetime': '7-гә куй'}"
test_249,Иртәгә кояшлы булырмы?,weather/find,alarm/show_alarms,False,1.0,False,False,False,"{'datetime': 'Иртәгә', 'weather/attribute': 'кояшлы'}",{}
test_250,бүген нинди эссе булыр,weather/find,SearchCreativeWork,False,0.9866,False,False,False,"{'datetime': 'бүген', 'weather/attribute': 'эссе'}","{'datetime': 'бүген', 'object_name': 'не указано', 'object_type': 'эссе'}"
test_251,Бир ноль йолдызлар Halo: Ghosts of Onyx,RateBook,SearchCreativeWork,False,0.9885,False,False,False,"{'rating_value': 'ноль', 'rating_unit': 'йолдызлар', 'object_name': 'Halo: Ghosts of Onyx'}","{'datetime': '', 'object_name': 'Ноль йолдызлар Halo: Ghosts of Onyx'}"
test_252,Джой Нило музыкасын кабыз .,PlayMusic,PlayMusic,True,0.9888,False,False,False,{'artist': 'Джой Нило'},{'artist': 'Джой Нило'}
test_253,"Зинһар, миңа 20 Hours in America дип аталган видеоуен таб .",SearchCreativeWork,PlayMusic,False,0.9825,False,False,False,"{'object_name': '20 Hours in America', 'object_type': 'видеоуен'}","{'sort': '20 Hours in America', 'service': 'videouен таб'}"
test_254,Мин ясаган плейлистымны уйнат,PlayMusic,PlayMusic,True,0.969,False,False,False,{'playlist': 'ясаган'},"{'music_item': 'плеистлистым', 'service': 'мин ясаган'}"
test_255,Термонтта 9 кешегә урын броньла,BookRestaurant,BookRestaurant,True,0.9879,False,False,False,"{'location': 'Термонтта', 'party_size_number': '9 кешегә'}","{'datetime': 'термонтта 9 кешегә', 'party_size_number': 'ubre', 'sort': 'урын'}"
test_256,Бу көйне Доротиның 80's party плейлистына өстә,AddToPlaylist,AddToPlaylist,True,1.0,False,False,False,"{'music_item': 'көйне', 'reference': 'Доротиның', 'playlist': ""80's party""}","{'artist': 'Доротина', 'music_item': 'party', 'playlist': ""80's"", 'reference': 'плейлистына'}"
test_257,Last FM-да Эдди Винсонның иң яңа көйен кабыз .,PlayMusic,PlayMusic,True,0.9874,False,False,False,"{'service': 'Last FM-да', 'artist': 'Эдди Винсонның', 'sort': 'иң яңа', 'music_item': 'көйен'}","{'artist': 'Эдди Винсон', 'service': 'Last FM'}"
test_258,Небрасканың һава торышын тикшер .,weather/find,weather/find,True,0.9634,False,False,False,{'location': 'Небрасканың'},"{'location': 'Небрасканың', 'datetime': 'тикшер'}"
test_259,NC-да хәзер буран бармы ?,weather/find,weather/find,True,0.9437,False,False,True,"{'location': 'NC-да', 'datetime': 'хәзер', 'condition_description': 'буран'}","{'location': 'хәзер', 'datetime': 'NC-', 'condition_attribute': 'да хәзер буран'}"
test_260,Мин 1998 елгы минионны тыңларга телим .,PlayMusic,PlayMusic,True,0.9899,False,False,False,"{'datetime': '1998', 'music_item': 'минионны'}","{'datetime': '1998 елгы', 'music_item': 'минионны'}"
test_261,Миңа Дипсон театрларында A Yiddish World Remembered өчен вакыт кирәк,SearchScreeningEvent,SearchScreeningEvent,True,0.9934,False,False,False,"{'location': 'Дипсон театрларында', 'movie_name': 'A Yiddish World Remembered', 'object_type': 'вакыт'}","{'movie_name': 'A Yiddish World Remembered', 'location': 'Дипсон театрларында', 'datetime': 'миңа'}"
test_262,Хәзерге дәреслеккә 6-дан 1 балл бир,RateBook,reminder/set_reminder,False,0.9905,False,False,False,"{'object_select': 'Хәзерге', 'object_type': 'дәреслеккә', 'best_rating': '6-дан', 'rating_value': '1'}","{'datetime': 'хәзерге', 'recurring_datetime': '6-дан 1 балл бир', 'reminder/todo': 'дәреслеккә'}"
test_263,Мэтт Мерфиның көйен Flow Español плейлистына өстә.,AddToPlaylist,AddToPlaylist,True,0.9864,False,False,False,"{'artist': 'Мэтт Мерфиның', 'music_item': 'көйен', 'playlist': 'Flow Español'}","{'artist': 'Мэтт Мерфи', 'music_item': 'көйен Flow Español', 'playlist': 'Plays by Matt Murphy', 'reference': 'плейлистына'}"
test_264,Мин 3 кешегә 20/05/2025 Техас янындагы судан гастропабын броньларга телим .,BookRestaurant,BookRestaurant,True,0.9757,False,False,True,"{'party_size_number': '3', 'datetime': '20/05/2025', 'location': 'янындагы', 'cuisine': 'судан', 'restaurant_type': 'гастропабын'}","{'datetime': '20/05/2025', 'location': 'Техас янында', 'restaurant_name': 'судан гастропабы', 'restaurant_type': 'гастропабы', 'party_size_number': '3', 'party_size_description': 'кешеге'}"
test_265,Син The Approach телесериал таба алмасыңмы,SearchCreativeWork,SearchCreativeWork,True,1.0,False,False,False,"{'object_name': 'The Approach', 'object_type': 'телесериал'}","{'object_name': 'The Approach', 'object_type': 'телесериал'}"
test_266,Бу хроникага 2 балл бир.,RateBook,RateBook,True,0.9975,False,False,True,"{'object_select': 'Бу', 'object_part_of_series_type': 'хроникага', 'rating_value': '2'}","{'object_name': 'хроникага', 'object_type': 'хроникага', 'rating_value': '2', 'best_rating': '2 балл'}"
test_267,The American Scene-ка 6-дан 2 йолдыз бир,RateBook,SearchCreativeWork,False,0.9565,False,False,False,"{'object_name': 'The American Scene-ка', 'best_rating': '6-дан', 'rating_value': '2', 'rating_unit': 'йолдыз'}","{'datetime': '6-дан', 'object_name': 'The American Scene-', 'object_type': 'кітап'}"
test_268,Минем Nação Reggae плейлистына emilie autumn өстә.,AddToPlaylist,AddToPlaylist,True,0.9909,False,False,False,"{'reference': 'Минем', 'playlist': 'Nação Reggae', 'artist': 'emilie autumn'}","{'artist': 'emilie autumn', 'music_item': 'өстә', 'playlist': 'Nação Reggae', 'reference': 'плейлистына'}"
test_269,Мин Гамбиядәге яһүд ресторанын броньларга телим .,BookRestaurant,BookRestaurant,True,0.9886,False,False,True,"{'location': 'Гамбиядәге', 'cuisine': 'яһүд', 'restaurant_type': 'ресторанын'}","{'datetime': 'Гамбиядәге', 'cuisine': 'яһүд', 'location': 'ресторанын'}"
test_270,Fried chicken restaurant өстәленә заказ бир,BookRestaurant,AddToPlaylist,False,0.9757,False,False,True,{'restaurant_name': 'Fried chicken restaurant'},"{'artist': 'Fried chicken', 'music_item': 'restaurant', 'playlist': 'undefined', 'reference': 'өстәленә заказ бир'}"
test_271,минем House Afterwork плейлистымна we have a theme song өстә,AddToPlaylist,AddToPlaylist,True,1.0,False,False,False,"{'reference': 'минем', 'playlist': 'House Afterwork', 'entity_name': 'we have a theme song'}","{'music_item': 'we have a theme song', 'playlist': 'House Afterwork плейлистымна', 'reference': 'плейлистымна'}"
test_272,2026 елның унтугызынчы октябрендә моннан ерак түгел нинди һава торышы булачак ?,weather/find,weather/find,True,1.0,False,False,False,"{'datetime': '2026 елның унтугызынчы октябрендә', 'location': 'ерак түгел'}","{'datetime': '2026 елның унтугызынчы октябрендә', 'location': 'моннан ерак түгел'}"
test_273,Уолденда һава торышы Россия 26/12/2018,weather/find,weather/find,True,1.0,False,False,False,"{'location': 'Россия', 'datetime': '26/12/2018'}","{'location': 'Уолденда', 'datetime': 'һава торышы Россия 26/12/2018'}"
test_274,Мин каенана һәм миңа бер елдан соң Buckner ресторанны броньларга телим .,BookRestaurant,BookRestaurant,True,0.9983,False,False,True,"{'party_size_description': 'каенана һәм миңа', 'datetime': 'бер елдан соң', 'location': 'Buckner', 'restaurant_type': 'ресторанны'}","{'datetime': 'мин каенана һәм миңа бер елдан соң', 'restaurant_name': 'Bucker', 'location': 'бер елдан соң'}"
test_275,Бу китапка 1 балл бир,RateBook,RateBook,True,0.9821,False,False,False,"{'object_select': 'Бу', 'object_type': 'китапка', 'rating_value': '1'}","{'object_name': 'куитапка', 'object_type': 'китап', 'rating_value': '1', 'best_rating': 'балл'}"
test_276,бу башкаручыны минем spotlight on country 2016 плейлистына өстә,AddToPlaylist,AddToPlaylist,True,0.9982,False,False,False,"{'music_item': 'башкаручыны', 'reference': 'минем', 'playlist': 'spotlight on country 2016'}","{'artist': 'бу башкаручыны', 'music_item': 'башкаручыны', 'playlist': 'minem spotlight on country 2016', 'reference': 'плейлистына'}"
test_277,Син Epic Conditions рәсемен таба алмасыңмы ?,SearchCreativeWork,SearchCreativeWork,True,1.0,False,False,False,"{'object_name': 'Epic Conditions', 'object_type': 'рәсемен'}","{'object_name': 'Син Epic Conditions', 'object_type': 'рәсемен'}"
test_278,Iheart-та rich sex уйна,PlayMusic,PlayMusic,True,1.0,False,False,True,"{'service': 'Iheart-та', 'track': 'rich sex'}","{'service': 'Iheart', 'artist': 'rich sex'}"
test_279,Bartok the Magnificent иртәнге җидедә башланачакмы ?,SearchScreeningEvent,alarm/set_alarm,False,0.9919,False,False,False,"{'movie_name': 'Bartok the Magnificent', 'datetime': 'иртәнге җидедә'}","{'reference': 'Bartok the Magnificent', 'datetime': 'иртәнге җидедә'}"
test_280,Zvooq-да берәр нәрсә уйна,PlayMusic,PlayMusic,True,1.0,False,False,False,{'service': 'Zvooq-да'},"{'service': 'Zvooq', 'music_item': 'берәр нәрсә'}"
test_281,Миңа Крис Найт музыкасын тыңларга бир,PlayMusic,PlayMusic,True,0.9821,False,False,False,{'artist': 'Крис Найт'},"{'music_item': 'Крис Найт музыкасы', 'service': 'тыңларга'}"
test_282,Джилл Собул альбомын кабыз,PlayMusic,PlayMusic,True,1.0,False,False,True,"{'album': 'Джилл Собул', 'music_item': 'альбомын'}","{'music_item': 'Джилл Собул альбомы', 'service': 'кабыз'}"
test_283,The Broken Window дүрт йолдыз бирегез,RateBook,PlayMusic,False,1.0,False,False,False,"{'object_name': 'The Broken Window', 'rating_value': 'дүрт', 'rating_unit': 'йолдыз'}",{'music_item': 'The Broken Window'}
test_284,Tatra-милли паркында иртәнге 6да һава торышын миңа әйт,weather/find,none,False,0.9572,True,False,False,"{'location': 'Tatra-милли паркында', 'datetime': 'иртәнге 6да'}",{}
test_285,"Зинһар, миңа бистродагы өстәлне броньла, анда lorna doone хезмәт итәләр .",BookRestaurant,BookRestaurant,True,0.9814,False,False,True,"{'restaurant_type': 'бистродагы', 'served_dish': 'lorna doone'}","{'datetime': 'миңа бистродагы', 'location': 'өстәлне', 'party_size_number': 'броньла', 'sort': 'хезмәт итәләр'}"
test_286,The Mystery of the Tolling Bell сериалны 4 йолдызга бәялә .,RateBook,SearchCreativeWork,False,1.0,False,False,True,"{'object_name': 'The Mystery of the Tolling Bell', 'object_part_of_series_type': 'сериалны', 'rating_value': '4', 'rating_unit': 'йолдызга'}","{'datetime': '', 'object_name': 'The Mystery of the Tolling Bell сериалны', 'object_type': 'серии'}"
test_287,Музыка уйнау өчен Groove Shark куллан,PlayMusic,PlayMusic,True,1.0,False,False,False,{'service': 'Groove Shark'},{'service': 'Groove Shark'}
test_288,Якындагы кинотеатрда Snowbound күрсәтү графигын тикшер .,SearchScreeningEvent,SearchScreeningEvent,True,0.9793,False,False,True,"{'location': 'Якындагы', 'object_location_type': 'кинотеатрда', 'movie_name': 'Snowbound'}","{'datetime': 'Якындагы', 'object_location_type': 'кинотеатрда', 'object_type': 'графигын тикшер'}"
test_289,"Зинһар, Zvooq ач",PlayMusic,PlayMusic,True,1.0,False,False,False,{'service': 'Zvooq'},{'service': 'Zvooq'}
test_290,1 кешегә урын Меритта Town of Ramsgate броньла,BookRestaurant,BookRestaurant,True,0.9684,False,False,True,"{'party_size_number': '1', 'location': 'Меритта', 'restaurant_name': 'Town of Ramsgate'}","{'datetime': '1 кешегә', 'party_size_number': 'урын', 'sort': 'бренг', 'restaurant_type': 'төнчек', 'location': 'Меритта Town of Ramsgate'}"
test_291,I Think I Do кичке 7-дә уйныймы ?,SearchScreeningEvent,alarm/set_alarm,False,0.9778,False,False,False,"{'movie_name': 'I Think I Do', 'datetime': 'кичке 7-дә'}","{'datetime': 'I Think I Do', 'reference': 'кичке 7-дә'}"
test_292,Custer National Forest кичке җидедә салкынрак булырмы,weather/find,alarm/set_alarm,False,0.9918,False,False,True,"{'location': 'Custer National Forest', 'datetime': 'кичке җидедә', 'condition_temperature': 'салкынрак'}","{'reference': 'салкынрак', 'datetime': 'Custer National Forest кичке җидедә'}"
test_293,Мин Youtube-та берәр нәрсә тыңларга телим,PlayMusic,PlayMusic,True,1.0,False,False,False,{'service': 'Youtube-та'},{'service': 'YouTube'}
test_294,Difficult Loves уенын эзлә,SearchCreativeWork,PlayMusic,False,1.0,False,False,False,"{'object_name': 'Difficult Loves', 'object_type': 'уенын'}","{'music_item': 'Difficult Loves', 'playlist': 'эзлә'}"
test_295,Нинди һава торышы 20 февральгә Bothe-Napa Valley дәүләт паркында ?,weather/find,SearchScreeningEvent,False,0.9607,False,False,False,"{'datetime': '20 февральгә', 'location': 'Bothe-Napa Valley дәүләт паркында'}","{'datetime': '20 февральгә', 'object_location_type': 'паркында', 'location': 'Bothe-Napa Valley дәүләт', 'object_type': 'nungin dori'}"
test_296,миңа кинотеатр янындагы The Great Gildersleeve фильмы сессияләре расписаниесен күрсәт,SearchScreeningEvent,SearchScreeningEvent,True,0.9892,False,False,True,"{'object_location_type': 'кинотеатр', 'movie_name': 'The Great Gildersleeve', 'object_type': 'расписаниесен'}","{'movie_name': 'The Great Gildersleeve', 'location': 'кинотеатр янында', 'datetime': ''}"
test_297,Миңа Гибслендта һава торышын әйт,weather/find,weather/find,True,0.9871,False,False,False,{'location': 'Гибслендта'},"{'location': 'Гибслендта', 'datetime': 'миңа'}"
test_298,Мин күршедәге кино графигын белә аламмы,SearchScreeningEvent,SearchCreativeWork,False,0.9973,False,False,False,"{'location': 'күршедәге', 'movie_type': 'кино', 'object_type': 'графигын'}","{'datetime': 'куршедәге', 'object_name': ' kino графигы'}"
test_299,Soul Music-ка 0 балл бир .,RateBook,RateBook,True,0.9743,False,False,False,"{'object_name': 'Soul Music-ка', 'rating_value': '0'}","{'object_name': 'Soul Music', 'object_type': 'музыкальный альбом', 'rating_value': '0', 'sort': 'Soul Music-ка'}"
test_300,Сарджентстада татар тавернасында биш кешегә өстәл заказ итегез,BookRestaurant,BookRestaurant,True,0.9924,False,False,True,"{'location': 'Сарджентстада', 'cuisine': 'татар', 'restaurant_type': 'тавернасында', 'party_size_number': 'биш'}","{'datetime': 'bish кешегә', 'location': 'Сарджентстада татар тавернасында', 'sort': 'өстәл'}"
test_301,All Things Must Pass кабыз,PlayMusic,PlayMusic,True,1.0,False,False,True,{'track': 'All Things Must Pass'},"{'music_item': 'All Things Must Pass', 'playlist': 'кабыз'}"
test_302,Кореяда бер сәгатьтән соң нинди яңгыр фаразы булачак,weather/find,weather/find,True,1.0,False,False,True,"{'location': 'Кореяда', 'datetime': 'бер сәгатьтән соң', 'condition_description': 'яңгыр'}","{'location': 'Кореяда', 'datetime': 'бер сәгатьтән соң'}"
test_303,Оклахомада South Street Diner-да 4 кешелек урын броньла,BookRestaurant,BookRestaurant,True,0.985,False,False,True,"{'location': 'Оклахомада', 'restaurant_name': 'South Street Diner-да', 'party_size_number': '4'}","{'datetime': 'Оклахомада', 'party_size_number': '4', 'sort': 'ушул', 'restaurant_type': 'ушул', 'cuisine': 'урын', 'location': 'South Street Diner-да'}"
test_304,Netflix-тан музыканы уйнат .,PlayMusic,PlayMusic,True,0.9828,False,False,False,{'service': 'Netflix-тан'},{'service': 'Netflix-тан'}
test_305,Мин Shattered Image-не күрергә телим .,SearchScreeningEvent,PlayMusic,False,0.9796,False,False,False,{'movie_name': 'Shattered Image-не'},"{'music_item': 'Shattered Image-', 'service': 'нет определен'}"
test_306,The Sound of One Hand Clapping-ны таб,SearchCreativeWork,PlayMusic,False,0.9872,False,False,False,{'object_name': 'The Sound of One Hand Clapping-ны'},"{'music_item': 'The Sound of One Hand Clapping', 'service': 'Google Music'}"
test_307,Wolves Within альбомын эзлә,SearchCreativeWork,PlayMusic,False,0.9911,False,False,False,"{'object_name': 'Wolves Within', 'object_type': 'альбомын'}","{'music_item': 'Wolves Within альбомы', 'service': 'None specified', 'artist': 'Wolves Within'}"
test_308,берәр кинотеатрда We Are Northern Lights күрсәтеләрмә,SearchScreeningEvent,SearchScreeningEvent,True,1.0,False,False,True,"{'object_location_type': 'кинотеатрда', 'movie_name': 'We Are Northern Lights'}","{'movie_name': 'We Are Northern Lights', 'location': 'берәр кинотеатрда'}"
test_309,"Безнең кечкенә дөнья почмагы, Гилмор кыз музыкасы минем Иң көлкесе әйберләр футболда плейлистыма өстә.",AddToPlaylist,AddToPlaylist,True,0.9987,False,False,False,"{'entity_name': 'Безнең кечкенә дөнья почмагы , Гилмор кыз музыкасы', 'reference': 'минем', 'playlist': 'Иң көлкесе әйберләр футболда'}","{'artist': 'Безнең', 'music_item': 'кечкенә дөнья почмагы', 'playlist': 'минем Иң көлкесе әйберләр футболда', 'reference': 'плейлистыма'}"
test_310,Саутфорд Фолс дәүләт паркында эссе һава торышы фаразы нинди,weather/find,weather/find,True,0.9636,False,False,True,"{'location': 'Саутфорд Фолс дәүләт паркында', 'condition_temperature': 'эссе'}","{'location': 'Саутфорд Фолс дәүләт паркында', 'datetime': 'эссе', 'weather/attribute': 'таши', 'weather/temperatureUnit': 'фаразы нинди'}"
test_311,"Зинһар, миӊа Гана парковкасы белән пиццерия өстәленә заказ бир .",BookRestaurant,BookRestaurant,True,0.9887,False,False,True,"{'location': 'Гана', 'facility': 'парковкасы', 'restaurant_type': 'пиццерия'}","{'datetime': 'миӊа Гана', 'party_size_number': 'пиццерия өстәленә', 'sort': 'заказ бир', 'restaurant_type': 'парковкасы', 'cuisine': 'белән'}"
test_312,Мин җитмешенче еллар саундтрегын тыңларга телим .,PlayMusic,PlayMusic,True,0.9866,False,False,False,"{'datetime': 'җитмешенче', 'music_item': 'саундтрегын'}","{'sort': 'җитмешенче еллар', 'service': 'саундтрегын'}"
test_313,Ике сәгатьтән соң Үзбәкстанда һава торышы,weather/find,weather/find,True,1.0,False,False,False,"{'datetime': 'Ике сәгатьтән соң', 'location': 'Үзбәкстанда'}","{'location': 'Үзбекстанда', 'datetime': 'ике сәгатьтән соң'}"
test_314,"Зинһар, миңа Journal of the British Astronomical Association фильмын таб .",SearchCreativeWork,SearchScreeningEvent,False,0.968,False,False,False,"{'object_name': 'Journal of the British Astronomical Association', 'object_type': 'фильмын'}","{'movie_name': 'Journal of the British Astronomical Association', 'datetime': 'миңа'}"
test_315,"Уордвилл-да, Канзас-та 8 кешелек урын броньла",BookRestaurant,BookRestaurant,True,0.984,False,False,False,"{'location': 'Канзас-та', 'party_size_number': '8'}","{'datetime': 'Уордвилл-да', 'party_size_number': '8 кешелек', 'sort': 'урын броньла', 'location': 'Канзас-та'}"
test_316,Нинди һава торышы моннан ерак булачак ?,weather/find,weather/find,True,0.9513,False,False,False,{'location': 'ерак'},"{'location': 'Нинди', 'datetime': 'моны', 'weather/attribute': 'hower', 'weather/temperatureUnit': 'monnан'}"
test_317,Ричард Макнамараның яңа җырын Just Smile плейлистыма өстә,AddToPlaylist,AddToPlaylist,True,0.9897,False,False,False,"{'artist': 'Ричард Макнамараның', 'music_item': 'җырын', 'playlist': 'Just Smile'}","{'artist': 'Ричард Макнамара', 'music_item': 'яңа җырын', 'playlist': 'Just Smile', 'reference': 'плейлистыма'}"
test_318,монда 1 секундтан соң никадәр салкын булыр,weather/find,alarm/snooze_alarm,False,0.9978,False,False,True,"{'location': 'монда', 'datetime': '1 секундтан соң', 'condition_temperature': 'салкын'}","{'datetime': 'монда 1 секундтан соң', 'reference': 'никадәр салкын'}"
test_319,With You исемле рәсем эзлә,SearchCreativeWork,PlayMusic,False,1.0,False,False,False,"{'object_name': 'With You', 'object_type': 'рәсем'}","{'music_item': 'With You', 'service': 'исемле'}"
test_320,Deadly Weapons иҗади эшен таб,SearchCreativeWork,PlayMusic,False,1.0,False,False,False,{'object_name': 'Deadly Weapons'},{'music_item': 'Deadly Weapons'}
test_321,Ноябрьдә Брукнилда һава торышы нинди булыр ?,weather/find,weather/find,True,0.9877,False,False,False,"{'datetime': 'Ноябрьдә', 'location': 'Брукнилда'}","{'location': 'Брукнилда', 'datetime': 'Ноябрьдә'}"
test_322,Токмач өчен тавернада өстәл броньла,BookRestaurant,BookRestaurant,True,0.98,False,False,True,"{'served_dish': 'Токмач', 'restaurant_type': 'тавернада'}","{'datetime': 'токмач өчен', 'sort': 'өстәл броньла', 'location': 'тавернада'}"
test_323,Коста-Рикада нинди һава торышы,weather/find,weather/find,True,0.9854,False,False,False,{'location': 'Коста - Рикада'},"{'location': 'Коста-Рика', 'datetime': 'бу атнан'}"
test_324,The Two Gladiators уйнымы,SearchScreeningEvent,PlayMusic,False,1.0,False,False,False,{'movie_name': 'The Two Gladiators'},"{'music_item': 'The Two Gladiators', 'service': 'Google Music'}"
test_325,Star Theatres-да нинди фильмнар бар .,SearchScreeningEvent,SearchScreeningEvent,True,0.9953,False,False,False,"{'location': 'Star Theatres-да', 'movie_type': 'фильмнар'}","{'object_type': 'фильмнар', 'location': 'Star Theatres-да'}"
test_326,Зинһар миңа Harry Hood сагасын таба аласызмы ?,SearchCreativeWork,SearchCreativeWork,True,1.0,False,False,False,"{'object_name': 'Harry Hood', 'object_type': 'сагасын'}","{'datetime': 'Зинһар миңа', 'object_name': 'Harry Hood сагасы'}"
test_327,бу көйне минем Sleepify плейлистыма өстә,AddToPlaylist,AddToPlaylist,True,0.9879,False,False,False,"{'music_item': 'көйне', 'reference': 'минем', 'playlist': 'Sleepify'}","{'artist': '', 'music_item': 'бу', 'playlist': 'Sleepify', 'reference': 'плейлистыма'}"
test_328,Any Which Way You Can 15 секундтан соң уйнаячакмы,SearchScreeningEvent,PlayMusic,False,0.9533,False,False,False,"{'movie_name': 'Any Which Way You Can', 'datetime': '15 секундтан соң'}","{'music_item': 'Any Which Way You Can', 'sort': '15 секундтан соң', 'service': 'утаң ач'}"
test_329,E-type музыкасын кабыз .,PlayMusic,PlayMusic,True,1.0,False,False,False,{'artist': 'E-type'},"{'music_item': 'E-type музыкасын', 'service': 'кабыз'}"
test_330,Хәзерге китапка бер йолдыз куй,RateBook,BookRestaurant,False,0.9694,False,False,False,"{'object_select': 'Хәзерге', 'object_type': 'китапка', 'rating_value': 'бер'}","{'datetime': 'хәзерге', 'party_size_number': 'бер йол', 'sort': 'йол', 'restaurant_type': 'китапка'}"
test_331,Louis Nelson Delisle-ның Another Passenger уйнат .,PlayMusic,PlayMusic,True,1.0,False,False,True,"{'artist': 'Louis Nelson Delisle-ның', 'album': 'Another Passenger'}","{'artist': 'Louis Nelson Delisle-', 'music_item': 'Another Passenger'}"
test_332,Кайда мин кино графигын таба алам,SearchScreeningEvent,SearchScreeningEvent,True,0.9569,False,False,False,{'object_type': 'кино графигын'},"{'datetime': '', 'location': '', 'movie_name': 'мин кино графигы', 'object_type': ''}"
test_333,Эмерадода Сен-Пьер һәм Микелонда 26 сентябрьгә нинди һава торышы,weather/find,weather/find,True,0.9866,False,False,False,"{'location': 'Сен - Пьер һәм Микелонда', 'datetime': '26 сентябрьгә'}","{'location': 'Эмерадода Сен-Пьер һәм Микелонда', 'datetime': '26 сентябрьгә'}"
test_334,Ted Peters Famous Smoked Fish-та Окфилд янында 17 секундтансын ашарга барык,BookRestaurant,PlayMusic,False,0.9726,False,False,True,"{'restaurant_name': 'Ted Peters Famous Smoked Fish-та', 'location': 'янында', 'datetime': '17 секундтансын'}","{'music_item': 'Ted Peters Famous Smoked Fish', 'sort': '17 секундтансын ашарга'}"
test_335,миңа Good Morning Sunshine трейлерын таб,SearchCreativeWork,PlayMusic,False,1.0,False,False,False,"{'object_name': 'Good Morning Sunshine', 'object_type': 'трейлерын'}","{'music_item': 'Good Morning Sunshine трейлеры', 'service': 'трейлер'}"
test_336,Мин Нидерланд Антиль утрауларында 3 кешегә сыра ресторанны броньларга телим .,BookRestaurant,BookRestaurant,True,0.9971,False,False,False,"{'location': 'Нидерланд Антиль утрауларында', 'party_size_number': '3', 'restaurant_type': 'сыра ресторанны'}","{'datetime': 'Нидерланд Антиль утрауларында', 'location': 'ресторанны', 'party_size_number': '3 кешегә', 'sort': 'сыра'}"
test_337,бу хәзерге альбомга 0 йолдыз куй,RateBook,PlayMusic,False,0.9649,False,False,False,"{'object_select': 'бу хәзерге', 'object_type': 'альбомга', 'rating_value': '0', 'rating_unit': 'йолдыз'}","{'sort': 'бу хәзерге', 'music_item': 'альбом', 'service': 'Google Music'}"
test_338,Монакода Yankee Doodle Coffee Ѕһор-та урын алырга теләр идем,BookRestaurant,PlayMusic,False,0.9865,False,False,True,"{'location': 'Монакода', 'restaurant_name': 'Yankee Doodle Coffee Ѕһор-та'}","{'music_item': 'Yankee Doodle Coffee Ѕһор-та', 'service': 'PlayMusic'}"
test_339,Political punks плейлистыма башкаручыны өстә.,AddToPlaylist,AddToPlaylist,True,0.9923,False,False,False,"{'playlist': 'Political punks', 'music_item': 'башкаручыны'}","{'artist': 'Political punks', 'music_item': 'башкаручыны', 'playlist': 'Political punks', 'reference': 'плейлистыма'}"
test_340,Дүрт айдан соң Саванида AK-ында салкынрак булырмы,weather/find,alarm/show_alarms,False,0.9799,False,False,True,"{'datetime': 'Дүрт айдан соң', 'location': 'AK-ында', 'condition_temperature': 'салкынрак'}",{'datetime': 'Дүрт айдан соң Саванида AK-ында'}
test_341,минем Crash Course плейлистыма Muzika za decu өстә,AddToPlaylist,AddToPlaylist,True,1.0,False,False,False,"{'reference': 'минем', 'playlist': 'Crash Course', 'entity_name': 'Muzika za decu'}","{'artist': 'Muzika za decu', 'music_item': ' Crash Course', 'playlist': 'Crash Course', 'reference': 'плейлистыма'}"
test_342,Molecular Oncology сагасын эзли аласынмы ?,SearchCreativeWork,SearchCreativeWork,True,0.9928,False,False,False,"{'object_name': 'Molecular Oncology', 'object_type': 'сагасын'}","{'object_name': 'Molecular Oncology сагасын', 'object_type': 'эзли алырга'}"
test_343,Мин алты кешелек ресторанны Вагстаффта AK-да броньларга телим .,BookRestaurant,BookRestaurant,True,0.9667,False,False,False,"{'party_size_number': 'алты', 'restaurant_type': 'ресторанны', 'location': 'AK-да'}","{'datetime': 'мин', 'party_size_number': 'алты', 'restaurant_name': 'Вагстаффта AK-', 'sort': 'броньларга телим'}"
test_344,Дэвид Линдлиның симфоник музыкасын уйнат .,PlayMusic,PlayMusic,True,0.9937,False,False,False,"{'artist': 'Дэвид Линдлиның', 'music_item': 'симфоник'}","{'artist': 'Дэвид Линдли', 'music_item': 'симфоник музыкасы', 'service': 'Google Music'}"
test_345,"Зинһар, миңа Now We Are Married телесериалын таб .",SearchCreativeWork,SearchCreativeWork,True,0.9749,False,False,False,"{'object_name': 'Now We Are Married', 'object_type': 'телесериалын'}","{'datetime': 'Зинһар, миңа', 'object_name': 'Now We Are Married'}"
test_346,Мин Outcast-ны карарга телим .,SearchScreeningEvent,PlayMusic,False,1.0,False,False,False,{'movie_name': 'Outcast-ны'},"{'music_item': 'Outcast-', 'service': 'карарга'}"
test_347,минем This Is Tchaikovsky плейлистыма хәзерге трекны өстә,AddToPlaylist,AddToPlaylist,True,0.9837,False,False,False,"{'reference': 'минем', 'playlist': 'This Is Tchaikovsky', 'music_item': 'трекны'}","{'music_item': 'трек', 'playlist': 'This Is Tchaikovsky', 'reference': 'плейлистыма'}"
test_348,Lastfm-да This Is: Miles Davis-ны кабыз .,PlayMusic,PlayMusic,True,1.0,False,False,False,"{'service': 'Lastfm-да', 'playlist': 'This Is: Miles Davis-ны'}","{'music_item': 'This Is: Miles Davis', 'service': 'Lastfm'}"
test_349,Танзаниядә кабымханәдә 5 кешегә иң яхшы өстәлне броньла,BookRestaurant,BookRestaurant,True,0.986,False,False,False,"{'location': 'Танзаниядә', 'restaurant_type': 'кабымханәдә', 'party_size_number': '5', 'sort': 'иң яхшы'}","{'datetime': 'танзаниядә кабымханәдә', 'party_size_number': '5', 'sort': 'өстәлне броньла', 'location': 'кабымханәдә'}"
test_350,Әйдә Vimeo-да яхшы элекке Mohammad Mamle тыңлыйк .,PlayMusic,PlayMusic,True,0.9635,False,False,False,"{'service': 'Vimeo-да', 'sort': 'элекке', 'artist': 'Mohammad Mamle'}","{'music_item': 'элекке', 'service': 'Vimeo-да'}"
test_351,Vandemataram Srinivas трегын HipHop Hot 50-гә куй.,AddToPlaylist,AddToPlaylist,True,0.9897,False,False,False,"{'artist': 'Vandemataram Srinivas', 'music_item': 'трегын', 'playlist': 'HipHop Hot 50-гә'}","{'artist': 'Vandemataram Srinivas', 'music_item': 'трегын', 'playlist': 'HipHop Hot 50', 'reference': ''}"
test_352,Миңа Secret South җырын таб .,SearchCreativeWork,weather/find,False,0.9525,False,False,False,"{'object_name': 'Secret South', 'object_type': 'җырын'}","{'location': 'miñan', 'object_type': 'җырын таб'}"
test_353,Zvooq-та туксанынчы еллар җырлары,PlayMusic,weather/find,False,0.9923,False,False,False,"{'service': 'Zvooq-та', 'datetime': 'туксанынчы'}",{'location': 'Zvooq-та туксанынчы еллар җырлары'}
test_354,кичке биштән башлап Техаста Admire-да һава торышы нинди,weather/find,weather/find,True,0.9944,False,False,False,"{'datetime': 'кичке биштән', 'location': 'Admire-да'}","{'location': 'Техаста', 'datetime': 'кичке биштән башлап'}"
test_355,Last FM-да берәр нәрсә уйнат,PlayMusic,PlayMusic,True,1.0,False,False,False,{'service': 'Last FM-да'},"{'service': 'Last FM', 'music_item': 'берәр нәрсә'}"
test_356,Мин якындагы кинотеатрда The Portrait of a Lady карарга телим .,SearchScreeningEvent,PlayMusic,False,0.9468,False,False,True,"{'location': 'якындагы', 'object_location_type': 'кинотеатрда', 'movie_name': 'The Portrait of a Lady'}","{'datetime': ' Yakындагы', 'object_name': 'The Portrait of a Lady', 'service': 'Мин'}"
test_357,"Зинһар, миңа Phineas Redux таб .",SearchCreativeWork,PlayMusic,False,0.9854,False,False,False,{'object_name': 'Phineas Redux'},"{'music_item': 'Phineas Redux', 'service': 'Phineas Redux'}"
test_358,Laundry плейлистына 40 cal көйен өстә.,AddToPlaylist,AddToPlaylist,True,1.0,False,False,False,"{'playlist': 'Laundry', 'artist': '40 cal', 'music_item': 'көйен'}","{'artist': '40 cal', 'music_item': 'өстә', 'playlist': 'Laundry', 'reference': 'плейлистына'}"
test_359,Itunes-ны ач һәм Ben Burnley Ready To Die-ны уйнат,PlayMusic,PlayMusic,True,0.9971,False,False,True,"{'service': 'Itunes-ны', 'artist': 'Ben Burnley', 'album': 'Ready To Die-ны'}","{'service': 'Itunes-', 'artist': 'Ben Burnley', 'music_item': 'Ready To Die'}"
test_360,5-енче декабрьдә Лихул һәйкәле янында нинди һава торышы булачак ?,weather/find,weather/find,True,1.0,False,False,False,"{'datetime': '5-енче декабрьдә', 'location': 'Лихул һәйкәле'}","{'datetime': '5-енче декабрьдә', 'location': 'Лихул һәйкәле янында'}"
test_361,Якындагы кинотеатрда Sexy Dance 2 расписаниесен күрсәт,SearchScreeningEvent,SearchScreeningEvent,True,1.0,False,False,True,"{'location': 'Якындагы', 'object_location_type': 'кинотеатрда', 'movie_name': 'Sexy Dance 2', 'object_type': 'расписаниесен'}","{'movie_name': 'Sexy Dance 2', 'location': 'Якындагы кинотеатрда', 'datetime': ''}"
test_362,Live at the Kings Center дип аталган җырны таб,SearchCreativeWork,PlayMusic,False,1.0,False,False,False,"{'object_name': 'Live at the Kings Center', 'object_type': 'җырны'}","{'music_item': 'Live at the Kings Center', 'service': 'Google Music'}"
test_363,"Тайонкта , Нью-Джерсида нинди һава торышы",weather/find,weather/find,True,0.9508,False,False,False,{'location': 'Нью - Джерсида'},"{'location': 'Нью-Джерсида', 'datetime': 'таymoonкта'}"
test_364,Мин биш кешелек өстәл Tupelo Honey Cafe-да Нью-Джерсида броньларга телим.,BookRestaurant,BookRestaurant,True,0.9876,False,False,True,"{'party_size_number': 'биш', 'restaurant_name': 'Tupelo Honey Cafe-да', 'location': 'Нью - Джерсида'}","{'datetime': 'bish кешелек өстәл', 'location': 'Нью-Джерсида', 'restaurant_name': 'Tupelo Honey Cafe-да', 'sort': 'броньларга телим'}"
test_365,чәй йорта миӊа һәм минем cеңелләремә урын броньла,BookRestaurant,reminder/set_reminder,False,0.9767,False,False,True,"{'restaurant_type': 'чәй йорта', 'party_size_description': 'миӊа һәм минем cеңелләремә'}","{'datetime': 'чәй йорта миӊа', 'reminder/todo': 'минем сеңелләремә урын броньла'}"
test_366,16 февральдә Нидерландта эссе булачакмы ?,weather/find,SearchCreativeWork,False,0.9765,False,False,True,"{'datetime': '16 февральдә', 'location': 'Нидерландта', 'condition_temperature': 'эссе'}","{'datetime': '16 февральдә', 'object_name': 'Нидерландта эссе булачакмы'}"
test_367,Мин jordan rudess-ны Divertido para niños плейлистына өстәргә телим.,AddToPlaylist,AddToPlaylist,True,1.0,False,False,False,"{'artist': 'jordan rudess-ны', 'playlist': 'Divertido para niños'}","{'artist': 'jordan rudess', 'music_item': 'Divertido para niños', 'playlist': 'плейлистына', 'reference': ''}"
test_368,In the Company of Cheerful Ladies-ка 6-дан нуль куй,RateBook,alarm/snooze_alarm,False,0.9916,False,False,False,"{'object_name': 'In the Company of Cheerful Ladies-ка', 'best_rating': '6-дан', 'rating_value': 'нуль'}","{'datetime': 'In the Company of Cheerful Ladies-ка 6', 'reference': '6'}"
test_369,Миңа иң яхшы бистрода өстәл броньла,BookRestaurant,BookRestaurant,True,0.9568,False,False,False,"{'sort': 'иң яхшы', 'restaurant_type': 'бистрода'}","{'datetime': 'миңа', 'sort': 'ың яхшы', 'location': 'бистрода', 'service': 'өстә'}"
test_370,Хәзерге дәреслеккә 6-дан 1 куй,RateBook,alarm/set_alarm,False,0.9814,False,False,False,"{'object_select': 'Хәзерге', 'object_type': 'дәреслеккә', 'best_rating': '6-дан', 'rating_value': '1'}","{'reference': 'дәреслеккә', 'datetime': '6-дан 1 куй'}"
test_371,кино вакытлары кайчан,SearchScreeningEvent,SearchScreeningEvent,True,1.0,False,False,False,{'object_type': 'кино вакытлары'},{}
test_372,Огайода нинди hава торышы булачак ?,weather/find,weather/find,True,1.0,False,False,False,{'location': 'Огайода'},"{'location': 'огайода', 'datetime': 'нинди'}"
test_373,Бу артистны Showstopper Being Mary Jane плейлистына өстә,AddToPlaylist,AddToPlaylist,True,1.0,False,False,False,"{'music_item': 'артистны', 'playlist': 'Showstopper Being Mary Jane'}","{'artist': 'Клеопатра Стратан', 'music_item': 'артистны', 'playlist': 'Showstopper Being Mary Jane', 'reference': 'плейлистына'}"
test_374,Балаларыма һәм миңа броньла,BookRestaurant,BookRestaurant,True,0.981,False,False,True,{'party_size_description': 'Балаларыма һәм миңа'},"{'party_size_number': 'балаларыма', 'datetime': 'миңа'}"
test_375,2035 елның 21 августында Сарыкамыш тыюлыгыда нинди һава торышы булачак ?,weather/find,weather/find,True,1.0,False,False,False,"{'datetime': '2035 елның 21 августында', 'location': 'Сарыкамыш тыюлыгыда'}","{'datetime': '2035 елның 21 августында', 'location': 'Сарыкамыш тыюлыгыда'}"
test_376,Руфь китапка 6-дан биш балл бир .,RateBook,RateBook,True,0.9617,False,False,False,"{'object_name': 'Руфь китапка', 'best_rating': '6-дан', 'rating_value': 'биш', 'rating_unit': 'балл'}","{'object_name': 'Руфь китабы', 'object_type': 'китапка', 'rating_value': '6-дан биш балл', 'rating_unit': 'бир'}"
test_377,Reminiscences of the Anti-Japanese Guerillas хроникасы 6-дан ноль балл рейтинг лаек.,RateBook,SearchCreativeWork,False,0.9805,False,False,True,"{'object_name': 'Reminiscences of the Anti-Japanese Guerillas', 'object_part_of_series_type': 'хроникасы', 'best_rating': '6-дан', 'rating_value': 'ноль', 'rating_unit': 'балл'}","{'datetime': '6-дан ноль', 'object_name': 'Reminiscences of the Anti-Japanese Guerillas хроникасы'}"
test_378,Миңа Көньяк Театрларындагы кино графикларын күрсәт,SearchScreeningEvent,SearchScreeningEvent,True,0.9927,False,False,False,"{'location': 'Көньяк Театрларындагы', 'object_type': 'кино графикларын'}","{'datetime': 'миңа', 'object_location_type': 'театрларындагы', 'location': 'Көньяк Театрлары', 'object_type': 'графикларын'}"
test_379,Якындагы кинотеатрда кино графикларын таб,SearchScreeningEvent,SearchScreeningEvent,True,0.9969,False,False,False,"{'location': 'Якындагы кинотеатрда', 'object_type': 'кино графикларын'}","{'datetime': 'Якындагы', 'object_location_type': 'кинотеатрда'}"
test_380,Бу альбом Испан ритмнар плейлистына өстә,AddToPlaylist,AddToPlaylist,True,0.9913,False,False,False,"{'music_item': 'альбом', 'playlist': 'Испан ритмнар'}","{'artist': 'Испан', 'music_item': 'альбом', 'playlist': 'Испан ритмнар', 'reference': 'плейлистына'}"
test_381,6 кешегә креол тавернасында Черногориядә броньла,BookRestaurant,BookRestaurant,True,0.9918,False,False,True,"{'party_size_number': '6', 'cuisine': 'креол', 'restaurant_type': 'тавернасында', 'location': 'Черногориядә'}","{'datetime': '6 кешегә', 'party_size_number': 'броньла', 'sort': 'креол тавернасында', 'restaurant_type': 'без определенного типа', 'cuisine': 'черногорская', 'location': 'Черногория'}"
test_382,Cathedral сериясенә дүрт йолдыз бир .,RateBook,SearchCreativeWork,False,0.9932,False,False,True,"{'object_name': 'Cathedral', 'object_part_of_series_type': 'сериясенә', 'rating_value': 'дүрт', 'rating_unit': 'йолдыз'}","{'object_name': 'Cathedral', 'object_type': 'сериясен'}"
test_383,The Famous Flower of Serving-Men минем кичке акустика плейлистымна өстә.,AddToPlaylist,AddToPlaylist,True,0.991,False,False,False,"{'entity_name': 'The Famous Flower of Serving-Men', 'reference': 'минем', 'playlist': 'кичке акустика'}","{'artist': 'The Famous Flower of Serving-Men', 'music_item': 'минем кичке', 'playlist': 'акустика плейлистымна', 'reference': 'плейлистымна'}"
test_384,Миңа ArcLight Hollywood кинотеатырында анимацион фильмнарга гына расписаниесене күрсәт,SearchScreeningEvent,SearchScreeningEvent,True,0.9733,False,False,False,"{'location': 'ArcLight Hollywood кинотеатырында', 'movie_type': 'анимацион фильмнарга', 'object_type': 'расписаниесене'}","{'movie_name': 'миңа', 'location': 'ArcLight Hollywood кинотеатырында', 'datetime': 'гина', 'object_location_type': 'анимацион фильмнарга', 'object_type': 'расписаниесен'}"
test_385,"Зинһар, Йолдызлы төн рәсемне таб .",SearchCreativeWork,SearchCreativeWork,True,0.9919,False,False,False,"{'object_name': 'Йолдызлы төн', 'object_type': 'рәсемне'}","{'object_name': 'Йолдызлы төн рәсемне', 'object_type': 'таб'}"
test_386,Бу урында 15:19:29 дымлылык нинди булачак ?,weather/find,alarm/time_left_on_alarm,False,1.0,False,False,True,"{'location': 'Бу урында', 'datetime': '15:19:29', 'condition_description': 'дымлылык'}",{}
test_387,мин JLA Adventures: Trapped In Time-ны карарга телим,SearchScreeningEvent,PlayMusic,False,0.9887,False,False,False,{'movie_name': 'JLA Adventures: Trapped In Time-ны'},"{'music_item': 'JLA Adventures: Trapped In Time-', 'playlist': 'карарга'}"
test_388,This Is Johnny Cash-ка дерек уоткинсныӊ көйен өстә,AddToPlaylist,PlayMusic,False,0.9945,False,False,False,"{'playlist': 'This Is Johnny Cash-ка', 'artist': 'дерек уоткинсныӊ', 'music_item': 'көйен'}","{'music_item': 'This Is Johnny Cash-ка дерек уоткинсның', 'service': 'өстә'}"
test_389,Fire in the Hole дип аталган иҗади эш таб,SearchCreativeWork,PlayMusic,False,0.9706,False,False,False,{'object_name': 'Fire in the Hole'},"{'music_item': 'Fire in the Hole', 'service': 'Google Music'}"
test_390,пэтныӊ колледж янында өстәлне броньла,BookRestaurant,BookRestaurant,True,0.9904,False,False,False,{'location': 'янында'},"{'datetime': 'өстәлне броньла', 'facility': 'пэтныӊ колледж янында'}"
test_391,Patrick Still Lives AMC кинотеатрларында барамы,SearchScreeningEvent,SearchScreeningEvent,True,0.9821,False,False,False,"{'movie_name': 'Patrick Still Lives', 'location': 'AMC кинотеатрларында'}","{'movie_name': 'Patrick Still Lives', 'location': 'AMC кинотеатрларында', 'datetime': 'барамы'}"
test_392,Мин спа массажын броньларга телим .,BookRestaurant,none,False,0.9288,True,False,True,"{'facility': 'спа', 'restaurant_type': 'массажын'}",{}
test_393,14 сәгатьтән соң берәр җирдә Кварривиллда өстәл кирәк,BookRestaurant,alarm/show_alarms,False,0.9827,False,False,False,"{'datetime': '14 сәгатьтән соң', 'location': 'Кварривиллда'}","{'datetime': '14 сәгатьтән соң', 'reference': 'берәр җирдә'}"
test_394,Гари Ли Коннерны уйнат,PlayMusic,PlayMusic,True,1.0,False,False,False,{'artist': 'Гари Ли Коннерны'},"{'artist': 'Гари Ли Коннер', 'service': 'Google Music'}"
test_395,иң якын кинотеатрны кайда Boycott-ны күрсәтәләр күрсәт,SearchScreeningEvent,none,False,0.949,True,False,True,"{'location': 'иң якын', 'object_location_type': 'кинотеатрны', 'movie_name': 'Boycott-ны'}",{}
test_396,"Зинһар, минем ecstatic плейлистны кабыз.",PlayMusic,PlayMusic,True,0.9595,False,False,False,{'playlist': 'ecstatic'},"{'music_item': 'экстазик плейлист', 'playlist': 'екстазик плейлист'}"
test_397,"Зинһар, The Mad Magician җырын таб .",SearchCreativeWork,PlayMusic,False,1.0,False,False,False,"{'object_name': 'The Mad Magician', 'object_type': 'җырын'}","{'music_item': 'The Mad Magician', 'service': 'undefined'}"
test_398,Bow Tie Cinemas-ның расписаниесен тикшер .,SearchScreeningEvent,SearchScreeningEvent,True,0.9696,False,False,False,"{'location': 'Bow Tie Cinemas-ның', 'object_type': 'расписаниесен'}","{'datetime': '', 'object_name': 'Bow Tie Cinemas-ның', 'object_type': 'расписаниесен', 'location': ''}"
test_399,Миңа Төньяк Мариан утрауларындагы пабта кичәгә 3 кешелек өстәл броньла,BookRestaurant,BookRestaurant,True,0.9938,False,False,False,"{'location': 'Төньяк Мариан утрауларындагы', 'restaurant_type': 'пабта', 'party_size_number': '3'}","{'datetime': 'миңа Төньяк Мариан утрауларындагы', 'party_size_number': '3 кешелек', 'sort': 'өстәл броньла', 'restaurant_type': 'пабта'}"
test_400,Миңа Infinite Indie Folk исемлеккә Rahim Shah-ның әсәрләрен өстәргә кирәк,AddToPlaylist,PlayMusic,False,0.9656,False,False,False,"{'playlist': 'Infinite Indie Folk', 'artist': 'Rahim Shah-ның'}","{'sort': 'miңа', 'music_item': 'Rahim Shah-ның әсәрләрен', 'service': '播放音乐服务'}"
test_401,Минем Te quiero плейлистыма Кече Джерри Каллистны өстә.,AddToPlaylist,AddToPlaylist,True,0.9975,False,False,False,"{'reference': 'Минем', 'playlist': 'Te quiero', 'artist': 'Кече Джерри Каллистны'}","{'artist': 'Кече Джерри Каллист', 'music_item': 'плейлистыма', 'playlist': 'Te quiero', 'reference': ''}"
test_402,Юта янында төнге 3 сәгать тирәсендә никадәр салкынрак булачак ?,weather/find,weather/find,True,0.9851,False,False,True,"{'location': 'янында', 'datetime': 'төнге 3 сәгать', 'condition_temperature': 'салкынрак'}","{'location': 'Юта янында', 'datetime': 'төнге 3 сәгать'}"
test_403,Альбомны Hipster Soul плейлистына өстә.,AddToPlaylist,AddToPlaylist,True,0.9899,False,False,False,"{'music_item': 'Альбомны', 'playlist': 'Hipster Soul'}","{'music_item': 'альбомны', 'playlist': 'Hipster Soul', 'reference': 'плейлистына'}"
test_404,"Мин унөч сәгатьтән соң деликатес ресторанында ашарга телим, анда көнчыгыш европа ризыклары сатыла",BookRestaurant,BookRestaurant,True,0.9864,False,False,True,"{'datetime': 'унөч сәгатьтән соң', 'restaurant_type': 'деликатес ресторанында', 'cuisine': 'көнчыгыш европа'}","{'datetime': 'унөч сәгатьтән соң', 'party_size_number': 'деликатес ресторанында', 'sort': 'ашарга телим', 'restaurant_type': 'ресторан', 'cuisine': 'көнчыгыш европа ризыклары', 'location': 'анда'}"
test_405,алтмышынчы еллар саундтрегын кабыз,PlayMusic,PlayMusic,True,0.9664,False,False,False,"{'datetime': 'алтмышынчы еллар', 'music_item': 'саундтрегын'}","{'service': 'саундтрегын', 'music_item': 'алтмышынчы еллар'}"
test_406,Бу альбомга бер йолдыз бир,RateBook,AddToPlaylist,False,0.9911,False,False,False,"{'object_select': 'Бу', 'object_type': 'альбомга', 'rating_value': 'бер', 'rating_unit': 'йолдыз'}","{'artist': 'бер йолдыз', 'music_item': 'альбом', 'playlist': 'бу альбомга', 'reference': 'бер йолдыз бир'}"
test_407,Bryan Macleanның иң олуг музыкасын кабыз .,PlayMusic,PlayMusic,True,0.9958,False,False,False,"{'artist': 'Bryan Macleanның', 'sort': 'иң олуг'}","{'artist': 'Bryan Maclean', 'music_item': 'музыкасы', 'service': 'Google Music'}"
test_408,Nicodemus-та һәм аның тирәсендәге һава торышы нинди,weather/find,weather/find,True,0.984,False,False,False,{'location': 'аның тирәсендәге'},"{'location': 'Nicodemus-та', 'datetime': 'таның тирәсендәге'}"
test_409,Phinally Phamous дип аталган уен эзлә,SearchCreativeWork,PlayMusic,False,0.9672,False,False,False,"{'object_name': 'Phinally Phamous', 'object_type': 'уен'}","{'music_item': 'Phinally Phamous', 'service': 'Google Music'}"
test_410,Juneteenth-га 2 балл куй .,RateBook,alarm/set_alarm,False,0.9853,False,False,False,"{'object_name': 'Juneteenth-га', 'rating_value': '2'}","{'datetime': 'Juneteenth-га', 'recurring_datetime': '2 балгы', 'reference': '2 балгы'}"
test_411,Rhialto the Marvellous-га нуль йолдыз бир,RateBook,AddToPlaylist,False,0.9603,False,False,False,"{'object_name': 'Rhialto the Marvellous-га', 'rating_value': 'нуль', 'rating_unit': 'йолдыз'}","{'artist': 'Rhialto the Marvellous-', 'music_item': 'нуль йолдыз бир', 'playlist': 'не указано', 'reference': 'плейлистымга'}"
test_412,Мин Хелена Ирен Михаэльсенның Youtube-та саундтрегын ишетергә телим,PlayMusic,PlayMusic,True,0.9957,False,False,False,"{'artist': 'Мин Хелена Ирен', 'service': 'Youtube-та', 'music_item': 'саундтрегын'}","{'artist': ' Helena Irene Michaelsen', 'service': 'YouTube'}"
test_413,5 кешегә 20/01/2023 MH-да өстәл броньла,BookRestaurant,reminder/set_reminder,False,0.9938,False,False,False,"{'party_size_number': '5', 'datetime': '20/01/2023', 'location': 'MH-да'}","{'datetime': '20/01/2023 MH-', 'recurring_datetime': '5 кешегә', 'reminder/todo': 'өстәл броньла'}"
test_414,якындагы анимация фильмнары сессияләре расписаниесе,SearchScreeningEvent,SearchScreeningEvent,True,0.9692,False,False,False,"{'location': 'якындагы', 'movie_type': 'анимация фильмнары', 'object_type': 'сессияләре расписаниесе'}","{'datetime': '', 'object_location_type': '', 'movie_name': '', 'object_type': 'расписаниесе'}"
test_415,Минем This Is Shakira плейлистымна jack white-ны өстә,AddToPlaylist,AddToPlaylist,True,1.0,False,False,False,"{'reference': 'Минем', 'playlist': 'This Is Shakira', 'artist': 'jack white-ны'}","{'artist': 'jack white-', 'music_item': 'плейлистымна', 'playlist': 'This Is Shakira', 'reference': ''}"
test_416,Мин Шри-Ланкада биш кешегә ресторан броньларга телим .,BookRestaurant,BookRestaurant,True,0.993,False,False,False,"{'location': 'Шри-Ланкада', 'party_size_number': 'биш', 'restaurant_type': 'ресторан'}","{'location': 'Шри-Ланка', 'datetime': 'мин биш кешегә', 'restaurant_type': 'ресторан броньларга'}"
test_417,"Зинһар, Episodi di The Blacklist телевизион тапшыруын таб .",SearchCreativeWork,SearchCreativeWork,True,0.972,False,False,False,"{'object_name': 'Episodi di The Blacklist', 'object_type': 'телевизион тапшыруын'}","{'object_name': 'Episodi di The Blacklist', 'object_type': 'тапшыруу'}"
test_418,монда Law Day-нән башлап салкын һава торышы нинди,weather/find,weather/find,True,0.9793,False,False,True,"{'location': 'монда', 'datetime': 'Law Day-нән', 'condition_temperature': 'салкын'}","{'datetime': 'монда Law Day-нән башлап', 'location': 'салкын һава торышы нинди'}"
test_419,Мин ун кешелек өстәленә ресторанда заказ бирергә телим.,BookRestaurant,BookRestaurant,True,0.9765,False,False,False,"{'party_size_number': 'ун', 'restaurant_type': 'ресторанда'}","{'datetime': 'ун кешелек өстәленә', 'party_size_number': 'бирергә', 'sort': 'ресторанда'}"
test_420,Җитмешенче еллардагы Дюк Эллингтоннан берәр нәрсә уйна,PlayMusic,PlayMusic,True,0.9941,False,False,False,"{'datetime': 'Җитмешенче', 'artist': 'Дюк Эллингтоннан'}","{'artist': 'Дюк Эллингтон', 'service': 'уста'}"
test_421,Cotton Comes to Harlem-ны 2-гә бәялә,RateBook,PlayMusic,False,0.9759,False,False,False,"{'object_name': 'Cotton Comes to Harlem-ны', 'rating_value': '2-гә'}","{'music_item': 'Cotton Comes to Harlem', 'playlist': '2-гә бәялә'}"
test_422,Җырны минем madden nfl 16 плейлистымна өстә,AddToPlaylist,AddToPlaylist,True,0.985,False,False,False,"{'reference': 'минем', 'playlist': 'madden nfl 16', 'music_item': 'плейлистымна'}","{'artist': 'madden nfl 16', 'music_item': 'минем', 'playlist': 'плейлистымна', 'reference': ''}"
test_423,Toyan-ны минем Epic Gaming плейлистымна өстә.,AddToPlaylist,AddToPlaylist,True,1.0,False,False,False,"{'artist': 'Toyan-ны', 'reference': 'минем', 'playlist': 'Epic Gaming'}","{'artist': 'Toyan', 'music_item': 'минем', 'playlist': 'Epic Gaming', 'reference': 'плейлистымна'}"
test_424,Slacker-да ниндидер яңа Les Vandyke уйнат,PlayMusic,PlayMusic,True,1.0,False,False,False,"{'service': 'Slacker-да', 'sort': 'яңа', 'artist': 'Les Vandyke'}","{'service': 'Slacker', 'artist': 'Les Vandyke'}"
test_425,Three Junes-га 6-дан берге бәялә,RateBook,AddToPlaylist,False,1.0,False,False,False,"{'object_name': 'Three Junes-га', 'best_rating': '6-дан', 'rating_value': 'берге'}","{'artist': 'Three Junes', 'music_item': '6-дан', 'playlist': 'Three Junes', 'reference': 'плейлистымга'}"
test_426,Nunez пекарнясында тугыз кешегә өстәл заказ ит,BookRestaurant,BookRestaurant,True,0.991,False,False,False,"{'location': 'Nunez', 'restaurant_type': 'пекарнясында', 'party_size_number': 'тугыз'}","{'datetime': 'тугыз кешегә', 'party_size_number': 'өстәл', 'sort': 'заказ ит', 'restaurant_type': 'пекарня', 'cuisine': 'Nunez пекарнясында'}"
test_427,Бу агымдагы романны 6-дан икеге бәялә .,RateBook,SearchCreativeWork,False,0.9727,False,False,False,"{'object_select': 'Бу агымдагы', 'object_type': 'романны', 'best_rating': '6-дан', 'rating_value': 'икеге'}","{'object_name': 'роман', 'object_type': 'книга'}"
test_428,Ронни Вудның The Happy Blues-ны уйнат .,PlayMusic,PlayMusic,True,0.9595,False,False,True,"{'artist': 'Ронни Вудның', 'album': 'The Happy Blues-ны'}","{'artist': 'Ronnie Wood', 'music_item': 'The Happy Blues', 'service': 'установлен'}"
test_429,2013 елгы симфонияне уйнат .,PlayMusic,PlayMusic,True,0.9749,False,False,False,"{'datetime': '2013 елгы', 'music_item': 'симфонияне'}","{'datetime': '2013 елгы', 'music_item': 'симфонияне', 'service': 'Google Music'}"
test_430,Jennifer Paull-ның Subconscious Lobotomy-ны уйнат .,PlayMusic,PlayMusic,True,1.0,False,False,True,"{'artist': 'Jennifer Paull-ның', 'album': 'Subconscious Lobotomy-ны'}","{'artist': 'Jennifer Paull-', 'music_item': 'Subconscious Lobotomy'}"
test_431,The Crystal Snare-га 5 йолдыз бир,RateBook,AddToPlaylist,False,0.9828,False,False,False,"{'object_name': 'The Crystal Snare-га', 'rating_value': '5', 'rating_unit': 'йолдыз'}","{'artist': 'The Crystal Snare-', 'music_item': '5 йол', 'playlist': 'не указано', 'reference': 'плейлистымга'}"
test_432,Бу дәреслеккә нуль йолдыз куй,RateBook,reminder/set_reminder,False,0.9374,False,False,False,"{'object_select': 'Бу', 'object_type': 'дәреслеккә', 'rating_value': 'нуль', 'rating_unit': 'йолдыз'}","{'datetime': 'дуру', 'reminder/todo': 'nungol derselik kuy'}"
test_433,Агымдагы серияне 4 баллга бәялә,RateBook,RateBook,True,0.9705,False,False,True,"{'object_select': 'Агымдагы', 'object_part_of_series_type': 'серияне', 'rating_value': '4', 'rating_unit': 'баллга'}","{'object_name': 'Агымдагы серияне', 'object_select': 'серияне', 'object_type': 'серии', 'rating_value': '4', 'rating_unit': 'баллга', 'object_part_of_series_type': 'серия'}"
test_434,Мин Urbank California-да James D. Conrey House-да өстәл телим,BookRestaurant,BookRestaurant,True,0.9827,False,False,True,"{'location': 'California-да', 'restaurant_name': 'James D. Conrey House-да'}","{'datetime': 'Өстәл', 'object_location_type': 'өстәл телим', 'location': 'Urbank California-да', 'object_type': 'өстәл'}"
test_435,Babar: King of the Elephants уйнымы,SearchScreeningEvent,SearchCreativeWork,False,1.0,False,False,False,{'movie_name': 'Babar: King of the Elephants'},{'object_name': 'Babar: King of the Elephants'}
test_436,this is racionais mc's-га җырны өстә,AddToPlaylist,AddToPlaylist,True,0.9912,False,False,False,"{'playlist': ""this is racionais mc's-га"", 'music_item': 'җырны'}","{'artist': ""racionais mc's"", 'music_item': 'җырны', 'playlist': 'undefined', 'reference': 'өстә'}"
test_437,Хәзерге эссега 6-дан нуль йолдыз куй,RateBook,alarm/set_alarm,False,0.9806,False,False,False,"{'object_select': 'Хәзерге', 'object_type': 'эссега', 'best_rating': '6-дан', 'rating_value': 'нуль', 'rating_unit': 'йолдыз'}","{'reference': 'эссега', 'datetime': '6-дан нуль йолдыз куй'}"
test_438,Әйдә Эндрю Хьюиттан берәр нәрсә тыңлыйк .,PlayMusic,PlayMusic,True,1.0,False,False,False,{'artist': 'Эндрю Хьюиттан'},"{'music_item': 'Эндрю Хьюиттан берәр нәрсә', 'service': 'тыңлыйк'}"
test_439,Якында анимация фильмнарын таб,SearchScreeningEvent,SearchCreativeWork,False,0.9088,False,False,False,"{'location': 'Якында', 'movie_type': 'анимация фильмнарын'}",{'object_type': 'анимацый флимнәр'}
test_440,хәзерге хроникага 6-дан биш балл бир,RateBook,RateBook,True,0.9683,False,False,True,"{'object_select': 'хәзерге', 'object_part_of_series_type': 'хроникага', 'best_rating': '6-дан', 'rating_value': 'биш', 'rating_unit': 'балл'}","{'object_name': 'хроникага', 'object_type': 'хәзерге хроникага', 'rating_value': '6-дан биш', 'best_rating': 'балл'}"
test_441,Миңа Settha Palace Hotel-да Saint Helena-да 4 кешелек өстәл кирәк,BookRestaurant,BookRestaurant,True,0.9934,False,False,True,"{'restaurant_name': 'Settha Palace Hotel-да', 'location': 'Saint Helena-да', 'party_size_number': '4 кешелек'}","{'datetime': 'миңа', 'party_size_number': '4 кешелек', 'sort': 'өстәл кирәк', 'restaurant_type': 'өстәл кирәк', 'cuisine': 'не указано', 'location': 'Settha Palace Hotel-да'}"
test_442,Изге Патрик көнендә Вирджинияда һава торышы нинди булыр ?,weather/find,weather/find,True,0.9824,False,False,False,"{'datetime': 'Изге Патрик көнендә', 'location': 'Вирджинияда'}","{'datetime': 'Изге Патрик көнендә', 'location': 'Вирджинияда'}"
test_443,Миңа Speakeasy Theaters киноның вакыт исемлеге кирәк,SearchScreeningEvent,SearchScreeningEvent,True,0.9611,False,False,False,"{'location': 'Speakeasy Theaters', 'object_type': 'киноның вакыт'}","{'datetime': 'Миңа Speakeasy Theaters киноның', 'object_location_type': 'вакыт исемлеге', 'object_type': ' kinoның'}"
test_444,Meet the Prince телевизион тапшыруын эзлә,SearchCreativeWork,SearchCreativeWork,True,0.9777,False,False,False,"{'object_name': 'Meet the Prince', 'object_type': 'телевизион тапшыруын'}","{'object_name': 'Meet the Prince', 'object_type': 'телевизион тапшыруын'}"
test_445,"Зинһар, миңа Compulsive Disclosure җырын бир .",SearchCreativeWork,reminder/set_reminder,False,0.9974,False,False,False,"{'object_name': 'Compulsive Disclosure', 'object_type': 'җырын'}","{'datetime': 'миңа', 'reminder/todo': 'Compulsive Disclosure җырын бир'}"
test_446,Zvooq-та Trance Life-ны уйнат .,PlayMusic,PlayMusic,True,0.9939,False,False,False,"{'service': 'Zvooq-та', 'playlist': 'Trance Life-ны'}","{'service': 'Zvooq-', 'artist': 'Trance Life'}"
test_447,"Зинһар, миңа Serious Awesomeness ! эшен таб.",SearchCreativeWork,PlayMusic,False,0.9735,False,False,False,{'object_name': 'Serious Awesomeness'},"{'music_item': 'Serious Awesomeness !', 'service': 'miñen'}"
test_448,мин кинотеатрда I Dream of Jeanie-ны карарга телим,SearchScreeningEvent,PlayMusic,False,0.9781,False,False,True,"{'object_location_type': 'кинотеатрда', 'movie_name': 'I Dream of Jeanie-ны'}","{'music_item': 'I Dream of Jeanie-', 'sort': 'кинотеатрда'}"
test_449,Пол Маккартни уйнат,PlayMusic,PlayMusic,True,1.0,False,False,False,{'artist': 'Пол Маккартни'},{'artist': 'Пол Маккартни'}
test_450,Хәзерге романны 3 йолдызга бәялә,RateBook,SearchCreativeWork,False,0.9838,False,False,False,"{'object_select': 'Хәзерге', 'object_type': 'романны', 'rating_value': '3', 'rating_unit': 'йолдызга'}","{'datetime': 'хәзерге', 'object_name': 'романы', 'object_type': '3 йолдызга бәялә'}"
test_451,Paris - When It Sizzles китабын таба аласызмы ?,SearchCreativeWork,SearchCreativeWork,True,0.9926,False,False,False,"{'object_name': 'Paris - When It Sizzles', 'object_type': 'китабын'}","{'object_name': 'Paris - When It Sizzles', 'object_type': 'китабын'}"
test_452,Филипп Киркоровның җитмешенче еллар пьесасын уйнат,PlayMusic,PlayMusic,True,0.9819,False,False,False,"{'artist': 'Филипп Киркоровның', 'datetime': 'җитмешенче'}","{'artist': 'Филипп Киркоровның', 'music_item': 'җитмешенче еллар пьесасы'}"
test_453,Киләсе елда мин Пенни янындагы bougatsa ресторанын өч кешегә броньларга телим.,BookRestaurant,BookRestaurant,True,0.9545,False,False,True,"{'datetime': 'Киләсе елда', 'location': 'янындагы', 'cuisine': 'bougatsa', 'restaurant_type': 'ресторанын', 'party_size_number': 'өч'}","{'datetime': '', 'party_size_number': 'өч кешегә', 'restaurant_name': 'bougatsa рестораны', 'facility': 'броньларга телим'}"
test_454,Тенинода яңгырлар булырмы ?,weather/find,weather/find,True,0.9906,False,False,True,"{'location': 'Тенинода', 'condition_description': 'яңгырлар'}","{'location': 'Тенинода', 'datetime': 'яңгырлар булырмы'}"
test_455,"Зинһар, Three Essays on the Theory of Sexuality шоусын эзлә .",SearchCreativeWork,PlayMusic,False,0.9936,False,False,False,"{'object_name': 'Three Essays on the Theory of Sexuality', 'object_type': 'шоусын'}","{'music_item': 'Three Essays on the Theory of Sexuality шоусы', 'playlist': 'плейлистымга'}"
test_456,Мин Рамонда ашарга телим,BookRestaurant,PlayMusic,False,0.9957,False,False,False,{'location': 'Рамонда'},"{'artist': 'Рамонда', 'service': 'Google Music'}"
test_457,Emo Forever плейлистына boy george трегын өстә.,AddToPlaylist,AddToPlaylist,True,0.9843,False,False,False,"{'playlist': 'Emo Forever', 'artist': 'boy george', 'music_item': 'трегын'}","{'artist': 'boy george', 'music_item': 'трегын', 'playlist': 'Emo Forever', 'reference': 'плейлистына'}"
test_458,Vimy Ridge-да стейк-хаус заказ итәргә телим .,BookRestaurant,BookRestaurant,True,0.992,False,False,False,"{'location': 'Vimy Ridge-да', 'restaurant_type': 'стейк-хаус'}","{'datetime': 'Vimy Ridge-да', 'cuisine': 'стейк-хаус', 'location': 'Vimy Ridge-да', 'restaurant_type': 'стейк-хаус'}"
test_459,Without Witness егерме ике  сәгатьтән соң уйнаячакмы,SearchScreeningEvent,alarm/modify_alarm,False,0.9689,False,False,False,"{'movie_name': 'Without Witness', 'datetime': 'егерме ике сәгатьтән соң'}","{'reference': 'Without Witness', 'datetime': 'егерме ике сәгатьтән соң'}"
test_460,9 кешегә урын броньла,BookRestaurant,reminder/set_reminder,False,0.996,False,False,False,{'party_size_number': '9'},"{'datetime': '9 кешегә', 'reminder/todo': 'урын броньла'}"
test_461,бу трекны минем Hands Up плейлистына өстә,AddToPlaylist,AddToPlaylist,True,0.9969,False,False,False,"{'music_item': 'трекны', 'reference': 'минем', 'playlist': 'Hands Up'}","{'music_item': 'трек', 'playlist': 'Hands Up', 'reference': 'плейлистына'}"
test_462,90s Pop Rock Essentials-тан берәр нәрсә уйнат,PlayMusic,PlayMusic,True,1.0,False,False,False,{'playlist': '90s Pop Rock Essentials-тан'},"{'sort': '90s Pop Rock Essentials-тан', 'service': 'Google Music'}"
test_463,Син миңа Blue Spring трейлерын таба аласыңмы ?,SearchCreativeWork,PlayMusic,False,0.9845,False,False,False,"{'object_name': 'Blue Spring', 'object_type': 'трейлерын'}","{'sort': 'син миңа', 'music_item': 'Blue Spring трейлеры', 'service': 'Google Music'}"
test_464,36 Children-га 6-дан ике йолдыз куй,RateBook,reminder/set_reminder,False,0.9762,False,False,False,"{'object_name': '36 Children-га', 'best_rating': '6-дан', 'rating_value': 'ике', 'rating_unit': 'йолдыз'}","{'recurring_datetime': '36 Children-га', 'datetime': '6-дан', 'reminder/todo': 'ике йолдыз куй'}"
test_465,Мин MJR театрында анимацион фильмнарны телим,SearchScreeningEvent,PlayMusic,False,0.986,False,False,False,"{'location': 'MJR театрында', 'movie_type': 'анимацион фильмнарны'}","{'service': 'MJR театрында', 'music_item': 'анимацион фильмнарны'}"
test_466,Sexy as Folk плейлистына башкаручы mike-ны өстә.,AddToPlaylist,AddToPlaylist,True,0.9901,False,False,False,"{'playlist': 'Sexy as Folk', 'music_item': 'башкаручы', 'artist': 'mike-ны'}","{'artist': 'mike', 'music_item': 'башкаручы', 'playlist': 'Sexy as Folk', 'reference': 'плейлистына'}"
test_467,минем this is al green плейлистына Highway Patrolman өстә,AddToPlaylist,AddToPlaylist,True,0.9913,False,False,False,"{'reference': 'минем', 'playlist': 'this is al green', 'entity_name': 'Highway Patrolman'}","{'artist': 'Al Green', 'music_item': 'Highway Patrolman', 'playlist': 'minem this is al green', 'reference': 'плейлистына'}"
test_468,Миңа To Lose My Life исемле романны таб …,SearchCreativeWork,SearchCreativeWork,True,0.9773,False,False,False,"{'object_name': 'To Lose My Life', 'object_type': 'романны'}","{'datetime': 'миңа', 'object_name': 'To Lose My Life', 'object_type': 'исемле романны'}"
test_469,бу альбомны 5-кә бәялә,RateBook,PlayMusic,False,0.9934,False,False,False,"{'object_select': 'бу', 'object_type': 'альбомны', 'rating_value': '5-кә'}","{'sort': '5-кә бәял', 'music_item': 'альбомны'}"
test_470,Төшке ашта якындагы кинотеатрда Rare Birds күрсәтеләчәк .,SearchScreeningEvent,SearchScreeningEvent,True,0.9861,False,False,True,"{'datetime': 'Төшке ашта', 'location': 'якындагы', 'object_location_type': 'кинотеатрда', 'movie_name': 'Rare Birds'}","{'movie_name': 'Rare Birds', 'location': 'тик ашта якындагы кинотеатрда'}"
test_471,The 8-Week Cholesterol Cure-га 6-дан өчкә бәялә .,RateBook,AddToPlaylist,False,0.9807,False,False,False,"{'object_name': 'The 8-Week Cholesterol Cure-га', 'best_rating': '6-дан', 'rating_value': 'өчкә'}","{'artist': 'The 8-Week Cholesterol Cure-', 'music_item': 'The 8-Week Cholesterol Cure-', 'playlist': '6-дан өчкә бәялә', 'reference': ''}"
test_472,Martin barre-ны минем punk unplugged плейлистыма өстә.,AddToPlaylist,AddToPlaylist,True,0.9929,False,False,False,"{'artist': 'Martin barre-ны', 'reference': 'минем', 'playlist': 'punk unplugged'}","{'artist': 'Martin barre', 'music_item': 'плейлистыма', 'playlist': 'минем punk unplugged', 'reference': ''}"
test_473,хәзерге романны 6-дан нульгә бәялә,RateBook,SearchCreativeWork,False,0.9777,False,False,False,"{'object_select': 'хәзерге', 'object_type': 'романны', 'best_rating': '6-дан', 'rating_value': 'нульгә'}","{'datetime': 'хәзерге', 'object_name': 'романы', 'object_type': 'романны 6-дан нульгә бәялә'}"
test_474,Минем кинотеатрда The Young Swordsman нинди вакытта барачак ?,SearchScreeningEvent,SearchScreeningEvent,True,0.9955,False,False,True,"{'object_location_type': 'кинотеатрда', 'movie_name': 'The Young Swordsman', 'object_type': 'вакытта'}","{'movie_name': 'The Young Swordsman', 'datetime': 'минем кинотеатрда'}"
test_475,Тирә-юньдә нинди фильмнар күрсәтеләр,SearchScreeningEvent,SearchScreeningEvent,True,0.9728,False,False,False,"{'location': 'Тирә-юньдә', 'movie_type': 'фильмнар'}",{'datetime': 'Тирә-юньдә'}
test_476,Мин North City-дәге Oregon Electric Station броньларга телим .,BookRestaurant,BookRestaurant,True,0.9978,False,False,True,"{'location': 'North City-дәге', 'restaurant_name': 'Oregon Electric Station'}","{'datetime': 'мин', 'facility': 'Oregon Electric Station', 'location': 'North City-дәге', 'party_size_number': 'броньларга'}"
test_477,монда төнге сәгать икедә һава торышы нинди,weather/find,weather/find,True,0.9667,False,False,False,"{'location': 'монда', 'datetime': 'төнге сәгать икедә'}","{'datetime': 'танда төнге', 'location': 'монда'}"
test_478,Wanda Group-ның фильм кестесін таб .,SearchScreeningEvent,SearchCreativeWork,False,0.993,False,False,False,"{'location': 'Wanda Group-ның', 'object_type': 'фильм кестесін'}","{'object_name': 'Wanda Group-ның фильм кестесі', 'object_type': 'фильм кестесін'}"
test_479,Самоада Ваурикада нинди һава торышы,weather/find,weather/find,True,0.9973,False,False,False,{'location': 'Ваурикада'},"{'location': 'Самоада Ваурикада', 'datetime': 'самоада'}"
test_480,Тирә-яктагы фильмнар расписаниесен күрсәт,SearchScreeningEvent,SearchScreeningEvent,True,0.9771,False,False,False,"{'location': 'Тирә-яктагы', 'object_type': 'фильмнар расписаниесен'}","{'datetime': '', 'object_location_type': 'тирә-яктагы', 'movie_name': '', 'object_type': 'расписаниесен'}"
test_481,Blues britânico уйнат .,PlayMusic,PlayMusic,True,0.9793,False,False,True,{'genre': 'Blues britânico'},{'artist': 'Blues britânico'}
test_482,AMC Theaters-да No Time to Be Young күрсәтеләме,SearchScreeningEvent,none,False,0.9601,True,False,False,"{'location': 'AMC Theaters-да', 'movie_name': 'No Time to Be Young'}",{}
test_483,"Зинһар, миңа Монти Пайтон Голливудта эзлә һәм таб .",SearchCreativeWork,PlayMusic,False,0.9942,False,False,False,{'object_name': 'Монти Пайтон Голливудта'},"{'music_item': 'Монти Пайтон Голливудта эзлә', 'service': 'PlayMusic'}"
test_484,кичке бишкә монда буран аркасында һава торышы нинди,weather/find,weather/find,True,1.0,False,False,True,"{'datetime': 'кичке бишкә', 'location': 'монда', 'condition_description': 'буран'}","{'location': 'кичке бишкә монда буран аркасында', 'datetime': 'нинди'}"
test_485,Ирландия балалар евровидениеда 2015 минем Jazzy Dinner плейлистына өстә,AddToPlaylist,AddToPlaylist,True,0.9971,False,False,False,"{'entity_name': 'Ирландия балалар евровидениеда 2015', 'reference': 'минем', 'playlist': 'Jazzy Dinner'}","{'artist': 'Ирландия балалар', 'music_item': 'евровидениеда 2015 минем', 'playlist': 'Jazzy Dinner', 'reference': 'плейлистына'}"
test_486,Indie Hipster-га җырны өстә,AddToPlaylist,AddToPlaylist,True,1.0,False,False,False,"{'playlist': 'Indie Hipster-га', 'music_item': 'җырны'}","{'artist': 'Indie Hipster', 'music_item': 'җырны', 'playlist': 'Indie Hipster', 'reference': 'өстә'}"
test_487,Син миңа National Anthem of the Ancient Britons телевизион тапшыруын таба аласыңмы ?,SearchCreativeWork,SearchCreativeWork,True,0.9926,False,False,False,"{'object_name': 'National Anthem of the Ancient Britons', 'object_type': 'телевизион тапшыруын'}","{'datetime': 'Син миңа', 'object_name': 'National Anthem of the Ancient Britons'}"
test_488,"travelling плейлистына зинһар, бу Дэвид Гаан җырын өстә .",AddToPlaylist,AddToPlaylist,True,1.0,False,False,False,"{'playlist': 'travelling', 'artist': 'Дэвид Гаан', 'music_item': 'җырын'}","{'artist': 'Дэвид Гаан', 'music_item': 'җырын', 'playlist': 'travelling', 'reference': 'плейлистына'}"
test_489,Мин аларны Murcof рәссамнан ишетергә телим,PlayMusic,PlayMusic,True,0.9878,False,False,False,"{'music_item': 'аларны', 'artist': 'Murcof'}",{'artist': 'Murcof'}
test_490,The Gift: Imagination and the Erotic Life of Property-ны биш йолдызга бәялә,RateBook,SearchCreativeWork,False,0.9909,False,False,False,"{'object_name': 'The Gift: Imagination and the Erotic Life of Property-ны', 'rating_value': 'биш', 'rating_unit': 'йолдызга'}","{'object_name': 'The Gift: Imagination and the Erotic Life of Property-', 'object_type': 'книга'}"
test_491,Миңа Baby Blue дип аталган телевизион тапшыруны таб,SearchCreativeWork,SearchCreativeWork,True,0.9808,False,False,False,"{'object_name': 'Baby Blue', 'object_type': 'телевизион тапшыруны'}","{'datetime': 'миңа', 'object_name': 'Baby Blue дип аталган телевизион тапшыруны'}"
test_492,The Girl Who Was Plugged In китабын эзлә,SearchCreativeWork,SearchCreativeWork,True,1.0,False,False,False,"{'object_name': 'The Girl Who Was Plugged In', 'object_type': 'китабын'}","{'object_name': 'The Girl Who Was Plugged In', 'object_type': 'китабын'}"
test_493,филлис уордка һәм вероникага 152 көннән соң ресторанда өстәл кирәк,BookRestaurant,BookRestaurant,True,0.9911,False,False,True,"{'party_size_description': 'филлис уордка һәм вероникага', 'datetime': '152 көннән соң', 'restaurant_type': 'ресторанда'}","{'datetime': '152 көннән соң', 'restaurant_name': 'филлис уордка', 'restaurant_type': 'ресторанда', 'party_size_number': '152 көннән соң'}"
test_494,5 кешелек танылган ресторанны броньла,BookRestaurant,BookRestaurant,True,0.966,False,False,False,"{'party_size_number': '5', 'sort': 'танылган', 'restaurant_type': 'ресторанны'}","{'party_size_number': '5', 'sort': 'танылган', 'restaurant_type': 'ресторанны', 'cuisine': 'не указано', 'location': 'не указано'}"
test_495,"Бруклон янында The Dome, Edinburgh отеленда номерны броньла",BookRestaurant,BookRestaurant,True,0.9787,False,False,True,"{'location': 'янында', 'restaurant_name': 'The Dome, Edinburgh'}","{'datetime': 'Бруклон янында', 'facility': 'The Dome', 'location': 'Edinburgh отеленда', 'restaurant_type': 'отелен'}"
test_496,Бу альбомны Old School Death Metal-га өстә,AddToPlaylist,AddToPlaylist,True,0.9774,False,False,False,"{'music_item': 'альбомны', 'playlist': 'Old School Death Metal-га'}","{'artist': 'Не указано', 'music_item': 'альбомны', 'playlist': 'Old School Death Metal', 'reference': 'плейлистымга'}"
test_497,Jersey Boys телесериалын эзлә,SearchCreativeWork,SearchCreativeWork,True,1.0,False,False,False,"{'object_name': 'Jersey Boys', 'object_type': 'телесериалын'}","{'object_name': 'Jersey Boys', 'object_type': 'телесериалын'}"
test_498,Алты ай эчендә Танжер янындагы иң яхшы пабта тугыз кешегә өстәл броньла,BookRestaurant,BookRestaurant,True,1.0,False,False,False,"{'datetime': 'Алты ай эчендә', 'location': 'янындагы', 'sort': 'иң яхшы', 'restaurant_type': 'пабта', 'party_size_number': 'тугыз'}","{'datetime': 'Алты ай эчендә', 'location': 'Танжер янындагы', 'sort': 'пабта тугыз кешегә', 'restaurant_type': 'паб'}"
test_499,Миңа Harkins Theatres-ында фильмларны күрсәт .,SearchScreeningEvent,SearchScreeningEvent,True,0.9792,False,False,False,"{'location': 'Harkins Theatres-ында', 'movie_type': 'фильмларны'}","{'datetime': 'миңа', 'location': 'Harkins Theatres-ында'}"
