# id: test_1
# text EN: show all reminders
# text TAT: барлык хәтерләтүләрне күрсәт
# intent = weather/find
# slots: 1:6:reference
1	барлык	reminder/show_reminders	O
2	хәтерләтүләрне	reminder/show_reminders	O
3	күрсәт	reminder/show_reminders	O

# id: test_2
# text EN: Do I need a sweater?
# text TAT: Миңа свитер кирәкме?
# intent = weather/find
# slots: 6:11:weather/attribute
1	Миңа	weather/find	O
2	свитер	weather/find	B-weather/attribute
3	кирәкме	weather/find	O
4	?	weather/find	O

# id: test_3
# text EN: Add a reminder for today at 4pm
# text TAT: Бүген сәгать ун алтыга хәтерләтүне өстә
# intent = alarm/set_alarm
# slots: 1:22:datetime
1	Бүген	reminder/set_reminder	B-datetime
2	сәгать	reminder/set_reminder	I-datetime
3	ун	reminder/set_reminder	I-datetime
4	алтыга	reminder/set_reminder	O
5	хәтерләтүне	reminder/set_reminder	O
6	өстә	reminder/set_reminder	O

# id: test_4
# text EN: Cancel my reminder
# text TAT: Минем хәтерләтүне бетер
# intent = weather/find
# slots: 1:5:reference
1	Минем	reminder/cancel_reminder	B-datetime
2	хәтерләтүне	reminder/cancel_reminder	O
3	бетер	reminder/cancel_reminder	O

# id: test_5
# text EN: Remind me to get gas.
# text TAT: Миңа бензин салырга искә төшер.
# intent = alarm/snooze_alarm
# slots: 6:19:reminder/todo
1	Миңа	reminder/set_reminder	O
2	бензин	reminder/set_reminder	B-weather/attribute
3	салырга	reminder/set_reminder	O
4	искә	reminder/set_reminder	O
5	төшер	reminder/set_reminder	O
6	.	reminder/set_reminder	O

# id: test_6
# text EN:  Do I need an umbrella on Wednesday?
# text TAT: Чәршәмбе көнне миңа кул чатыры кирәкме?
# intent = weather/find
# slots: 1:8:datetime, 21:30:weather/attribute
1	Чәршәмбе	weather/find	B-datetime
2	көнне	weather/find	I-datetime
3	миңа	weather/find	O
4	кул	weather/find	B-weather/attribute
5	чатыры	weather/find	B-weather/attribute
6	кирәкме	weather/find	O
7	?	weather/find	O

# id: test_7
# text EN: snooze my alarms for five minutes
# text TAT: биш минуттан соң минем будильникны кабатла
# intent = weather/find
# slots: 1:12:datetime, 18:22:reference
1	биш	alarm/snooze_alarm	I-datetime
2	минуттан	alarm/snooze_alarm	I-datetime
3	соң	alarm/snooze_alarm	I-datetime
4	минем	alarm/snooze_alarm	B-datetime
5	будильникны	alarm/snooze_alarm	O
6	кабатла	alarm/snooze_alarm	B-location

# id: test_8
# text EN: set a birthday reminder for max
# text TAT: максның туган көне турында искә төшеруне куй
# intent = weather/find
# slots: 1:40:reminder/todo
1	максның	reminder/set_reminder	B-datetime
2	туган	reminder/set_reminder	B-datetime
3	көне	reminder/set_reminder	I-datetime
4	турында	reminder/set_reminder	O
5	искә	reminder/set_reminder	B-weather/attribute
6	төшеруне	reminder/set_reminder	O
7	куй	reminder/set_reminder	O

# id: test_9
# text EN: Show me all reminders
# text TAT: Миңа барлык хәтерләтүләрне күрсәт
# intent = alarm/show_alarms
# slots: 6:11:reference
1	Миңа	reminder/show_reminders	O
2	барлык	reminder/show_reminders	O
3	хәтерләтүләрне	reminder/show_reminders	O
4	күрсәт	reminder/show_reminders	O

# id: test_10
# text EN: Show all alarms.
# text TAT: Барлык будильникларны күрсәт.
# intent = AddToPlaylist
# slots: 1:6:reference
1	Барлык	alarm/show_alarms	O
2	будильникларны	alarm/show_alarms	O
3	күрсәт	alarm/show_alarms	O
4	.	alarm/show_alarms	O

# id: test_11
# text EN: Is it going to rain today?
# text TAT: Бүген яңгыр явар микән?
# intent = weather/find
# slots: 1:5:datetime, 7:11:weather/attribute
1	Бүген	weather/find	B-datetime
2	яңгыр	weather/find	B-weather/attribute
3	явар	weather/find	B-weather/attribute
4	микән	weather/find	B-datetime
5	?	weather/find	O

# id: test_12
# text EN: Set alarm for 8am
# text TAT: Будильникны иртәнге 8 куй
# intent = BookRestaurant
# slots: 13:21:datetime
1	Будильникны	alarm/set_alarm	O
2	иртәнге	alarm/set_alarm	B-datetime
3	8	alarm/set_alarm	B-datetime
4	куй	alarm/set_alarm	I-artist

# id: test_13
# text EN: What is the temperature today?
# text TAT: Бүген температура нинди?
# intent = weather/find
# slots: 1:5:datetime, 7:17:weather/attribute
1	Бүген	weather/find	B-datetime
2	температура	weather/find	B-weather/attribute
3	нинди	weather/find	B-weather/attribute
4	?	weather/find	O

# id: test_14
# text EN: Show my reminder
# text TAT: Минем хәтерләтүне күрсәт
# intent = weather/find
# slots: 1:5:reference
1	Минем	reminder/show_reminders	B-datetime
2	хәтерләтүне	reminder/show_reminders	O
3	күрсәт	reminder/show_reminders	O

# id: test_15
# text EN: Show all alarms
# text TAT: Барлык будильникларны күрсәт
# intent = AddToPlaylist
# slots: 1:6:reference
1	Барлык	alarm/show_alarms	O
2	будильникларны	alarm/show_alarms	O
3	күрсәт	alarm/show_alarms	O

# id: test_16
# text EN: Remind me to talk to Ben about Georgia
# text TAT: Миңа Бен белән Джорджия турында сөйләшергә искә төшер
# intent = PlayMusic
# slots: 6:42:reminder/todo
1	Миңа	reminder/set_reminder	B-location
2	Бен	reminder/set_reminder	B-location
3	белән	reminder/set_reminder	O
4	Джорджия	reminder/set_reminder	B-location
5	турында	reminder/set_reminder	O
6	сөйләшергә	reminder/set_reminder	O
7	искә	reminder/set_reminder	O
8	төшер	reminder/set_reminder	O

# id: test_17
# text EN: Set alarm for 5 am
# text TAT: Будильникны иртәнге 5 куй
# intent = BookRestaurant
# slots: 13:21:datetime
1	Будильникны	alarm/set_alarm	O
2	иртәнге	alarm/set_alarm	B-datetime
3	5	alarm/set_alarm	B-datetime
4	куй	alarm/set_alarm	I-artist

# id: test_18
# text EN: is it cloudy today
# text TAT: бүген болытлымы
# intent = weather/find
# slots: 1:5:datetime, 7:15:weather/attribute
1	бүген	weather/find	B-location
2	болытлымы	weather/find	O

# id: test_19
# text EN: How many inches of rain will we get today?
# text TAT: Бүген бездә ничә дюйм яңгыры явар?
# intent = weather/find
# slots: 1:5:datetime, 18:28:weather/attribute
1	Бүген	weather/find	B-datetime
2	бездә	weather/find	O
3	ничә	weather/find	B-datetime
4	дюйм	weather/find	I-datetime
5	яңгыры	weather/find	B-weather/attribute
6	явар	weather/find	B-weather/attribute
7	?	weather/find	O

# id: test_20
# text EN: Remind me to call my sister tomorrow
# text TAT: Иртәгә минем апама шалтыратырга искә төшер
# intent = BookRestaurant
# slots: 1:6:datetime, 8:31:reminder/todo
1	Иртәгә	reminder/set_reminder	O
2	минем	reminder/set_reminder	B-datetime
3	апама	reminder/set_reminder	I-artist
4	шалтыратырга	reminder/set_reminder	O
5	искә	reminder/set_reminder	O
6	төшер	reminder/set_reminder	O

# id: test_21
# text EN: stop alarm
# text TAT: будильникны туктат
# intent = weather/find
# slots: 
1	будильникны	alarm/cancel_alarm	O
2	туктат	alarm/cancel_alarm	B-weather/attribute

# id: test_22
# text EN: Is it going to be hot this week?
# text TAT: Бу атнада кызу булырмы?
# intent = weather/find
# slots: 1:9:datetime, 11:14:weather/attribute
1	Бу	weather/find	O
2	атнада	weather/find	O
3	кызу	weather/find	I-reminder/todo
4	булырмы	weather/find	I-artist
5	?	weather/find	O

# id: test_23
# text EN: Set alarm for 3pm.
# text TAT: Будильникны көндезге 3 куй.
# intent = weather/find
# slots: 13:22:datetime
1	Будильникны	alarm/set_alarm	O
2	көндезге	alarm/set_alarm	O
3	3	alarm/set_alarm	B-datetime
4	куй	alarm/set_alarm	B-datetime
5	.	alarm/set_alarm	O

# id: test_24
# text EN: will it snow today
# text TAT: бүген кар явармы
# intent = weather/find
# slots: 1:5:datetime, 7:9:weather/attribute
1	бүген	weather/find	B-datetime
2	кар	weather/find	B-weather/attribute
3	явармы	weather/find	B-weather/attribute

# id: test_25
# text EN: delete all alarms
# text TAT: бөтен будильникларны бетер
# intent = BookRestaurant
# slots: 1:5:reference
1	бөтен	alarm/cancel_alarm	B-location
2	будильникларны	alarm/cancel_alarm	O
3	бетер	alarm/cancel_alarm	O

# id: test_26
# text EN: Show me my reminders
# text TAT: Минем хәтерләтүләрне күрсәт
# intent = weather/find
# slots: 1:5:reference
1	Минем	reminder/show_reminders	B-datetime
2	хәтерләтүләрне	reminder/show_reminders	O
3	күрсәт	reminder/show_reminders	O

# id: test_27
# text EN: How much time is left on alarm
# text TAT: Будильникка кадәр күпме вакыт калды
# intent = weather/find
# slots: 
1	Будильникка	alarm/time_left_on_alarm	O
2	кадәр	alarm/time_left_on_alarm	B-datetime
3	күпме	alarm/time_left_on_alarm	B-datetime
4	вакыт	alarm/time_left_on_alarm	O
5	калды	alarm/time_left_on_alarm	B-weather/attribute

# id: test_28
# text EN: What are my reminders?
# text TAT: Минем нинди искә төшерүләрем бар?
# intent = SearchScreeningEvent
# slots: 1:5:reference
1	Минем	reminder/show_reminders	O
2	нинди	reminder/show_reminders	O
3	искә	reminder/show_reminders	O
4	төшерүләрем	reminder/show_reminders	O
5	бар	reminder/show_reminders	O
6	?	reminder/show_reminders	O

# id: test_29
# text EN: Set an alarm for 8am daily
# text TAT: Будильникны көн саен иртәнге 8 куй
# intent = weather/find
# slots: 22:30:recurring_datetime
1	Будильникны	alarm/set_alarm	O
2	көн	alarm/set_alarm	B-datetime
3	саен	alarm/set_alarm	I-datetime
4	иртәнге	alarm/set_alarm	I-datetime
5	8	alarm/set_alarm	B-datetime
6	куй	alarm/set_alarm	I-datetime

# id: test_30
# text EN: can you show me the alarms?
# text TAT: син миңа будильникларны күрсәтә аласыңмы?
# intent = weather/find
# slots: 
1	син	alarm/show_alarms	O
2	миңа	alarm/show_alarms	O
3	будильникларны	alarm/show_alarms	O
4	күрсәтә	alarm/show_alarms	O
5	аласыңмы	alarm/show_alarms	B-datetime
6	?	alarm/show_alarms	O

# id: test_31
# text EN: Is Disney world expecting storms today?
# text TAT: Бүген Диснейуорлдта буран булырмы?
# intent = weather/find
# slots: 1:5:datetime, 7:19:location, 21:25:weather/attribute
1	Бүген	weather/find	B-location
2	Диснейуорлдта	weather/find	O
3	буран	weather/find	B-weather/attribute
4	булырмы	weather/find	B-weather/attribute
5	?	weather/find	O

# id: test_32
# text EN: will it snow today
# text TAT: бүген кар явырмы
# intent = weather/find
# slots: 1:5:datetime, 7:9:weather/attribute
1	бүген	weather/find	B-datetime
2	кар	weather/find	B-weather/attribute
3	явырмы	weather/find	O

# id: test_33
# text EN: show all alarms
# text TAT: бөтен будильникларны күрсәт
# intent = AddToPlaylist
# slots: 1:5:reference
1	бөтен	alarm/show_alarms	O
2	будильникларны	alarm/show_alarms	O
3	күрсәт	alarm/show_alarms	O

# id: test_34
# text EN: Is it cold today?
# text TAT: Бүген салкынмы?
# intent = weather/find
# slots: 1:5:datetime, 7:15:weather/attribute
1	Бүген	weather/find	B-datetime
2	салкынмы	weather/find	B-weather/attribute
3	?	weather/find	O

# id: test_35
# text EN: Please cancel the alarm for Thursday morning.
# text TAT: Зинһар, пәнҗешәмбе иртәсеннән будильникны бетер.
# intent = AddToPlaylist
# slots: 20:41:datetime
1	Зинһар	alarm/cancel_alarm	B-location
2	,	alarm/cancel_alarm	O
3	пәнҗешәмбе	alarm/cancel_alarm	B-location
4	иртәсеннән	alarm/cancel_alarm	O
5	будильникны	alarm/cancel_alarm	O
6	бетер	alarm/cancel_alarm	O
7	.	alarm/cancel_alarm	O

# id: test_36
# text EN: Is it going to rain today?
# text TAT: Бүген яңгыр явырмы?
# intent = weather/find
# slots: 1:5:datetime, 7:11:weather/attribute
1	Бүген	weather/find	B-datetime
2	яңгыр	weather/find	B-weather/attribute
3	явырмы	weather/find	O
4	?	weather/find	O

# id: test_37
# text EN: is it snowing in canada
# text TAT: канадада кар явамы
# intent = weather/find
# slots: 1:8:location, 10:18:weather/attribute
1	канадада	weather/find	B-location
2	кар	weather/find	B-weather/attribute
3	явамы	weather/find	O

# id: test_38
# text EN: What will the high be today?
# text TAT: Бүген нинди югары температура булачак?
# intent = weather/find
# slots: 1:5:datetime, 13:29:weather/attribute
1	Бүген	weather/find	B-datetime
2	нинди	weather/find	O
3	югары	weather/find	B-weather/attribute
4	температура	weather/find	B-weather/attribute
5	булачак	weather/find	O
6	?	weather/find	O

# id: test_39
# text EN: Will it snow enough tonight to make travelling hazardous?
# text TAT: Төнлә шулкадәр кар яуса, сәяхәт куркыныч булырмы?
# intent = weather/find
# slots: 1:5:datetime, 16:24:weather/attribute
1	Төнлә	weather/find	O
2	шулкадәр	weather/find	B-datetime
3	кар	weather/find	B-weather/attribute
4	яуса	weather/find	B-weather/attribute
5	,	weather/find	O
6	сәяхәт	weather/find	O
7	куркыныч	weather/find	O
8	булырмы	weather/find	B-datetime
9	?	weather/find	O

# id: test_40
# text EN: show all reminders
# text TAT: бөтен хәтерләтүләрне күрсәт
# intent = AddToPlaylist
# slots: 1:5:reference
1	бөтен	reminder/show_reminders	O
2	хәтерләтүләрне	reminder/show_reminders	O
3	күрсәт	reminder/show_reminders	O

# id: test_41
# text EN: delete all reminders
# text TAT: барлык хәтерләтүләрне бетер
# intent = alarm/modify_alarm
# slots: 1:6:reference
1	барлык	reminder/cancel_reminder	O
2	хәтерләтүләрне	reminder/cancel_reminder	O
3	бетер	reminder/cancel_reminder	O

# id: test_42
# text EN: will i need a jacket tomorrow?
# text TAT: миңа иртәгә куртка кирәкме?
# intent = weather/find
# slots: 6:11:datetime, 13:18:weather/attribute
1	миңа	weather/find	O
2	иртәгә	weather/find	O
3	куртка	weather/find	I-reminder/todo
4	кирәкме	weather/find	O
5	?	weather/find	O

# id: test_43
# text EN: How much time is left on alarm
# text TAT: Будильникка кадәр күпме вакыт калды
# intent = weather/find
# slots: 
1	Будильникка	alarm/time_left_on_alarm	O
2	кадәр	alarm/time_left_on_alarm	B-datetime
3	күпме	alarm/time_left_on_alarm	B-datetime
4	вакыт	alarm/time_left_on_alarm	O
5	калды	alarm/time_left_on_alarm	B-weather/attribute

# id: test_44
# text EN: Pause the alarm
# text TAT: Будильникны туктат
# intent = weather/find
# slots: 
1	Будильникны	alarm/snooze_alarm	B-weather/attribute
2	туктат	alarm/snooze_alarm	B-weather/attribute

# id: test_45
# text EN: Show me all the alarms
# text TAT: Миңа барлык будильникларны күрсәт
# intent = AddToPlaylist
# slots: 6:11:reference
1	Миңа	alarm/show_alarms	O
2	барлык	alarm/show_alarms	O
3	будильникларны	alarm/show_alarms	O
4	күрсәт	alarm/show_alarms	O

# id: test_46
# text EN: What's the weather like in yellowstone?
# text TAT: Йеллоустонда һава торышы нинди?
# intent = weather/find
# slots: 1:12:location
1	Йеллоустонда	weather/find	O
2	һава	weather/find	O
3	торышы	weather/find	O
4	нинди	weather/find	B-weather/attribute
5	?	weather/find	O

# id: test_47
# text EN: What's the weather like today?
# text TAT: Бүген һава торышы нинди?
# intent = weather/find
# slots: 1:5:datetime
1	Бүген	weather/find	B-datetime
2	һава	weather/find	O
3	торышы	weather/find	O
4	нинди	weather/find	O
5	?	weather/find	O

# id: test_48
# text EN: Delete my reminder for picking up Patrick from school tomorrow.
# text TAT: Иртәгә Патрикны мәктәптән алырга минем искә төшерүдән алып бетер.
# intent = BookRestaurant
# slots: 1:6:datetime, 8:32:reminder/todo, 34:38:reference
1	Иртәгә	reminder/cancel_reminder	O
2	Патрикны	reminder/cancel_reminder	O
3	мәктәптән	reminder/cancel_reminder	O
4	алырга	reminder/cancel_reminder	O
5	минем	reminder/cancel_reminder	O
6	искә	reminder/cancel_reminder	O
7	төшерүдән	reminder/cancel_reminder	O
8	алып	reminder/cancel_reminder	I-reminder/todo
9	бетер	reminder/cancel_reminder	O
10	.	reminder/cancel_reminder	O

# id: test_49
# text EN: Remind me tomorrow at this time to schedule a doctor appointment
# text TAT: Миңа иртәгә шул ук вакытта табибка язылырга искә төшер
# intent = alarm/set_alarm
# slots: 6:26:datetime, 28:43:reminder/todo
1	Миңа	reminder/set_reminder	B-location
2	иртәгә	reminder/set_reminder	O
3	шул	reminder/set_reminder	B-datetime
4	ук	reminder/set_reminder	I-datetime
5	вакытта	reminder/set_reminder	I-datetime
6	табибка	reminder/set_reminder	I-artist
7	язылырга	reminder/set_reminder	O
8	искә	reminder/set_reminder	O
9	төшер	reminder/set_reminder	O

# id: test_50
# text EN: Remind me to drop off rent
# text TAT: Миңа аренданы түләргә искә төшер
# intent = BookRestaurant
# slots: 6:21:reminder/todo
1	Миңа	reminder/set_reminder	B-location
2	аренданы	reminder/set_reminder	I-reminder/todo
3	түләргә	reminder/set_reminder	O
4	искә	reminder/set_reminder	O
5	төшер	reminder/set_reminder	O

# id: test_51
# text EN: when will the rain end?
# text TAT: яңгыр кайчан бетәчәк?
# intent = weather/find
# slots: 1:5:weather/attribute
1	яңгыр	weather/find	B-weather/attribute
2	кайчан	weather/find	B-location
3	бетәчәк	weather/find	B-datetime
4	?	weather/find	O

# id: test_52
# text EN: cancel alarms
# text TAT: будильникларны бетер
# intent = weather/find
# slots: 
1	будильникларны	alarm/cancel_alarm	O
2	бетер	alarm/cancel_alarm	B-weather/attribute

# id: test_53
# text EN: Remind me to call Stephanie on Tuesday
# text TAT: Сишәмбе көнне миңа Стефанига шалтыратырга искә төшер
# intent = weather/find
# slots: 1:13:datetime, 20:41:reminder/todo
1	Сишәмбе	reminder/set_reminder	I-datetime
2	көнне	reminder/set_reminder	I-datetime
3	миңа	reminder/set_reminder	O
4	Стефанига	reminder/set_reminder	B-location
5	шалтыратырга	reminder/set_reminder	O
6	искә	reminder/set_reminder	O
7	төшер	reminder/set_reminder	O

# id: test_54
# text EN: show all my alarms
# text TAT: барлык минем уяткыч сәгатьләрне күрсәт
# intent = weather/find
# slots: 1:12:reference
1	барлык	alarm/show_alarms	O
2	минем	alarm/show_alarms	B-datetime
3	уяткыч	alarm/show_alarms	B-datetime
4	сәгатьләрне	alarm/show_alarms	O
5	күрсәт	alarm/show_alarms	O

# id: test_55
# text EN: How hot will it get today?
# text TAT: Бүген никадәр эссе булачак?
# intent = SearchCreativeWork
# slots: 1:5:datetime, 15:18:weather/attribute
1	Бүген	weather/find	B-datetime
2	никадәр	weather/find	B-datetime
3	эссе	weather/find	O
4	булачак	weather/find	O
5	?	weather/find	O

# id: test_56
# text EN: Set alarm for 5 pm tonight
# text TAT: будильникны бүген кичке 5 куй
# intent = weather/find
# slots: 13:25:datetime
1	будильникны	alarm/set_alarm	O
2	бүген	alarm/set_alarm	B-datetime
3	кичке	alarm/set_alarm	B-datetime
4	5	alarm/set_alarm	B-datetime
5	куй	alarm/set_alarm	B-datetime

# id: test_57
# text EN: remind me to go to the doctors on august 21st 3 pm
# text TAT: 21-енче августта көндез 3-тә табибка барырга искә төшер
# intent = alarm/set_alarm
# slots: 1:28:datetime, 30:44:reminder/todo
1	21-енче	reminder/set_reminder	I-datetime
2	августта	reminder/set_reminder	I-datetime
3	көндез	reminder/set_reminder	I-datetime
4	3-тә	reminder/set_reminder	O
5	табибка	reminder/set_reminder	O
6	барырга	reminder/set_reminder	O
7	искә	reminder/set_reminder	O
8	төшер	reminder/set_reminder	O

# id: test_58
# text EN: cancel my recurring reminder to take meds daily at 7 am
# text TAT: көн саен иртәнге сәгать 7-дә дарулар эчәргә турында минем искә төшерүне бетер
# intent = weather/find
# slots: 1:28:recurring_datetime, 30:43:reminder/todo
1	көн	reminder/cancel_reminder	I-datetime
2	саен	reminder/cancel_reminder	I-datetime
3	иртәнге	reminder/cancel_reminder	I-datetime
4	сәгать	reminder/cancel_reminder	I-datetime
5	7-дә	reminder/cancel_reminder	I-datetime
6	дарулар	reminder/cancel_reminder	O
7	эчәргә	reminder/cancel_reminder	O
8	турында	reminder/cancel_reminder	O
9	минем	reminder/cancel_reminder	B-datetime
10	искә	reminder/cancel_reminder	O
11	төшерүне	reminder/cancel_reminder	O
12	бетер	reminder/cancel_reminder	O

# id: test_59
# text EN: when does the forecast next show rain
# text TAT: киләсе фараз яңгырны кайчан күрсәтә
# intent = weather/find
# slots: 14:20:weather/attribute
1	киләсе	weather/find	O
2	фараз	weather/find	O
3	яңгырны	weather/find	O
4	кайчан	weather/find	B-location
5	күрсәтә	weather/find	O

# id: test_60
# text EN: What time is my alarm set for tomorrow morning?
# text TAT: Иртәгә иртә белән минем будильнигым нинди вакытка куелган?
# intent = weather/find
# slots: 1:11:datetime, 19:23:reference
1	Иртәгә	alarm/show_alarms	O
2	иртә	alarm/show_alarms	O
3	белән	alarm/show_alarms	O
4	минем	alarm/show_alarms	B-datetime
5	будильнигым	alarm/show_alarms	B-datetime
6	нинди	alarm/show_alarms	B-datetime
7	вакытка	alarm/show_alarms	O
8	куелган	alarm/show_alarms	B-datetime
9	?	alarm/show_alarms	O

# id: test_61
# text EN: will it snow today
# text TAT: бүген кар явармы
# intent = weather/find
# slots: 1:5:datetime, 7:9:weather/attribute
1	бүген	weather/find	B-datetime
2	кар	weather/find	B-weather/attribute
3	явармы	weather/find	B-weather/attribute

# id: test_62
# text EN: Turn off my alarm.
# text TAT: Минем будильнигымны сүндер.
# intent = weather/find
# slots: 1:5:reference
1	Минем	alarm/cancel_alarm	B-datetime
2	будильнигымны	alarm/cancel_alarm	O
3	сүндер	alarm/cancel_alarm	B-datetime
4	.	alarm/cancel_alarm	O

# id: test_63
# text EN: Cancel all alarms
# text TAT: Барлык будильникларны бетер
# intent = BookRestaurant
# slots: 1:6:reference
1	Барлык	alarm/cancel_alarm	O
2	будильникларны	alarm/cancel_alarm	O
3	бетер	alarm/cancel_alarm	O

# id: test_64
# text EN: remind me to buy groceries
# text TAT: миңа продуктларны сатып алырга искә төшер
# intent = BookRestaurant
# slots: 6:30:reminder/todo
1	миңа	reminder/set_reminder	O
2	продуктларны	reminder/set_reminder	O
3	сатып	reminder/set_reminder	O
4	алырга	reminder/set_reminder	O
5	искә	reminder/set_reminder	O
6	төшер	reminder/set_reminder	O

# id: test_65
# text EN: I need an alarm set for a 9 am breakfast
# text TAT: Миңа иртәнге сәгать 9-да иртәнге аш өчен будильник кирәк
# intent = weather/find
# slots: 6:24:datetime
1	Миңа	alarm/set_alarm	O
2	иртәнге	alarm/set_alarm	I-datetime
3	сәгать	alarm/set_alarm	I-datetime
4	9-да	alarm/set_alarm	I-datetime
5	иртәнге	alarm/set_alarm	I-datetime
6	аш	alarm/set_alarm	I-datetime
7	өчен	alarm/set_alarm	O
8	будильник	alarm/set_alarm	B-datetime
9	кирәк	alarm/set_alarm	O

# id: test_66
# text EN: set reminder to watch the Colts one hour before game starts
# text TAT: уен башланганчы бер сәгать алдан Кольтларны карау турында искә төшерүне куй
# intent = weather/find
# slots: 1:32:datetime, 34:49:reminder/todo
1	уен	reminder/set_reminder	B-datetime
2	башланганчы	reminder/set_reminder	I-datetime
3	бер	reminder/set_reminder	B-datetime
4	сәгать	reminder/set_reminder	I-datetime
5	алдан	reminder/set_reminder	O
6	Кольтларны	reminder/set_reminder	O
7	карау	reminder/set_reminder	B-datetime
8	турында	reminder/set_reminder	O
9	искә	reminder/set_reminder	O
10	төшерүне	reminder/set_reminder	O
11	куй	reminder/set_reminder	O

# id: test_67
# text EN: cancel all alarms
# text TAT: барлык будильникларны бетер
# intent = BookRestaurant
# slots: 1:6:reference
1	барлык	alarm/cancel_alarm	O
2	будильникларны	alarm/cancel_alarm	O
3	бетер	alarm/cancel_alarm	O

# id: test_68
# text EN: Cancel my third reminder on this list.
# text TAT: Бу исемлектән минем өченче искә төшерүне бетер.
# intent = weather/find
# slots: 15:26:reference
1	Бу	reminder/cancel_reminder	O
2	исемлектән	reminder/cancel_reminder	O
3	минем	reminder/cancel_reminder	B-datetime
4	өченче	reminder/cancel_reminder	B-datetime
5	искә	reminder/cancel_reminder	O
6	төшерүне	reminder/cancel_reminder	O
7	бетер	reminder/cancel_reminder	O
8	.	reminder/cancel_reminder	O

# id: test_69
# text EN: set alarm for 6 am
# text TAT: Будильникны иртәнге 6 куй
# intent = BookRestaurant
# slots: 13:21:datetime
1	Будильникны	alarm/set_alarm	O
2	иртәнге	alarm/set_alarm	B-datetime
3	6	alarm/set_alarm	B-datetime
4	куй	alarm/set_alarm	I-artist

# id: test_70
# text EN: Reset this alarm now and start at 2 pm
# text TAT: Бу будильникны хәзердән көндезге 2-гә куй
# intent = alarm/set_alarm
# slots: 1:2:reference, 16:23:datetime, 25:37:datetime
1	Бу	alarm/cancel_alarm	O
2	будильникны	alarm/cancel_alarm	O
3	хәзердән	alarm/cancel_alarm	I-datetime
4	көндезге	alarm/cancel_alarm	I-datetime
5	2-гә	alarm/cancel_alarm	I-datetime
6	куй	alarm/cancel_alarm	I-datetime

# id: test_71
# text EN: Is it going to snow?
# text TAT: Кар булырмы?
# intent = weather/find
# slots: 1:3:weather/attribute
1	Кар	weather/find	O
2	булырмы	weather/find	B-weather/attribute
3	?	weather/find	O

# id: test_72
# text EN: Remind me to pay rent.
# text TAT: Миңа аренданы түләргә искә төшер.
# intent = BookRestaurant
# slots: 6:21:reminder/todo
1	Миңа	reminder/set_reminder	B-location
2	аренданы	reminder/set_reminder	I-reminder/todo
3	түләргә	reminder/set_reminder	O
4	искә	reminder/set_reminder	O
5	төшер	reminder/set_reminder	O
6	.	reminder/set_reminder	O

# id: test_73
# text EN: whats the low for tomorrow
# text TAT: иртәгә нинди иң түбән температура
# intent = weather/find
# slots: 1:6:datetime, 14:21:weather/attribute
1	иртәгә	weather/find	O
2	нинди	weather/find	O
3	иң	weather/find	O
4	түбән	weather/find	B-weather/attribute
5	температура	weather/find	B-weather/attribute

# id: test_74
# text EN: Is it going to be sunny today?
# text TAT: Бүген кояшлы булырмы?
# intent = weather/find
# slots: 1:5:datetime, 7:12:weather/attribute
1	Бүген	weather/find	B-location
2	кояшлы	weather/find	B-location
3	булырмы	weather/find	B-location
4	?	weather/find	O

# id: test_75
# text EN: How many reminders do I have today?
# text TAT: Бүген минем ничә искә төшерүләрем бар?
# intent = weather/find
# slots: 1:5:datetime
1	Бүген	reminder/show_reminders	B-datetime
2	минем	reminder/show_reminders	B-datetime
3	ничә	reminder/show_reminders	O
4	искә	reminder/show_reminders	O
5	төшерүләрем	reminder/show_reminders	O
6	бар	reminder/show_reminders	O
7	?	reminder/show_reminders	O

# id: test_76
# text EN: What are my reminders for tomorrow?
# text TAT: Минем иртәгә нинди искә төшерүләрем бар?
# intent = weather/find
# slots: 1:5:reference, 7:12:datetime
1	Минем	reminder/show_reminders	B-datetime
2	иртәгә	reminder/show_reminders	O
3	нинди	reminder/show_reminders	O
4	искә	reminder/show_reminders	O
5	төшерүләрем	reminder/show_reminders	O
6	бар	reminder/show_reminders	O
7	?	reminder/show_reminders	O

# id: test_77
# text EN: Cancel all my reminders.
# text TAT: Минем барлык искә төшерүләремне бетер.
# intent = weather/find
# slots: 1:12:reference
1	Минем	reminder/cancel_reminder	O
2	барлык	reminder/cancel_reminder	O
3	искә	reminder/cancel_reminder	O
4	төшерүләремне	reminder/cancel_reminder	O
5	бетер	reminder/cancel_reminder	O
6	.	reminder/cancel_reminder	O

# id: test_78
# text EN: set alarm for 6am tomorrow
# text TAT: будильникны иртәнге 6-га куй
# intent = weather/find
# slots: 13:24:datetime
1	будильникны	alarm/set_alarm	O
2	иртәнге	alarm/set_alarm	B-datetime
3	6-га	alarm/set_alarm	I-datetime
4	куй	alarm/set_alarm	B-datetime

# id: test_79
# text EN: Set alarm for 30 minutes
# text TAT: Будильникны 30 минутка куй
# intent = weather/find
# slots: 13:22:datetime
1	Будильникны	alarm/set_alarm	O
2	30	alarm/set_alarm	B-datetime
3	минутка	alarm/set_alarm	I-datetime
4	куй	alarm/set_alarm	I-datetime

# id: test_80
# text EN: Set an alarm for an hour from now.
# text TAT: Будильникны бер сәгать алга куй.
# intent = weather/find
# slots: 13:27:datetime
1	Будильникны	alarm/set_alarm	O
2	бер	alarm/set_alarm	B-datetime
3	сәгать	alarm/set_alarm	I-datetime
4	алга	alarm/set_alarm	O
5	куй	alarm/set_alarm	B-datetime
6	.	alarm/set_alarm	O

# id: test_81
# text EN: cancel all alarms
# text TAT: барлык будильникларны бетер
# intent = BookRestaurant
# slots: 1:6:reference
1	барлык	alarm/cancel_alarm	O
2	будильникларны	alarm/cancel_alarm	O
3	бетер	alarm/cancel_alarm	O

# id: test_82
# text EN: weather update Los Angeles
# text TAT: Лос-Анджелеста һава торышы
# intent = weather/find
# slots: 1:26:location
1	Лос	weather/find	B-location
2	-	weather/find	I-location
3	Анджелеста	weather/find	O
4	һава	weather/find	B-datetime
5	торышы	weather/find	O

# id: test_83
# text EN: cancel all alarms
# text TAT: бөтен будильникларны бетер
# intent = BookRestaurant
# slots: 1:5:reference
1	бөтен	alarm/cancel_alarm	B-location
2	будильникларны	alarm/cancel_alarm	O
3	бетер	alarm/cancel_alarm	O

# id: test_84
# text EN: How many reminders do I have today?
# text TAT: Бүген минем ничә искә төшерүләрем бар?
# intent = weather/find
# slots: 1:5:datetime
1	Бүген	reminder/show_reminders	B-datetime
2	минем	reminder/show_reminders	B-datetime
3	ничә	reminder/show_reminders	O
4	искә	reminder/show_reminders	O
5	төшерүләрем	reminder/show_reminders	O
6	бар	reminder/show_reminders	O
7	?	reminder/show_reminders	O

# id: test_85
# text EN: Remind me to get paper towels at the store tomorrow
# text TAT: Миңа иртәгә кибеттә кәгазь сөлгеләр сатып алырга искә төшер
# intent = BookRestaurant
# slots: 6:11:datetime, 13:48:reminder/todo
1	Миңа	reminder/set_reminder	O
2	иртәгә	reminder/set_reminder	O
3	кибеттә	reminder/set_reminder	O
4	кәгазь	reminder/set_reminder	O
5	сөлгеләр	reminder/set_reminder	O
6	сатып	reminder/set_reminder	O
7	алырга	reminder/set_reminder	O
8	искә	reminder/set_reminder	O
9	төшер	reminder/set_reminder	O

# id: test_86
# text EN: show me all my reminders
# text TAT: Миңа минем барлык искә төшерүләремне күрсәт
# intent = weather/find
# slots: 6:17:reference
1	Миңа	reminder/show_reminders	O
2	минем	reminder/show_reminders	B-datetime
3	барлык	reminder/show_reminders	I-reminder/todo
4	искә	reminder/show_reminders	O
5	төшерүләремне	reminder/show_reminders	O
6	күрсәт	reminder/show_reminders	O

# id: test_87
# text EN: Set alarm for 6 am
# text TAT: Будильникны иртәнге 6 куй
# intent = BookRestaurant
# slots: 13:21:datetime
1	Будильникны	alarm/set_alarm	O
2	иртәнге	alarm/set_alarm	B-datetime
3	6	alarm/set_alarm	B-datetime
4	куй	alarm/set_alarm	I-artist

# id: test_88
# text EN: will it snow tomorrow
# text TAT: иртәгә кар булырмы
# intent = weather/find
# slots: 1:6:datetime, 8:10:weather/attribute
1	иртәгә	weather/find	O
2	кар	weather/find	B-weather/attribute
3	булырмы	weather/find	B-weather/attribute

# id: test_89
# text EN: cancel my alarm for tomorrow morning
# text TAT: иртәгә минем иртәнге будильникны бетер
# intent = alarm/set_alarm
# slots: 1:6:datetime, 8:12:reference, 14:20:datetime
1	иртәгә	alarm/cancel_alarm	O
2	минем	alarm/cancel_alarm	B-datetime
3	иртәнге	alarm/cancel_alarm	B-datetime
4	будильникны	alarm/cancel_alarm	O
5	бетер	alarm/cancel_alarm	O

# id: test_90
# text EN: Set the alarm for noon on Mondays only.
# text TAT: Дүшәмбе көнне төшке ашка будильникны куй.
# intent = BookRestaurant
# slots: 1:24:recurring_datetime
1	Дүшәмбе	alarm/set_alarm	I-datetime
2	көнне	alarm/set_alarm	I-datetime
3	төшке	alarm/set_alarm	O
4	ашка	alarm/set_alarm	I-datetime
5	будильникны	alarm/set_alarm	O
6	куй	alarm/set_alarm	O
7	.	alarm/set_alarm	O

# id: test_91
# text EN: How hot will it get today?
# text TAT: Бүген никадәр эссе булачак?
# intent = SearchCreativeWork
# slots: 1:5:datetime, 15:18:weather/attribute
1	Бүген	weather/find	B-datetime
2	никадәр	weather/find	B-datetime
3	эссе	weather/find	O
4	булачак	weather/find	O
5	?	weather/find	O

# id: test_92
# text EN: remind me to set alarms for morning
# text TAT: иртәнге будильникларны куерга миңа искә төшер
# intent = BookRestaurant
# slots: 1:7:datetime, 9:29:reminder/todo
1	иртәнге	reminder/set_reminder	B-datetime
2	будильникларны	reminder/set_reminder	O
3	куерга	reminder/set_reminder	O
4	миңа	reminder/set_reminder	O
5	искә	reminder/set_reminder	O
6	төшер	reminder/set_reminder	O

# id: test_93
# text EN: delete all alarms
# text TAT: бөтен будильникларны бетер
# intent = BookRestaurant
# slots: 1:5:reference
1	бөтен	alarm/cancel_alarm	B-location
2	будильникларны	alarm/cancel_alarm	O
3	бетер	alarm/cancel_alarm	O

# id: test_94
# text EN: show my alarms
# text TAT: Минем будильникларымны күрсәт
# intent = AddToPlaylist
# slots: 1:5:reference
1	Минем	alarm/show_alarms	B-datetime
2	будильникларымны	alarm/show_alarms	O
3	күрсәт	alarm/show_alarms	O

# id: test_95
# text EN: dismiss alarm
# text TAT: будильникны сүндер
# intent = weather/find
# slots: 
1	будильникны	alarm/cancel_alarm	I-datetime
2	сүндер	alarm/cancel_alarm	B-datetime

# id: test_96
# text EN: What is the temperature today?
# text TAT: Бүген температура нинди?
# intent = weather/find
# slots: 1:5:datetime, 7:17:weather/attribute
1	Бүген	weather/find	B-datetime
2	температура	weather/find	B-weather/attribute
3	нинди	weather/find	B-weather/attribute
4	?	weather/find	O

# id: test_97
# text EN: dismiss alarm
# text TAT: будильникны сүндер
# intent = weather/find
# slots: 
1	будильникны	alarm/cancel_alarm	I-datetime
2	сүндер	alarm/cancel_alarm	B-datetime

# id: test_98
# text EN: Show all alarms
# text TAT: Барлык будильникларны күрсәт
# intent = AddToPlaylist
# slots: 1:6:reference
1	Барлык	alarm/show_alarms	O
2	будильникларны	alarm/show_alarms	O
3	күрсәт	alarm/show_alarms	O

# id: test_99
# text EN: set alarm for every 30 minutes
# text TAT: Будильникны 30 минут саен куй
# intent = weather/find
# slots: 13:25:recurring_datetime
1	Будильникны	alarm/set_alarm	B-datetime
2	30	alarm/set_alarm	B-datetime
3	минут	alarm/set_alarm	I-datetime
4	саен	alarm/set_alarm	I-datetime
5	куй	alarm/set_alarm	I-datetime

# id: test_100
# text EN: What is the temperature going to be today?
# text TAT: Бүген нинди температура булачак?
# intent = weather/find
# slots: 1:5:datetime, 13:23:weather/attribute
1	Бүген	weather/find	B-datetime
2	нинди	weather/find	O
3	температура	weather/find	B-weather/attribute
4	булачак	weather/find	B-weather/attribute
5	?	weather/find	O

# id: test_101
# text EN: Is it going to be hot today?
# text TAT: Бүген кызу булырмы?
# intent = weather/find
# slots: 1:5:datetime, 7:10:weather/attribute
1	Бүген	weather/find	B-location
2	кызу	weather/find	I-reminder/todo
3	булырмы	weather/find	B-location
4	?	weather/find	O

# id: test_102
# text EN: Is it going to rain tomorrow?
# text TAT: Иртәгә яңгыр булырмы?
# intent = weather/find
# slots: 1:6:datetime, 8:12:weather/attribute
1	Иртәгә	weather/find	O
2	яңгыр	weather/find	B-weather/attribute
3	булырмы	weather/find	O
4	?	weather/find	O

# id: test_103
# text EN: Cancel the next alarm
# text TAT: Киләсе будильникны бетер
# intent = weather/find
# slots: 1:6:reference
1	Киләсе	alarm/cancel_alarm	B-location
2	будильникны	alarm/cancel_alarm	O
3	бетер	alarm/cancel_alarm	O

# id: test_104
# text EN: Remind me to go to grocery store today
# text TAT: Бүген кибеткә барырга искә төшер
# intent = weather/find
# slots: 1:5:datetime, 7:21:reminder/todo
1	Бүген	reminder/set_reminder	B-datetime
2	кибеткә	reminder/set_reminder	O
3	барырга	reminder/set_reminder	O
4	искә	reminder/set_reminder	O
5	төшер	reminder/set_reminder	O

# id: test_105
# text EN: cancel my reminders for next week
# text TAT: киләсе атнада минем искә төшерүләрне бетер
# intent = weather/find
# slots: 1:13:datetime, 15:19:reference
1	киләсе	reminder/cancel_reminder	O
2	атнада	reminder/cancel_reminder	O
3	минем	reminder/cancel_reminder	B-datetime
4	искә	reminder/cancel_reminder	O
5	төшерүләрне	reminder/cancel_reminder	O
6	бетер	reminder/cancel_reminder	O

# id: test_106
# text EN: remind me to take dog to groomer tuesday at 3pm
# text TAT: миңа сишәмбе көнне көндезге сәгать 3-тә этне грумерга алып барырга исемә төшер
# intent = alarm/set_alarm
# slots: 6:39:datetime, 41:66:reminder/todo
1	миңа	reminder/set_reminder	O
2	сишәмбе	reminder/set_reminder	B-datetime
3	көнне	reminder/set_reminder	I-datetime
4	көндезге	reminder/set_reminder	I-datetime
5	сәгать	reminder/set_reminder	I-datetime
6	3-тә	reminder/set_reminder	I-datetime
7	этне	reminder/set_reminder	O
8	грумерга	reminder/set_reminder	I-datetime
9	алып	reminder/set_reminder	O
10	барырга	reminder/set_reminder	O
11	исемә	reminder/set_reminder	O
12	төшер	reminder/set_reminder	O

# id: test_107
# text EN: Remind me to pick up flowers for Jen for our anniversary on the 28th.
# text TAT: 28-енче көнне Дженга годовщинага чәчәкләр сатып алырга исемә төшер.
# intent = weather/find
# slots: 1:13:datetime, 15:54:reminder/todo
1	28-енче	reminder/set_reminder	I-datetime
2	көнне	reminder/set_reminder	I-datetime
3	Дженга	reminder/set_reminder	B-location
4	годовщинага	reminder/set_reminder	O
5	чәчәкләр	reminder/set_reminder	I-reminder/todo
6	сатып	reminder/set_reminder	O
7	алырга	reminder/set_reminder	O
8	исемә	reminder/set_reminder	O
9	төшер	reminder/set_reminder	O
10	.	reminder/set_reminder	O

# id: test_108
# text EN: What's the weather like today?
# text TAT: Бүген һава торышы нинди?
# intent = weather/find
# slots: 1:5:datetime
1	Бүген	weather/find	B-datetime
2	һава	weather/find	O
3	торышы	weather/find	O
4	нинди	weather/find	O
5	?	weather/find	O

# id: test_109
# text EN: Remind me to make a doctor's appointment tomorrow.
# text TAT: Иртәгә табибка язылырга миңа искә төшер.
# intent = PlayMusic
# slots: 1:6:datetime, 8:23:reminder/todo
1	Иртәгә	reminder/set_reminder	O
2	табибка	reminder/set_reminder	I-artist
3	язылырга	reminder/set_reminder	O
4	миңа	reminder/set_reminder	O
5	искә	reminder/set_reminder	O
6	төшер	reminder/set_reminder	O
7	.	reminder/set_reminder	O

# id: test_110
# text EN: turn off all alarms
# text TAT: бөтен будильникларны сүндер
# intent = AddToPlaylist
# slots: 1:5:reference
1	бөтен	alarm/cancel_alarm	B-location
2	будильникларны	alarm/cancel_alarm	O
3	сүндер	alarm/cancel_alarm	O

# id: test_111
# text EN: Should I bring a raincoat?
# text TAT: Мин үзем белән дождевикны алыйммы?
# intent = weather/find
# slots: 16:25:weather/attribute
1	Мин	weather/find	O
2	үзем	weather/find	B-datetime
3	белән	weather/find	O
4	дождевикны	weather/find	O
5	алыйммы	weather/find	B-datetime
6	?	weather/find	O

# id: test_112
# text EN: What is the severe weather forecast?
# text TAT: Начар һава торышы фаразы нинди?
# intent = weather/find
# slots: 1:5:weather/attribute
1	Начар	weather/find	O
2	һава	weather/find	O
3	торышы	weather/find	O
4	фаразы	weather/find	O
5	нинди	weather/find	B-location
6	?	weather/find	O

# id: test_113
# text EN: remind me of next weeks doctor appointment
# text TAT: киләсе атнада табибка язуым турында искә төшер
# intent = AddToPlaylist
# slots: 1:13:datetime, 15:35:reminder/todo
1	киләсе	reminder/set_reminder	O
2	атнада	reminder/set_reminder	O
3	табибка	reminder/set_reminder	I-playlist
4	язуым	reminder/set_reminder	B-datetime
5	турында	reminder/set_reminder	O
6	искә	reminder/set_reminder	O
7	төшер	reminder/set_reminder	O

# id: test_114
# text EN: set reminder to go to the store at 8am
# text TAT: иртәнге 8 кибеткә бару турында искә төшер
# intent = alarm/set_alarm
# slots: 1:9:datetime, 11:22:reminder/todo
1	иртәнге	reminder/set_reminder	B-datetime
2	8	reminder/set_reminder	B-datetime
3	кибеткә	reminder/set_reminder	O
4	бару	reminder/set_reminder	O
5	турында	reminder/set_reminder	O
6	искә	reminder/set_reminder	O
7	төшер	reminder/set_reminder	O

# id: test_115
# text EN: Set reminder to get the dry cleaning.
# text TAT: Химчисткага барырга искә төшерү яса.
# intent = weather/find
# slots: 1:19:reminder/todo
1	Химчисткага	reminder/set_reminder	O
2	барырга	reminder/set_reminder	O
3	искә	reminder/set_reminder	O
4	төшерү	reminder/set_reminder	O
5	яса	reminder/set_reminder	O
6	.	reminder/set_reminder	O

# id: test_116
# text EN: when is it cool down
# text TAT: кайчан салкынрак булачак
# intent = weather/find
# slots: 8:16:weather/attribute
1	кайчан	weather/find	O
2	салкынрак	weather/find	O
3	булачак	weather/find	O

# id: test_117
# text EN: will it rain this week
# text TAT: бу атнада яңгыр булырмы
# intent = AddToPlaylist
# slots: 1:9:datetime, 11:15:weather/attribute
1	бу	weather/find	O
2	атнада	weather/find	O
3	яңгыр	weather/find	B-weather/attribute
4	булырмы	weather/find	I-artist

# id: test_118
# text EN: delete all alarms
# text TAT: барлык будильникларны бетер
# intent = BookRestaurant
# slots: 1:6:reference
1	барлык	alarm/cancel_alarm	O
2	будильникларны	alarm/cancel_alarm	O
3	бетер	alarm/cancel_alarm	O

# id: test_119
# text EN: cancel alarms
# text TAT: будильникларны бетер
# intent = weather/find
# slots: 
1	будильникларны	alarm/cancel_alarm	O
2	бетер	alarm/cancel_alarm	B-weather/attribute

# id: test_120
# text EN: show me my alarms
# text TAT: минем будильникларымны күрсәт
# intent = AddToPlaylist
# slots: 1:5:reference
1	минем	alarm/show_alarms	B-datetime
2	будильникларымны	alarm/show_alarms	O
3	күрсәт	alarm/show_alarms	O

# id: test_121
# text EN: What time do I have an alarm set for?
# text TAT: Минем будильнигым кайсы вакытка куйган?
# intent = weather/find
# slots: 
1	Минем	alarm/show_alarms	O
2	будильнигым	alarm/show_alarms	B-datetime
3	кайсы	alarm/show_alarms	O
4	вакытка	alarm/show_alarms	O
5	куйган	alarm/show_alarms	O
6	?	alarm/show_alarms	O

# id: test_122
# text EN: Is it going to rain Saturday?
# text TAT: Шимбә көнне яңгыр булырмы?
# intent = weather/find
# slots: 1:5:datetime, 13:17:weather/attribute
1	Шимбә	weather/find	B-location
2	көнне	weather/find	B-datetime
3	яңгыр	weather/find	B-weather/attribute
4	булырмы	weather/find	O
5	?	weather/find	O

# id: test_123
# text EN: how hot is it going to get today
# text TAT: бүген никадәр эссе булачак
# intent = PlayMusic
# slots: 1:5:datetime, 15:18:weather/attribute
1	бүген	weather/find	B-datetime
2	никадәр	weather/find	B-datetime
3	эссе	weather/find	O
4	булачак	weather/find	O

# id: test_124
# text EN: Reset all alarms
# text TAT: Барлык будильникларны бетер
# intent = BookRestaurant
# slots: 1:6:reference
1	Барлык	alarm/cancel_alarm	O
2	будильникларны	alarm/cancel_alarm	O
3	бетер	alarm/cancel_alarm	O

# id: test_125
# text EN: Weather in Tahoe this weekend?
# text TAT: Бу ял көннәрендә Тахода һава торышы?
# intent = weather/find
# slots: 1:16:datetime, 18:23:location
1	Бу	weather/find	O
2	ял	weather/find	B-location
3	көннәрендә	weather/find	O
4	Тахода	weather/find	B-location
5	һава	weather/find	B-datetime
6	торышы	weather/find	O
7	?	weather/find	O

# id: test_126
# text EN: Do I need a coat today?
# text TAT: Миңа бүген пальто кирәкме?
# intent = weather/find
# slots: 6:10:datetime, 12:17:weather/attribute
1	Миңа	weather/find	O
2	бүген	weather/find	B-location
3	пальто	weather/find	B-weather/attribute
4	кирәкме	weather/find	O
5	?	weather/find	O

# id: test_127
# text EN: When will the rain stop?
# text TAT: Яңгыр кайчан туктар?
# intent = weather/find
# slots: 1:5:weather/attribute
1	Яңгыр	weather/find	B-location
2	кайчан	weather/find	B-location
3	туктар	weather/find	B-location
4	?	weather/find	O

# id: test_128
# text EN: Set a reminder to call my school on Monday at 4 PM
# text TAT: Дүшәмбе көнне 16:00 сәгатьтә минем мәктәпкә шалтыратырга хәтерләтү куй
# intent = alarm/set_alarm
# slots: 1:28:datetime, 30:56:reminder/todo
1	Дүшәмбе	reminder/set_reminder	I-datetime
2	көнне	reminder/set_reminder	I-datetime
3	16:00	reminder/set_reminder	I-datetime
4	сәгатьтә	reminder/set_reminder	O
5	минем	reminder/set_reminder	B-datetime
6	мәктәпкә	reminder/set_reminder	O
7	шалтыратырга	reminder/set_reminder	O
8	хәтерләтү	reminder/set_reminder	O
9	куй	reminder/set_reminder	O

# id: test_129
# text EN: Turn off my alarm.
# text TAT: Минем будильнигымны сүндер.
# intent = weather/find
# slots: 1:5:reference
1	Минем	alarm/cancel_alarm	B-datetime
2	будильнигымны	alarm/cancel_alarm	O
3	сүндер	alarm/cancel_alarm	B-datetime
4	.	alarm/cancel_alarm	O

# id: test_130
# text EN: How cold will it be tonight?
# text TAT: Бүген кич никадәр салкын булыр?
# intent = weather/find
# slots: 1:9:datetime, 19:24:weather/attribute
1	Бүген	weather/find	B-datetime
2	кич	weather/find	B-datetime
3	никадәр	weather/find	B-datetime
4	салкын	weather/find	B-weather/attribute
5	булыр	weather/find	O
6	?	weather/find	O

# id: test_131
# text EN: Set alarm for 7 am tomorrow.
# text TAT: Будильникны иртәнге җидегә куй.
# intent = BookRestaurant
# slots: 13:26:datetime
1	Будильникны	alarm/set_alarm	O
2	иртәнге	alarm/set_alarm	B-datetime
3	җидегә	alarm/set_alarm	O
4	куй	alarm/set_alarm	O
5	.	alarm/set_alarm	O

# id: test_132
# text EN: Cancel my reminder to pick up Rob
# text TAT: Минем Робны алу турында хәтерләтүемне бетер
# intent = AddToPlaylist
# slots: 1:5:reference, 7:15:reminder/todo
1	Минем	reminder/cancel_reminder	B-datetime
2	Робны	reminder/cancel_reminder	I-reminder/todo
3	алу	reminder/cancel_reminder	B-reminder/todo
4	турында	reminder/cancel_reminder	O
5	хәтерләтүемне	reminder/cancel_reminder	O
6	бетер	reminder/cancel_reminder	O

# id: test_133
# text EN: Create a reminder for tomorrow to buy milk.
# text TAT: Иртәгә сөт сатып алу турында хәтерләтү яса.
# intent = weather/find
# slots: 1:6:datetime, 8:20:reminder/todo
1	Иртәгә	reminder/set_reminder	O
2	сөт	reminder/set_reminder	I-reminder/todo
3	сатып	reminder/set_reminder	O
4	алу	reminder/set_reminder	I-reminder/todo
5	турында	reminder/set_reminder	O
6	хәтерләтү	reminder/set_reminder	O
7	яса	reminder/set_reminder	O
8	.	reminder/set_reminder	O

# id: test_134
# text EN: set alarm for 6pm
# text TAT: Будильникны иртәнге 6 куй
# intent = BookRestaurant
# slots: 13:21:datetime
1	Будильникны	alarm/set_alarm	O
2	иртәнге	alarm/set_alarm	B-datetime
3	6	alarm/set_alarm	B-datetime
4	куй	alarm/set_alarm	I-artist

# id: test_135
# text EN: schedule a daily alarm for 7:30 pm until deleted
# text TAT: көндәлек будильникны, аны бетергәнче, кичке җиде сәгать утыз минутка планлаштыр
# intent = alarm/set_alarm
# slots: 1:8:recurring_datetime, 50:79:recurring_datetime
1	көндәлек	alarm/set_alarm	O
2	будильникны	alarm/set_alarm	O
3	,	alarm/set_alarm	O
4	аны	alarm/set_alarm	O
5	бетергәнче	alarm/set_alarm	O
6	,	alarm/set_alarm	O
7	кичке	alarm/set_alarm	O
8	җиде	alarm/set_alarm	B-datetime
9	сәгать	alarm/set_alarm	I-datetime
10	утыз	alarm/set_alarm	I-datetime
11	минутка	alarm/set_alarm	I-datetime
12	планлаштыр	alarm/set_alarm	O

# id: test_136
# text EN: remind me to set an alarm for ups
# text TAT: миңа торыр өчен будильникны куерга исемә төшер
# intent = AddToPlaylist
# slots: 6:34:reminder/todo
1	миңа	reminder/set_reminder	O
2	торыр	reminder/set_reminder	B-datetime
3	өчен	reminder/set_reminder	O
4	будильникны	reminder/set_reminder	O
5	куерга	reminder/set_reminder	O
6	исемә	reminder/set_reminder	O
7	төшер	reminder/set_reminder	O

# id: test_137
# text EN: Cancel my reminder
# text TAT: Минем хәтерләтүне бетер
# intent = weather/find
# slots: 1:5:reference
1	Минем	reminder/cancel_reminder	B-datetime
2	хәтерләтүне	reminder/cancel_reminder	O
3	бетер	reminder/cancel_reminder	O

# id: test_138
# text EN: Is it going to snow today?
# text TAT: Бүген кар булырмы?
# intent = weather/find
# slots: 1:5:datetime, 7:9:weather/attribute
1	Бүген	weather/find	B-datetime
2	кар	weather/find	B-weather/attribute
3	булырмы	weather/find	B-weather/attribute
4	?	weather/find	O

# id: test_139
# text EN: Show me all the alarms
# text TAT: Миңа бөтен будильникларны күрсәт
# intent = AddToPlaylist
# slots: 6:10:reference
1	Миңа	alarm/show_alarms	O
2	бөтен	alarm/show_alarms	B-datetime
3	будильникларны	alarm/show_alarms	O
4	күрсәт	alarm/show_alarms	O

# id: test_140
# text EN: show all reminders
# text TAT: бөтен хәтерләтүләрне күрсәт
# intent = AddToPlaylist
# slots: 1:5:reference
1	бөтен	reminder/show_reminders	O
2	хәтерләтүләрне	reminder/show_reminders	O
3	күрсәт	reminder/show_reminders	O

# id: test_141
# text EN: how much time is left on my alarm
# text TAT: минем будильнигымда күпме вакыт калды
# intent = weather/find
# slots: 1:5:reference
1	минем	alarm/time_left_on_alarm	B-datetime
2	будильнигымда	alarm/time_left_on_alarm	O
3	күпме	alarm/time_left_on_alarm	B-datetime
4	вакыт	alarm/time_left_on_alarm	O
5	калды	alarm/time_left_on_alarm	O

# id: test_142
# text EN: set alarm for 2 hours
# text TAT: будильникны 2 сәгатькә куй
# intent = weather/find
# slots: 13:22:datetime
1	будильникны	alarm/set_alarm	O
2	2	alarm/set_alarm	B-datetime
3	сәгатькә	alarm/set_alarm	I-datetime
4	куй	alarm/set_alarm	O

# id: test_143
# text EN: Remind me to get bread after work
# text TAT: Эштән соң икмәк сатып алырга исемә төшер
# intent = alarm/set_alarm
# slots: 1:9:datetime, 11:28:reminder/todo
1	Эштән	reminder/set_reminder	O
2	соң	reminder/set_reminder	O
3	икмәк	reminder/set_reminder	I-reminder/todo
4	сатып	reminder/set_reminder	O
5	алырга	reminder/set_reminder	O
6	исемә	reminder/set_reminder	O
7	төшер	reminder/set_reminder	O

# id: test_144
# text EN: Will it rain today?
# text TAT: Бүген яңгыр булырмы?
# intent = weather/find
# slots: 1:5:datetime, 7:11:weather/attribute
1	Бүген	weather/find	B-datetime
2	яңгыр	weather/find	B-weather/attribute
3	булырмы	weather/find	B-weather/attribute
4	?	weather/find	O

# id: test_145
# text EN: read today's weather forecast
# text TAT: бүгенге һава торышы фаразын укы
# intent = weather/find
# slots: 1:7:datetime
1	бүгенге	weather/find	B-datetime
2	һава	weather/find	B-datetime
3	торышы	weather/find	O
4	фаразын	weather/find	B-location
5	укы	weather/find	O

# id: test_146
# text EN: What time is my alarm set for?
# text TAT: Минем будильнигым нинди вакытка куелган?
# intent = weather/find
# slots: 1:5:reference
1	Минем	alarm/show_alarms	O
2	будильнигым	alarm/show_alarms	B-datetime
3	нинди	alarm/show_alarms	B-datetime
4	вакытка	alarm/show_alarms	O
5	куелган	alarm/show_alarms	B-datetime
6	?	alarm/show_alarms	O

# id: test_147
# text EN: at 4 tomorrow remind me to go to the mall
# text TAT: иртәгә 4 миңа сәүдә үзәгенә барырга исемә төшер
# intent = BookRestaurant
# slots: 1:8:datetime, 15:35:reminder/todo
1	иртәгә	reminder/set_reminder	O
2	4	reminder/set_reminder	B-datetime
3	миңа	reminder/set_reminder	O
4	сәүдә	reminder/set_reminder	I-reminder/todo
5	үзәгенә	reminder/set_reminder	O
6	барырга	reminder/set_reminder	O
7	исемә	reminder/set_reminder	O
8	төшер	reminder/set_reminder	O

# id: test_148
# text EN: do I need to bring an umbrella today
# text TAT: бүген кул чатырны үзем белән алыйммы
# intent = weather/find
# slots: 1:5:datetime, 7:17:weather/attribute
1	бүген	weather/find	B-datetime
2	кул	weather/find	B-weather/attribute
3	чатырны	weather/find	O
4	үзем	weather/find	B-datetime
5	белән	weather/find	O
6	алыйммы	weather/find	B-datetime

# id: test_149
# text EN: Show my reminder
# text TAT: Минем хәтерләтүне күрсәт
# intent = weather/find
# slots: 1:5:reference
1	Минем	reminder/show_reminders	B-datetime
2	хәтерләтүне	reminder/show_reminders	O
3	күрсәт	reminder/show_reminders	O

# id: test_150
# text EN: Show all my reminders
# text TAT: Минем бөтен хәтерләтүләрне күрсәт
# intent = weather/find
# slots: 1:11:reference
1	Минем	reminder/show_reminders	B-datetime
2	бөтен	reminder/show_reminders	O
3	хәтерләтүләрне	reminder/show_reminders	O
4	күрсәт	reminder/show_reminders	O

# id: test_151
# text EN: Set a reminder for dog food on Monday.
# text TAT: Дүшәмбе көнне эт ризыгы турында хәтерләтү куй
# intent = weather/find
# slots: 1:7:datetime, 15:23:reminder/todo
1	Дүшәмбе	reminder/set_reminder	I-datetime
2	көнне	reminder/set_reminder	I-datetime
3	эт	reminder/set_reminder	B-weather/attribute
4	ризыгы	reminder/set_reminder	O
5	турында	reminder/set_reminder	O
6	хәтерләтү	reminder/set_reminder	O
7	куй	reminder/set_reminder	O

# id: test_152
# text EN: Set reminder "Sub yoga class Tuesday night at Bala" for tomorrow
# text TAT: Иртәгегә "Сишәмбе кичендә Балада Саб йога дәресенә язылырга " хәтерләтүне куй
# intent = AddToPlaylist
# slots: 1:8:datetime, 19:61:reminder/todo
1	Иртәгегә	reminder/set_reminder	O
2	"	reminder/set_reminder	O
3	Сишәмбе	reminder/set_reminder	I-location
4	кичендә	reminder/set_reminder	O
5	Балада	reminder/set_reminder	B-artist
6	Саб	reminder/set_reminder	I-artist
7	йога	reminder/set_reminder	I-playlist
8	дәресенә	reminder/set_reminder	O
9	язылырга	reminder/set_reminder	O
10	"	reminder/set_reminder	O
11	хәтерләтүне	reminder/set_reminder	O
12	куй	reminder/set_reminder	O

# id: test_153
# text EN: Cancel all reminders for today
# text TAT: бүгенгегә бөтен искә төшерүләрне бетер
# intent = weather/find
# slots: 1:9:datetime, 11:15:reference
1	бүгенгегә	reminder/cancel_reminder	O
2	бөтен	reminder/cancel_reminder	O
3	искә	reminder/cancel_reminder	O
4	төшерүләрне	reminder/cancel_reminder	O
5	бетер	reminder/cancel_reminder	O

# id: test_154
# text EN: What will the weather be in New York city this week
# text TAT: Бу атнада Нью-Йоркта нинди һава торышы булачак
# intent = weather/find
# slots: 1:9:datetime, 11:31:location
1	Бу	weather/find	O
2	атнада	weather/find	O
3	Нью	weather/find	B-location
4	-	weather/find	I-location
5	Йоркта	weather/find	O
6	нинди	weather/find	B-datetime
7	һава	weather/find	B-weather/attribute
8	торышы	weather/find	O
9	булачак	weather/find	O

# id: test_155
# text EN: remind me of a doctor visit Thursday at 12 pm
# text TAT: пәнҗешәмбе көнне көндез 12-дә табибка баруымны исемә төшер
# intent = BookRestaurant
# slots: 1:29:datetime, 31:46:reminder/todo
1	пәнҗешәмбе	reminder/set_reminder	I-datetime
2	көнне	reminder/set_reminder	I-datetime
3	көндез	reminder/set_reminder	I-datetime
4	12-дә	reminder/set_reminder	I-datetime
5	табибка	reminder/set_reminder	B-artist
6	баруымны	reminder/set_reminder	O
7	исемә	reminder/set_reminder	O
8	төшер	reminder/set_reminder	O

# id: test_156
# text EN: Set an alarm for 6:50 pm
# text TAT: Будильникны кичке 6:50 куй
# intent = BookRestaurant
# slots: 13:22:datetime
1	Будильникны	alarm/set_alarm	O
2	кичке	alarm/set_alarm	B-datetime
3	6:50	alarm/set_alarm	I-datetime
4	куй	alarm/set_alarm	I-datetime

# id: test_157
# text EN: Is it going to snow today?
# text TAT: Бүген кар булырмы?
# intent = weather/find
# slots: 1:5:datetime, 7:9:weather/attribute
1	Бүген	weather/find	B-datetime
2	кар	weather/find	B-weather/attribute
3	булырмы	weather/find	B-weather/attribute
4	?	weather/find	O

# id: test_158
# text EN: What alarms are set?
# text TAT: Нинди будильниклар куелган?
# intent = weather/find
# slots: 
1	Нинди	alarm/show_alarms	B-location
2	будильниклар	alarm/show_alarms	O
3	куелган	alarm/show_alarms	B-datetime
4	?	alarm/show_alarms	O

# id: test_159
# text EN: Set a reminder alarm for October 7
# text TAT: 7 октябрьгә искә төшерү будильникны куй
# intent = alarm/set_alarm
# slots: 1:11:datetime
1	7	reminder/set_reminder	B-datetime
2	октябрьгә	reminder/set_reminder	I-datetime
3	искә	reminder/set_reminder	O
4	төшерү	reminder/set_reminder	O
5	будильникны	reminder/set_reminder	O
6	куй	reminder/set_reminder	O

# id: test_160
# text EN: Will there be snow today?
# text TAT: бүген кар булырмы?
# intent = weather/find
# slots: 1:5:datetime, 7:9:weather/attribute
1	бүген	weather/find	B-datetime
2	кар	weather/find	B-weather/attribute
3	булырмы	weather/find	B-weather/attribute
4	?	weather/find	O

# id: test_161
# text EN: snooze alarm for 15 minutes
# text TAT: будильникны 15 минутка күчер
# intent = alarm/set_alarm
# slots: 13:22:datetime
1	будильникны	alarm/snooze_alarm	I-datetime
2	15	alarm/snooze_alarm	B-datetime
3	минутка	alarm/snooze_alarm	I-datetime
4	күчер	alarm/snooze_alarm	O

# id: test_162
# text EN: How much snow are they predicting?
# text TAT: Күпме кар булуын фаразлыйлар?
# intent = weather/find
# slots: 7:9:weather/attribute
1	Күпме	weather/find	B-weather/attribute
2	кар	weather/find	B-weather/attribute
3	булуын	weather/find	O
4	фаразлыйлар	weather/find	O
5	?	weather/find	O

# id: test_163
# text EN: is it hot outside
# text TAT: урамда эссе ме
# intent = PlayMusic
# slots: 1:6:location, 8:11:weather/attribute
1	урамда	weather/find	B-datetime
2	эссе	weather/find	O
3	ме	weather/find	O

# id: test_164
# text EN: What is the temperature going to be today?
# text TAT: Бүген нинди температура булачак?
# intent = weather/find
# slots: 1:5:datetime, 13:23:weather/attribute
1	Бүген	weather/find	B-datetime
2	нинди	weather/find	O
3	температура	weather/find	B-weather/attribute
4	булачак	weather/find	B-weather/attribute
5	?	weather/find	O

# id: test_165
# text EN: what will the weather be like in Dallas tomorrow
# text TAT: иртәгә Далласта һава торышы нинди булыр
# intent = weather/find
# slots: 1:6:datetime, 8:15:location
1	иртәгә	weather/find	I-datetime
2	Далласта	weather/find	I-location
3	һава	weather/find	O
4	торышы	weather/find	O
5	нинди	weather/find	O
6	булыр	weather/find	O

# id: test_166
# text EN: Show me all my reminders for today
# text TAT: бүгенгегә минем бөтен искә төшерүләрне күрсәт
# intent = weather/find
# slots: 1:9:datetime, 11:21:reference
1	бүгенгегә	reminder/show_reminders	O
2	минем	reminder/show_reminders	B-datetime
3	бөтен	reminder/show_reminders	O
4	искә	reminder/show_reminders	O
5	төшерүләрне	reminder/show_reminders	O
6	күрсәт	reminder/show_reminders	O

# id: test_167
# text EN: Set a weekly reminder for groceries.
# text TAT: Атна саен продукт сатып алу турында хәтерләтү куй.
# intent = AddToPlaylist
# slots: 1:9:recurring_datetime, 11:27:reminder/todo
1	Атна	reminder/set_reminder	O
2	саен	reminder/set_reminder	B-datetime
3	продукт	reminder/set_reminder	I-reminder/todo
4	сатып	reminder/set_reminder	O
5	алу	reminder/set_reminder	I-reminder/todo
6	турында	reminder/set_reminder	O
7	хәтерләтү	reminder/set_reminder	O
8	куй	reminder/set_reminder	O
9	.	reminder/set_reminder	O

# id: test_168
# text EN: weather
# text TAT: һава торышы
# intent = weather/find
# slots: 
1	һава	weather/find	O
2	торышы	weather/find	O

# id: test_169
# text EN: Is it supposed to rain all day?
# text TAT: Яңгыр көне буе явыр микән?
# intent = weather/find
# slots: 1:5:weather/attribute, 7:14:datetime
1	Яңгыр	weather/find	B-datetime
2	көне	weather/find	I-datetime
3	буе	weather/find	B-weather/attribute
4	явыр	weather/find	B-weather/attribute
5	микән	weather/find	B-weather/attribute
6	?	weather/find	O

# id: test_170
# text EN: is it going to rain tomorrow
# text TAT: Иртәгә яңгыр булырмы?
# intent = weather/find
# slots: 1:6:datetime, 8:12:weather/attribute
1	Иртәгә	weather/find	O
2	яңгыр	weather/find	B-weather/attribute
3	булырмы	weather/find	O
4	?	weather/find	O

# id: test_171
# text EN: Remind me to reply to work emails tonight
# text TAT: Бүген кич эш хатларына җавап бирергә исемә төшер
# intent = AddToPlaylist
# slots: 1:9:datetime, 11:36:reminder/todo
1	Бүген	reminder/set_reminder	B-datetime
2	кич	reminder/set_reminder	B-datetime
3	эш	reminder/set_reminder	O
4	хатларына	reminder/set_reminder	O
5	җавап	reminder/set_reminder	O
6	бирергә	reminder/set_reminder	O
7	исемә	reminder/set_reminder	O
8	төшер	reminder/set_reminder	O

# id: test_172
# text EN: Delete alarms
# text TAT: Будильникларны бетер
# intent = weather/find
# slots: 
1	Будильникларны	alarm/cancel_alarm	O
2	бетер	alarm/cancel_alarm	B-weather/attribute

# id: test_173
# text EN: Cancel my alarms
# text TAT: Минем будильникларны бетер
# intent = weather/find
# slots: 1:5:reference
1	Минем	alarm/cancel_alarm	B-datetime
2	будильникларны	alarm/cancel_alarm	O
3	бетер	alarm/cancel_alarm	B-weather/attribute

# id: test_174
# text EN: Can I wear shorts today?
# text TAT: Мин бүген шортыны кия аламмы?
# intent = weather/find
# slots: 5:9:datetime, 11:17:weather/attribute
1	Мин	weather/find	O
2	бүген	weather/find	B-weather/attribute
3	шортыны	weather/find	B-location
4	кия	weather/find	B-location
5	аламмы	weather/find	B-location
6	?	weather/find	O

# id: test_175
# text EN: Will it rain tomorrow?
# text TAT: Иртәгә яңгыр булырмы?
# intent = weather/find
# slots: 1:6:datetime, 8:12:weather/attribute
1	Иртәгә	weather/find	O
2	яңгыр	weather/find	B-weather/attribute
3	булырмы	weather/find	O
4	?	weather/find	O

# id: test_176
# text EN: Set alarm for 10 am
# text TAT: Будильникны иртәнге 10 куй
# intent = BookRestaurant
# slots: 13:22:datetime
1	Будильникны	alarm/set_alarm	O
2	иртәнге	alarm/set_alarm	B-datetime
3	10	alarm/set_alarm	B-datetime
4	куй	alarm/set_alarm	I-artist

# id: test_177
# text EN: Is it going to rain this week?
# text TAT: бу атнада яңгыр булырмы
# intent = AddToPlaylist
# slots: 1:9:datetime, 11:15:weather/attribute
1	бу	weather/find	O
2	атнада	weather/find	O
3	яңгыр	weather/find	B-weather/attribute
4	булырмы	weather/find	I-artist

# id: test_178
# text EN: show all reminders
# text TAT: бөтен хәтерләтүләрне күрсәт
# intent = AddToPlaylist
# slots: 1:5:reference
1	бөтен	reminder/show_reminders	O
2	хәтерләтүләрне	reminder/show_reminders	O
3	күрсәт	reminder/show_reminders	O

# id: test_179
# text EN: cancel alarms
# text TAT: будильникларны бетер
# intent = weather/find
# slots: 
1	будильникларны	alarm/cancel_alarm	O
2	бетер	alarm/cancel_alarm	B-weather/attribute

# id: test_180
# text EN: turn off all alarms
# text TAT: бөтен будильникларны сүндер
# intent = AddToPlaylist
# slots: 1:5:reference
1	бөтен	alarm/cancel_alarm	B-location
2	будильникларны	alarm/cancel_alarm	O
3	сүндер	alarm/cancel_alarm	O

# id: test_181
# text EN: show all alarms preset
# text TAT: бөтен будильник настройкаларын күрсәт
# intent = weather/find
# slots: 1:5:reference
1	бөтен	alarm/show_alarms	O
2	будильник	alarm/show_alarms	B-datetime
3	настройкаларын	alarm/show_alarms	O
4	күрсәт	alarm/show_alarms	O
5	.	alarm/show_alarms	O

# id: test_182
# text EN: Set alarm every minute for 20 minutes.
# text TAT: Будильникны егерме минут саен куй
# intent = weather/find
# slots: 13:29:recurring_datetime
1	Будильникны	alarm/set_alarm	O
2	егерме	alarm/set_alarm	I-datetime
3	минут	alarm/set_alarm	I-datetime
4	саен	alarm/set_alarm	I-datetime
5	куй	alarm/set_alarm	I-datetime

# id: test_183
# text EN: What are my reminders?
# text TAT: Минем нинди искә төшерүләрем бар?
# intent = SearchScreeningEvent
# slots: 1:5:reference
1	Минем	reminder/show_reminders	O
2	нинди	reminder/show_reminders	O
3	искә	reminder/show_reminders	O
4	төшерүләрем	reminder/show_reminders	O
5	бар	reminder/show_reminders	O
6	?	reminder/show_reminders	O

# id: test_184
# text EN: cancel alarm for tomorrow
# text TAT: иртәгегә будильникны бетер
# intent = weather/find
# slots: 1:8:datetime
1	иртәгегә	alarm/cancel_alarm	O
2	будильникны	alarm/cancel_alarm	O
3	бетер	alarm/cancel_alarm	O

# id: test_185
# text EN: Do I need an umbrella today?
# text TAT: бүген миңа зонтик кирәкме?
# intent = weather/find
# slots: 1:5:datetime, 12:17:weather/attribute
1	бүген	weather/find	B-datetime
2	миңа	weather/find	B-datetime
3	зонтик	weather/find	B-weather/attribute
4	кирәкме	weather/find	O
5	?	weather/find	O

# id: test_186
# text EN: is it supposed to snow today?
# text TAT: бүген кар булырмы?
# intent = weather/find
# slots: 1:5:datetime, 7:9:weather/attribute
1	бүген	weather/find	B-datetime
2	кар	weather/find	B-weather/attribute
3	булырмы	weather/find	B-weather/attribute
4	?	weather/find	O

# id: test_187
# text EN: Remind me to call my mom tonight
# text TAT: Бүген кич минем әнигә шалтыратырга искә төшер
# intent = alarm/snooze_alarm
# slots: 1:9:datetime, 11:34:reminder/todo
1	Бүген	reminder/set_reminder	B-datetime
2	кич	reminder/set_reminder	B-datetime
3	минем	reminder/set_reminder	B-datetime
4	әнигә	reminder/set_reminder	O
5	шалтыратырга	reminder/set_reminder	O
6	искә	reminder/set_reminder	O
7	төшер	reminder/set_reminder	O

# id: test_188
# text EN: will it rain today?
# text TAT: Бүген яңгыр булырмы?
# intent = weather/find
# slots: 1:5:datetime, 7:11:weather/attribute
1	Бүген	weather/find	B-datetime
2	яңгыр	weather/find	B-weather/attribute
3	булырмы	weather/find	B-weather/attribute
4	?	weather/find	O

# id: test_189
# text EN: Is it going to rain Saturday?
# text TAT: Шимбә көнне яңгыр булырмы?
# intent = weather/find
# slots: 1:5:datetime, 13:17:weather/attribute
1	Шимбә	weather/find	B-location
2	көнне	weather/find	B-datetime
3	яңгыр	weather/find	B-weather/attribute
4	булырмы	weather/find	O
5	?	weather/find	O

# id: test_190
# text EN: Will you set the alarm every minute for 20 minutes?
# text TAT: Будильникны һәр минут саен 20 минутка куясынмы?
# intent = weather/find
# slots: 13:37:recurring_datetime
1	Будильникны	alarm/set_alarm	O
2	һәр	alarm/set_alarm	B-datetime
3	минут	alarm/set_alarm	I-datetime
4	саен	alarm/set_alarm	I-datetime
5	20	alarm/set_alarm	B-datetime
6	минутка	alarm/set_alarm	I-datetime
7	куясынмы	alarm/set_alarm	B-datetime
8	?	alarm/set_alarm	O

# id: test_191
# text EN: Tropical storms in caribbean
# text TAT: Кариб бассейнында тропик давыллар
# intent = weather/find
# slots: 1:5:location, 19:33:weather/attribute
1	Кариб	weather/find	B-location
2	бассейнында	weather/find	O
3	тропик	weather/find	O
4	давыллар	weather/find	B-weather/attribute

# id: test_192
# text EN: cancel all alarms
# text TAT: барлык будильникларны бетер
# intent = BookRestaurant
# slots: 1:6:reference
1	барлык	alarm/cancel_alarm	O
2	будильникларны	alarm/cancel_alarm	O
3	бетер	alarm/cancel_alarm	O

# id: test_193
# text EN: Set alarm for every nine minutes.
# text TAT: Будильникны тугыз минут саен куй
# intent = weather/find
# slots: 13:28:recurring_datetime
1	Будильникны	alarm/set_alarm	O
2	тугыз	alarm/set_alarm	B-datetime
3	минут	alarm/set_alarm	I-datetime
4	саен	alarm/set_alarm	B-datetime
5	куй	alarm/set_alarm	B-datetime

# id: test_194
# text EN: Delete the last two reminders on my list
# text TAT: Минем исемлектән соңгы ике хәтерләтүне бетер
# intent = AddToPlaylist
# slots: 18:26:reference
1	Минем	reminder/cancel_reminder	B-location
2	исемлектән	reminder/cancel_reminder	O
3	соңгы	reminder/cancel_reminder	B-datetime
4	ике	reminder/cancel_reminder	O
5	хәтерләтүне	reminder/cancel_reminder	O
6	бетер	reminder/cancel_reminder	O

# id: test_195
# text EN: how's the weather today
# text TAT: бүген һава торышы нинди
# intent = weather/find
# slots: 1:5:datetime
1	бүген	weather/find	B-datetime
2	һава	weather/find	O
3	торышы	weather/find	O
4	нинди	weather/find	B-location

# id: test_196
# text EN: turn on my alarm
# text TAT: минем будильнигымны кабыз
# intent = weather/find
# slots: 1:5:reference
1	минем	alarm/set_alarm	B-datetime
2	будильнигымны	alarm/set_alarm	O
3	кабыз	alarm/set_alarm	B-datetime

# id: test_197
# text EN: What is the humidity today?
# text TAT: Бүген һаваның дымлылыгы нинди?
# intent = weather/find
# slots: 1:5:datetime, 7:23:weather/attribute
1	Бүген	weather/find	B-datetime
2	һаваның	weather/find	O
3	дымлылыгы	weather/find	B-weather/attribute
4	нинди	weather/find	O
5	?	weather/find	O

# id: test_198
# text EN: remind me to set an alarm for ups
# text TAT: миңа торыр өчен будильникны куерга исемә төшер
# intent = AddToPlaylist
# slots: 1:34:reminder/todo
1	миңа	reminder/set_reminder	O
2	торыр	reminder/set_reminder	B-datetime
3	өчен	reminder/set_reminder	O
4	будильникны	reminder/set_reminder	O
5	куерга	reminder/set_reminder	O
6	исемә	reminder/set_reminder	O
7	төшер	reminder/set_reminder	O

# id: test_199
# text EN: Will it snow this weekend?
# text TAT: Бу ял көннәрендә кар явырмы?
# intent = weather/find
# slots: 1:16:datetime, 18:20:weather/attribute
1	Бу	weather/find	O
2	ял	weather/find	B-location
3	көннәрендә	weather/find	O
4	кар	weather/find	B-weather/attribute
5	явырмы	weather/find	B-weather/attribute
6	?	weather/find	O

# id: test_200
# text EN: How hot will it get today?
# text TAT: Бүген никадәр эссе булачак?
# intent = SearchCreativeWork
# slots: 1:5:datetime, 15:18:weather/attribute
1	Бүген	weather/find	B-datetime
2	никадәр	weather/find	B-datetime
3	эссе	weather/find	O
4	булачак	weather/find	O
5	?	weather/find	O

# id: test_201
# text EN: What time is my alarm set for
# text TAT: Минем будильнигым нинди вакытка куелган
# intent = weather/find
# slots: 1:5:reference
1	Минем	alarm/show_alarms	B-datetime
2	будильнигым	alarm/show_alarms	B-datetime
3	нинди	alarm/show_alarms	B-datetime
4	вакытка	alarm/show_alarms	O
5	куелган	alarm/show_alarms	B-datetime

# id: test_202
# text EN: What's the weather like today?
# text TAT: Бүген һава торышы нинди?
# intent = weather/find
# slots: 1:5:datetime
1	Бүген	weather/find	B-datetime
2	һава	weather/find	O
3	торышы	weather/find	O
4	нинди	weather/find	O
5	?	weather/find	O

# id: test_203
# text EN: Will it rain tomorrow?
# text TAT: Иртәгә яңгыр явармы?
# intent = weather/find
# slots: 1:6:datetime, 8:12:weather/attribute
1	Иртәгә	weather/find	O
2	яңгыр	weather/find	B-weather/attribute
3	явармы	weather/find	B-weather/attribute
4	?	weather/find	O

# id: test_204
# text EN: Cancel my alarm for 5:15am on Tuesday
# text TAT: Сишәмбе көнне иртәнге 5:15 минем будильнигымны бетер
# intent = alarm/set_alarm
# slots: 1:26:datetime, 28:32:reference
1	Сишәмбе	alarm/cancel_alarm	I-datetime
2	көнне	alarm/cancel_alarm	I-datetime
3	иртәнге	alarm/cancel_alarm	I-datetime
4	5:15	alarm/cancel_alarm	I-datetime
5	минем	alarm/cancel_alarm	I-datetime
6	будильнигымны	alarm/cancel_alarm	O
7	бетер	alarm/cancel_alarm	O

# id: test_205
# text EN: cancel reminder for tonight's game
# text TAT: бүгенге уен турында искәртүне бетер
# intent = AddToPlaylist
# slots: 1:7:datetime, 9:11:reminder/todo
1	бүгенге	reminder/cancel_reminder	B-datetime
2	уен	reminder/cancel_reminder	B-datetime
3	турында	reminder/cancel_reminder	O
4	искәртүне	reminder/cancel_reminder	O
5	бетер	reminder/cancel_reminder	O

# id: test_206
# text EN: set alarm for 3am
# text TAT: будильникны иртәнге көндезге 3-ке куй
# intent = weather/find
# slots: 21:33:datetime
1	будильникны	alarm/set_alarm	O
2	иртәнге	alarm/set_alarm	B-datetime
3	көндезге	alarm/set_alarm	I-datetime
4	3-ке	alarm/set_alarm	I-datetime
5	куй	alarm/set_alarm	B-datetime

# id: test_207
# text EN: cancel all alarms for saturday
# text TAT: шимбә көнне бөтен будильникларны бетер
# intent = weather/find
# slots: 1:11:datetime, 13:17:reference
1	шимбә	alarm/cancel_alarm	I-datetime
2	көнне	alarm/cancel_alarm	I-datetime
3	бөтен	alarm/cancel_alarm	O
4	будильникларны	alarm/cancel_alarm	O
5	бетер	alarm/cancel_alarm	O

# id: test_208
# text EN: i need a reminder to pick Lisa up
# text TAT: Миңа Лизаны алу турында искәртү кирәк
# intent = weather/find
# slots: 6:15:reminder/todo
1	Миңа	reminder/set_reminder	B-location
2	Лизаны	reminder/set_reminder	O
3	алу	reminder/set_reminder	I-object_name
4	турында	reminder/set_reminder	O
5	искәртү	reminder/set_reminder	O
6	кирәк	reminder/set_reminder	O

# id: test_209
# text EN: What is the high today?
# text TAT: Бүген нинди югары температура?
# intent = weather/find
# slots: 1:5:datetime, 13:17:weather/attribute
1	Бүген	weather/find	B-datetime
2	нинди	weather/find	B-datetime
3	югары	weather/find	B-weather/attribute
4	температура	weather/find	B-weather/attribute
5	?	weather/find	O

# id: test_210
# text EN: Is it going to be cloudy today in Grindstone?
# text TAT: Бүген Гринстоунда болытлы булырмы?
# intent = weather/find
# slots: 1:5:datetime, 7:17:location, 19:25:weather/attribute
1	Бүген	weather/find	B-location
2	Гринстоунда	weather/find	B-location
3	болытлы	weather/find	B-weather/attribute
4	булырмы	weather/find	B-weather/attribute
5	?	weather/find	O

# id: test_211
# text EN: Remind me later
# text TAT: Соңрак искә төшер
# intent = weather/find
# slots: 1:6:datetime
1	Соңрак	reminder/set_reminder	B-datetime
2	искә	reminder/set_reminder	O
3	төшер	reminder/set_reminder	O

# id: test_212
# text EN: what is the weather in france today
# text TAT: бүген франциядә нинди һава торышы
# intent = weather/find
# slots: 1:5:datetime, 7:15:location
1	бүген	weather/find	B-datetime
2	франциядә	weather/find	O
3	нинди	weather/find	O
4	һава	weather/find	O
5	торышы	weather/find	O

# id: test_213
# text EN: Will it be sunny for the party on Saturday?
# text TAT: Шимбә кичәсендә кояшлы булырмы?
# intent = weather/find
# slots: 1:5:datetime, 17:22:weather/attribute
1	Шимбә	weather/find	B-location
2	кичәсендә	weather/find	O
3	кояшлы	weather/find	B-weather/attribute
4	булырмы	weather/find	O
5	?	weather/find	O

# id: test_214
# text EN: Is it going to rain tomorrow?
# text TAT: Иртәгә яңгыр явармы?
# intent = weather/find
# slots: 1:6:datetime, 8:12:weather/attribute
1	Иртәгә	weather/find	O
2	яңгыр	weather/find	B-weather/attribute
3	явармы	weather/find	B-weather/attribute
4	?	weather/find	O

# id: test_215
# text EN: Can I wear shorts today?
# text TAT: Мин бүген шортыны кия аламмы?
# intent = weather/find
# slots: 5:9:datetime, 11:17:weather/attribute
1	Мин	weather/find	O
2	бүген	weather/find	B-weather/attribute
3	шортыны	weather/find	B-location
4	кия	weather/find	B-location
5	аламмы	weather/find	B-location
6	?	weather/find	O

# id: test_216
# text EN: Show my reminder
# text TAT: Минем искәртүемне күрсәт
# intent = weather/find
# slots: 1:5:reference
1	Минем	reminder/show_reminders	B-datetime
2	искәртүемне	reminder/show_reminders	O
3	күрсәт	reminder/show_reminders	O

# id: test_217
# text EN: what is the average forecast for september
# text TAT: Сентябрьдә уртача һава торышы нинди
# intent = weather/find
# slots: 1:10:datetime
1	Сентябрьдә	weather/find	O
2	уртача	weather/find	O
3	һава	weather/find	O
4	торышы	weather/find	O
5	нинди	weather/find	O

# id: test_218
# text EN: Is it cold today?
# text TAT: Бүген салкынмы?
# intent = weather/find
# slots: 1:5:datetime, 7:15:weather/attribute
1	Бүген	weather/find	B-datetime
2	салкынмы	weather/find	B-weather/attribute
3	?	weather/find	O

# id: test_219
# text EN: Cancel all reminders
# text TAT: Бөтен искәртүләремне бетер
# intent = alarm/cancel_alarm
# slots: 1:5:reference
1	Бөтен	reminder/cancel_reminder	O
2	искәртүләремне	reminder/cancel_reminder	O
3	бетер	reminder/cancel_reminder	O

# id: test_220
# text EN: is it hot?
# text TAT: монда эссеме?
# intent = weather/find
# slots: 7:13:weather/attribute
1	монда	weather/find	B-location
2	эссеме	weather/find	B-weather/attribute
3	?	weather/find	O

# id: test_221
# text EN: Make alarm for weekends at 2pm
# text TAT: Ял көннәрендә көндезге 2 будильнигымны куй
# intent = alarm/set_alarm
# slots: 1:24:recurring_datetime
1	Ял	alarm/set_alarm	B-datetime
2	көннәрендә	alarm/set_alarm	O
3	көндезге	alarm/set_alarm	O
4	2	alarm/set_alarm	O
5	будильнигымны	alarm/set_alarm	O
6	куй	alarm/set_alarm	O

# id: test_222
# text EN: Set alarm for 2 am
# text TAT: Будильникны иртәнге 2 куй
# intent = BookRestaurant
# slots: 13:21:datetime
1	Будильникны	alarm/set_alarm	O
2	иртәнге	alarm/set_alarm	O
3	2	alarm/set_alarm	B-datetime
4	куй	alarm/set_alarm	I-artist

# id: test_223
# text EN: What is the humidity today?
# text TAT: Бүген һаваның дымлылыгы нинди?
# intent = weather/find
# slots: 1:5:datetime, 7:23:weather/attribute
1	Бүген	weather/find	B-datetime
2	һаваның	weather/find	O
3	дымлылыгы	weather/find	B-weather/attribute
4	нинди	weather/find	O
5	?	weather/find	O

# id: test_224
# text EN: show all my alarms
# text TAT: минем бөтен будильникларымны күрсәт
# intent = AddToPlaylist
# slots: 1:11:reference
1	минем	alarm/show_alarms	O
2	бөтен	alarm/show_alarms	B-location
3	будильникларымны	alarm/show_alarms	O
4	күрсәт	alarm/show_alarms	O

# id: test_225
# text EN: Show me all my reminders
# text TAT: Минем бөтен искәртүләремне күрсәт
# intent = weather/find
# slots: 1:11:reference
1	Минем	reminder/show_reminders	O
2	бөтен	reminder/show_reminders	O
3	искәртүләремне	reminder/show_reminders	O
4	күрсәт	reminder/show_reminders	O

# id: test_226
# text EN: cancel all alarms
# text TAT: бөтен будильникларымны бетер
# intent = AddToPlaylist
# slots: 1:5:reference
1	бөтен	alarm/cancel_alarm	B-location
2	будильникларымны	alarm/cancel_alarm	O
3	бетер	alarm/cancel_alarm	O

# id: test_227
# text EN: Is there a storm headed for my area?
# text TAT: Давыл минем районыма якынлашамы?
# intent = weather/find
# slots: 1:5:weather/attribute, 7:20:location
1	Давыл	weather/find	B-location
2	минем	weather/find	B-datetime
3	районыма	weather/find	I-location
4	якынлашамы	weather/find	O
5	?	weather/find	O

# id: test_228
# text EN: what's the weather today
# text TAT: бүген һава торышы нинди
# intent = weather/find
# slots: 1:5:datetime
1	бүген	weather/find	B-datetime
2	һава	weather/find	O
3	торышы	weather/find	O
4	нинди	weather/find	B-location

# id: test_229
# text EN: delete last reminder
# text TAT: соңгы искәртүемне бетер
# intent = alarm/cancel_alarm
# slots: 1:5:reference
1	соңгы	reminder/cancel_reminder	B-datetime
2	искәртүемне	reminder/cancel_reminder	O
3	бетер	reminder/cancel_reminder	O

# id: test_230
# text EN: What time is left on the alarm.
# text TAT: Будильникка күпме вакыт калды.
# intent = weather/find
# slots: 
1	Будильникка	alarm/time_left_on_alarm	O
2	күпме	alarm/time_left_on_alarm	B-datetime
3	вакыт	alarm/time_left_on_alarm	O
4	калды	alarm/time_left_on_alarm	O
5	.	alarm/time_left_on_alarm	O

# id: test_231
# text EN: Cancel all my alarms for Sunday.
# text TAT: Якшәмбе көнне минем бөтен будильникларымны бетер.
# intent = alarm/set_alarm
# slots: 1:13:datetime, 15:25:reference
1	Якшәмбе	alarm/cancel_alarm	I-datetime
2	көнне	alarm/cancel_alarm	I-datetime
3	минем	alarm/cancel_alarm	B-datetime
4	бөтен	alarm/cancel_alarm	O
5	будильникларымны	alarm/cancel_alarm	O
6	бетер	alarm/cancel_alarm	O
7	.	alarm/cancel_alarm	O

# id: test_232
# text EN: How hot will it get today?
# text TAT: Бүген нихәтле эссе булачак?
# intent = SearchCreativeWork
# slots: 1:5:datetime, 15:18:weather/attribute
1	Бүген	weather/find	B-datetime
2	нихәтле	weather/find	O
3	эссе	weather/find	O
4	булачак	weather/find	O
5	?	weather/find	O

# id: test_233
# text EN: I'd like you to create a new alarm for 8:45 tomorrow morning
# text TAT: Мин сине иртәгә иртәнге 8:45 яңа будильникны куерга теләр идем
# intent = alarm/set_alarm
# slots: 10:28:datetime
1	Мин	alarm/set_alarm	O
2	сине	alarm/set_alarm	B-datetime
3	иртәгә	alarm/set_alarm	I-datetime
4	иртәнге	alarm/set_alarm	I-datetime
5	8:45	alarm/set_alarm	I-datetime
6	яңа	alarm/set_alarm	I-reminder/todo
7	будильникны	alarm/set_alarm	O
8	куерга	alarm/set_alarm	O
9	теләр	alarm/set_alarm	O
10	идем	alarm/set_alarm	O

# id: test_234
# text EN: cancel all alarms
# text TAT: бөтен будильникларны бетер
# intent = BookRestaurant
# slots: 1:5:reference
1	бөтен	alarm/cancel_alarm	B-location
2	будильникларны	alarm/cancel_alarm	O
3	бетер	alarm/cancel_alarm	O

# id: test_235
# text EN: Is it going to snow today?
# text TAT: Бүген кар явармы?
# intent = weather/find
# slots: 1:5:datetime, 7:9:weather/attribute
1	Бүген	weather/find	B-datetime
2	кар	weather/find	B-weather/attribute
3	явармы	weather/find	B-weather/attribute
4	?	weather/find	O

# id: test_236
# text EN: remind me to buy ice
# text TAT: миңа бозны алырга искә төшер
# intent = weather/find
# slots: 6:17:reminder/todo
1	миңа	reminder/set_reminder	O
2	бозны	reminder/set_reminder	O
3	алырга	reminder/set_reminder	O
4	искә	reminder/set_reminder	O
5	төшер	reminder/set_reminder	O

# id: test_237
# text EN: show all reminders
# text TAT: бөтен искәртүләремне күрсәт
# intent = AddToPlaylist
# slots: 1:5:reference
1	бөтен	reminder/show_reminders	O
2	искәртүләремне	reminder/show_reminders	O
3	күрсәт	reminder/show_reminders	O

# id: test_238
# text EN: show all alarms
# text TAT: бөтен будильникларымны күрсәт
# intent = AddToPlaylist
# slots: 1:5:reference
1	бөтен	alarm/show_alarms	O
2	будильникларымны	alarm/show_alarms	O
3	күрсәт	alarm/show_alarms	O

# id: test_239
# text EN: What's the weather in San Francisco?
# text TAT: Сан-Францискода һава торышы нинди?
# intent = weather/find
# slots: 1:27:location
1	Сан	weather/find	B-location
2	-	weather/find	I-location
3	Францискода	weather/find	O
4	һава	weather/find	B-weather/attribute
5	торышы	weather/find	O
6	нинди	weather/find	B-weather/attribute
7	?	weather/find	O

# id: test_240
# text EN: Cancel all reminders
# text TAT: Бөтен искәртүләремне бетер
# intent = alarm/cancel_alarm
# slots: 1:5:reference
1	Бөтен	reminder/cancel_reminder	O
2	искәртүләремне	reminder/cancel_reminder	O
3	бетер	reminder/cancel_reminder	O

# id: test_241
# text EN: Cancel reminder for concert
# text TAT: Концерт турында искәртүне бетер
# intent = AddToPlaylist
# slots: 1:7:reminder/todo
1	Концерт	reminder/cancel_reminder	O
2	турында	reminder/cancel_reminder	O
3	искәртүне	reminder/cancel_reminder	O
4	бетер	reminder/cancel_reminder	O

# id: test_242
# text EN: Cancel the alarm for tomorrow morning
# text TAT: Иртәгә иртәнге будильникны бетер
# intent = alarm/set_alarm
# slots: 1:14:datetime
1	Иртәгә	alarm/cancel_alarm	O
2	иртәнге	alarm/cancel_alarm	B-datetime
3	будильникны	alarm/cancel_alarm	O
4	бетер	alarm/cancel_alarm	O

# id: test_243
# text EN: will it rain this week
# text TAT: бу атнада яңгыр явармы
# intent = weather/find
# slots: 1:9:datetime, 11:15:weather/attribute
1	бу	weather/find	O
2	атнада	weather/find	O
3	яңгыр	weather/find	I-weather/attribute
4	явармы	weather/find	I-artist

# id: test_244
# text EN: What is the weather like on Wednesday for golfing?
# text TAT: Гольф уйнау өчен чәршәмбе көнне һава торышы нинди?
# intent = weather/find
# slots: 18:31:datetime
1	Гольф	weather/find	B-weather/attribute
2	уйнау	weather/find	O
3	өчен	weather/find	O
4	чәршәмбе	weather/find	B-datetime
5	көнне	weather/find	I-datetime
6	һава	weather/find	O
7	торышы	weather/find	O
8	нинди	weather/find	O
9	?	weather/find	O

# id: test_245
# text EN: show all alarms
# text TAT: бөтен будильникларымны күрсәт
# intent = AddToPlaylist
# slots: 1:5:reference
1	бөтен	alarm/show_alarms	O
2	будильникларымны	alarm/show_alarms	O
3	күрсәт	alarm/show_alarms	O

# id: test_246
# text EN: turn off all alarms for tomorrow
# text TAT: бөтен иртәгә будильникларны сүндер
# intent = AddToPlaylist
# slots: 1:5:reference, 7:12:datetime
1	бөтен	alarm/cancel_alarm	O
2	иртәгә	alarm/cancel_alarm	O
3	будильникларны	alarm/cancel_alarm	O
4	сүндер	alarm/cancel_alarm	O

# id: test_247
# text EN: Set alarm for 5pm tonight
# text TAT: Будильнигымны бүген кичке 5 куй
# intent = BookRestaurant
# slots: 15:27:datetime
1	Будильнигымны	alarm/set_alarm	O
2	бүген	alarm/set_alarm	B-datetime
3	кичке	alarm/set_alarm	O
4	5	alarm/set_alarm	B-datetime
5	куй	alarm/set_alarm	B-datetime

# id: test_248
# text EN: set alarm for 7 tomorrow
# text TAT: будильнигымны иртәге 7-гә куй
# intent = weather/find
# slots: 15:25:datetime
1	будильнигымны	alarm/set_alarm	O
2	иртәге	alarm/set_alarm	I-datetime
3	7-гә	alarm/set_alarm	I-datetime
4	куй	alarm/set_alarm	I-datetime

# id: test_249
# text EN: Will it be sunny tomorrow?
# text TAT: Иртәгә кояшлы булырмы?
# intent = weather/find
# slots: 1:6:datetime, 8:13:weather/attribute
1	Иртәгә	weather/find	O
2	кояшлы	weather/find	B-weather/attribute
3	булырмы	weather/find	O
4	?	weather/find	O

# id: test_250
# text EN: how hot will it be today
# text TAT: бүген нинди эссе булыр
# intent = weather/find
# slots: 1:5:datetime, 13:16:weather/attribute
1	бүген	weather/find	B-datetime
2	нинди	weather/find	O
3	эссе	weather/find	O
4	булыр	weather/find	B-datetime

# id: test_251
# text EN: Give zero stars to Halo: Ghosts of Onyx
# text TAT: Бир ноль йолдызлар Halo: Ghosts of Onyx
# intent = AddToPlaylist
# slots: 5:8:rating_value, 10:18:rating_unit, 20:39:object_name
1	Бир	RateBook	B-datetime
2	ноль	RateBook	O
3	йолдызлар	RateBook	O
4	Halo:	RateBook	I-object_name
5	Ghosts	RateBook	I-object_name
6	of	RateBook	I-object_name
7	Onyx	RateBook	I-object_name

# id: test_252
# text EN: Play music by Joy Nilo .
# text TAT: Джой Нило музыкасын кабыз .
# intent = PlayMusic
# slots: 1:9:artist
1	Джой	PlayMusic	B-artist
2	Нило	PlayMusic	I-artist
3	музыкасын	PlayMusic	O
4	кабыз	PlayMusic	I-artist
5	.	PlayMusic	O

# id: test_253
# text EN: Please find me the video game titled 20 Hours in America .
# text TAT: Зинһар, миңа 20 Hours in America дип аталган видеоуен таб .
# intent = SearchCreativeWork
# slots: 17:36:object_name, 55:57:object_type
1	Зинһар	SearchCreativeWork	I-artist
2	,	SearchCreativeWork	O
3	миңа	SearchCreativeWork	O
4	20	SearchCreativeWork	I-movie_name
5	Hours	SearchCreativeWork	I-object_name
6	in	SearchCreativeWork	I-object_name
7	America	SearchCreativeWork	I-object_name
8	дип	SearchCreativeWork	O
9	аталган	SearchCreativeWork	O
10	видеоуен	SearchCreativeWork	B-datetime
11	таб	SearchCreativeWork	B-datetime
12	.	SearchCreativeWork	O

# id: test_254
# text EN: Play my inventive playlist
# text TAT: Мин ясаган плейлистымны уйнат
# intent = weather/find
# slots: 5:10:playlist
1	Мин	PlayMusic	B-location
2	ясаган	PlayMusic	B-location
3	плейлистымны	PlayMusic	B-weather/attribute
4	уйнат	PlayMusic	O

# id: test_255
# text EN: Book spot for 9 at Thurmont
# text TAT: Термонтта 9 кешегә урын броньла
# intent = alarm/set_alarm
# slots: 1:9:location, 11:18:party_size_number
1	Термонтта	BookRestaurant	O
2	9	BookRestaurant	B-datetime
3	кешегә	BookRestaurant	O
4	урын	BookRestaurant	O
5	броньла	BookRestaurant	O

# id: test_256
# text EN: Add this tune to dorthy's 80's party playlist
# text TAT: Бу көйне Доротиның 80's party плейлистына өстә
# intent = AddToPlaylist
# slots: 4:8:music_item, 10:18:reference, 20:29:playlist
1	Бу	AddToPlaylist	O
2	көйне	AddToPlaylist	O
3	Доротиның	AddToPlaylist	I-playlist
4	80's	AddToPlaylist	I-playlist
5	party	AddToPlaylist	I-playlist
6	плейлистына	AddToPlaylist	O
7	өстә	AddToPlaylist	O

# id: test_257
# text EN: Play the newest melody on Last Fm by Eddie Vinson .
# text TAT: Last FM-да Эдди Винсонның иң яңа көйен кабыз .
# intent = PlayMusic
# slots: 1:10:service, 12:25:artist, 27:32:sort, 34:38:music_item
1	Last	PlayMusic	B-datetime
2	FM-да	PlayMusic	O
3	Эдди	PlayMusic	B-artist
4	Винсонның	PlayMusic	O
5	иң	PlayMusic	O
6	яңа	PlayMusic	O
7	көйен	PlayMusic	O
8	кабыз	PlayMusic	B-weather/attribute
9	.	PlayMusic	O

# id: test_258
# text EN: Check the forecast for Nebraska .
# text TAT: Небрасканың һава торышын тикшер .
# intent = weather/find
# slots: 1:11:location
1	Небрасканың	weather/find	O
2	һава	weather/find	O
3	торышын	weather/find	O
4	тикшер	weather/find	B-weather/attribute
5	.	weather/find	O

# id: test_259
# text EN: Is there a storm now in NC ?
# text TAT: NC-да хәзер буран бармы ?
# intent = weather/find
# slots: 1:5:location, 7:11:datetime, 13:17:condition_description
1	NC-да	weather/find	O
2	хәзер	weather/find	B-datetime
3	буран	weather/find	B-weather/attribute
4	бармы	weather/find	O
5	?	weather/find	O

# id: test_260
# text EN: I want to listen to an ep from 1998 .
# text TAT: Мин 1998 елгы минионны тыңларга телим .
# intent = weather/find
# slots: 5:8:datetime, 15:22:music_item
1	Мин	PlayMusic	B-location
2	1998	PlayMusic	B-datetime
3	елгы	PlayMusic	O
4	минионны	PlayMusic	O
5	тыңларга	PlayMusic	O
6	телим	PlayMusic	B-datetime
7	.	PlayMusic	O

# id: test_261
# text EN: I need times for A Yiddish World Remembered at Dipson Theatres
# text TAT: Миңа Дипсон театрларында A Yiddish World Remembered өчен вакыт кирәк
# intent = SearchScreeningEvent
# slots: 6:24:location, 26:51:movie_name, 58:62:object_type
1	Миңа	SearchScreeningEvent	B-location
2	Дипсон	SearchScreeningEvent	B-location
3	театрларында	SearchScreeningEvent	O
4	A	SearchScreeningEvent	B-movie_name
5	Yiddish	SearchScreeningEvent	I-movie_name
6	World	SearchScreeningEvent	I-movie_name
7	Remembered	SearchScreeningEvent	I-movie_name
8	өчен	SearchScreeningEvent	O
9	вакыт	SearchScreeningEvent	O
10	кирәк	SearchScreeningEvent	O

# id: test_262
# text EN: Give 1 out of 6 rating to the current textbook
# text TAT: Хәзерге дәреслеккә 6-дан 1 балл бир
# intent = RateBook
# slots: 1:7:object_select, 9:18:object_type, 20:24:best_rating, 26:26:rating_value
1	Хәзерге	RateBook	B-datetime
2	дәреслеккә	RateBook	O
3	6-дан	RateBook	O
4	1	RateBook	B-rating_value
5	балл	RateBook	O
6	бир	RateBook	O

# id: test_263
# text EN: Add the Matt Murphy tune to the Flow Español playlist.
# text TAT: Мэтт Мерфиның көйен Flow Español плейлистына өстә.
# intent = AddToPlaylist
# slots: 1:13:artist, 15:19:music_item, 21:32:playlist
1	Мэтт	AddToPlaylist	B-artist
2	Мерфиның	AddToPlaylist	O
3	көйен	AddToPlaylist	O
4	Flow	AddToPlaylist	B-playlist
5	Español	AddToPlaylist	I-playlist
6	плейлистына	AddToPlaylist	O
7	өстә	AddToPlaylist	O
8	.	AddToPlaylist	O

# id: test_264
# text EN: I want to book a sundanese gastropub nearby in Texas for 3 people on 5/20/2025 .
# text TAT: Мин 3 кешегә 20/05/2025 Техас янындагы судан гастропабын броньларга телим .
# intent = BookRestaurant
# slots: 5:5:party_size_number, 14:23:datetime, 25:29:location, 31:38:location, 40:44:cuisine, 46:56:restaurant_type
1	Мин	BookRestaurant	O
2	3	BookRestaurant	B-datetime
3	кешегә	BookRestaurant	O
4	20/05/2025	BookRestaurant	B-datetime
5	Техас	BookRestaurant	I-location
6	янындагы	BookRestaurant	O
7	судан	BookRestaurant	B-location
8	гастропабын	BookRestaurant	I-artist
9	броньларга	BookRestaurant	O
10	телим	BookRestaurant	B-datetime
11	.	BookRestaurant	O

# id: test_265
# text EN: Could you find the TV series The Approach
# text TAT: Син The Approach телесериал таба алмасыңмы
# intent = SearchCreativeWork
# slots: 5:16:object_name, 18:27:object_type
1	Син	SearchCreativeWork	B-object_name
2	The	SearchCreativeWork	B-object_name
3	Approach	SearchCreativeWork	I-object_name
4	телесериал	SearchCreativeWork	B-object_type
5	таба	SearchCreativeWork	O
6	алмасыңмы	SearchCreativeWork	B-datetime

# id: test_266
# text EN: Give this chronicle a 2 rating.
# text TAT: Бу хроникага 2 балл бир.
# intent = RateBook
# slots: 1:2:object_select, 4:12:object_part_of_series_type, 14:14:rating_value
1	Бу	RateBook	B-object_select
2	хроникага	RateBook	O
3	2	RateBook	B-rating_value
4	балл	RateBook	O
5	бир	RateBook	O
6	.	RateBook	O

# id: test_267
# text EN: Give The American Scene 2 of 6 stars
# text TAT: The American Scene-ка 6-дан 2 йолдыз бир
# intent = RateBook
# slots: 1:21:object_name, 23:27:best_rating, 29:29:rating_value, 31:36:rating_unit
1	The	RateBook	O
2	American	RateBook	I-object_name
3	Scene-ка	RateBook	O
4	6-дан	RateBook	O
5	2	RateBook	B-rating_value
6	йолдыз	RateBook	O
7	бир	RateBook	O

# id: test_268
# text EN: Add emilie autumn to my Nação Reggae playlist.
# text TAT: Минем Nação Reggae плейлистына emilie autumn өстә.
# intent = weather/find
# slots: 1:5:reference, 7:18:playlist, 32:44:artist
1	Минем	AddToPlaylist	B-datetime
2	Nação	AddToPlaylist	B-location
3	Reggae	AddToPlaylist	B-location
4	плейлистына	AddToPlaylist	O
5	emilie	AddToPlaylist	B-weather/attribute
6	autumn	AddToPlaylist	B-weather/attribute
7	өстә	AddToPlaylist	O
8	.	AddToPlaylist	O

# id: test_269
# text EN: I want to book a jewish restaurant in Gambia .
# text TAT: Мин Гамбиядәге яһүд ресторанын броньларга телим .
# intent = BookRestaurant
# slots: 5:14:location, 16:19:cuisine, 21:30:restaurant_type
1	Мин	BookRestaurant	B-location
2	Гамбиядәге	BookRestaurant	B-location
3	яһүд	BookRestaurant	B-location
4	ресторанын	BookRestaurant	O
5	броньларга	BookRestaurant	O
6	телим	BookRestaurant	B-datetime
7	.	BookRestaurant	O

# id: test_270
# text EN: book a table at a Fried chicken restaurant
# text TAT: Fried chicken restaurant өстәленә заказ бир
# intent = BookRestaurant
# slots: 1:24:restaurant_name
1	Fried	BookRestaurant	B-restaurant_type
2	chicken	BookRestaurant	B-restaurant_type
3	restaurant	BookRestaurant	B-restaurant_type
4	өстәленә	BookRestaurant	O
5	заказ	BookRestaurant	O
6	бир	BookRestaurant	O

# id: test_271
# text EN: add we have a theme song to my House Afterwork playlist
# text TAT: минем House Afterwork плейлистымна we have a theme song өстә
# intent = AddToPlaylist
# slots: 1:5:reference, 7:21:playlist, 36:55:entity_name
1	минем	AddToPlaylist	O
2	House	AddToPlaylist	B-object_name
3	Afterwork	AddToPlaylist	I-object_name
4	плейлистымна	AddToPlaylist	O
5	we	AddToPlaylist	O
6	have	AddToPlaylist	O
7	a	AddToPlaylist	O
8	theme	AddToPlaylist	B-music_item
9	song	AddToPlaylist	B-music_item
10	өстә	AddToPlaylist	O

# id: test_272
# text EN: What will the weather be not far from here on October the nineteenth, 2026 ?
# text TAT: 2026 елның унтугызынчы октябрендә моннан ерак түгел нинди һава торышы булачак ?
# intent = weather/find
# slots: 1:33:datetime, 35:40:location, 42:51:location
1	2026	weather/find	B-datetime
2	елның	weather/find	I-datetime
3	унтугызынчы	weather/find	I-datetime
4	октябрендә	weather/find	I-datetime
5	моннан	weather/find	O
6	ерак	weather/find	B-weather/attribute
7	түгел	weather/find	O
8	нинди	weather/find	O
9	һава	weather/find	B-weather/attribute
10	торышы	weather/find	O
11	булачак	weather/find	O
12	?	weather/find	O

# id: test_273
# text EN: Weather in Walden Russia on 12/26/2018
# text TAT: Уолденда һава торышы Россия 26/12/2018
# intent = weather/find
# slots: 1:8:location, 22:27:location, 29:38:datetime
1	Уолденда	weather/find	B-datetime
2	һава	weather/find	O
3	торышы	weather/find	O
4	Россия	weather/find	O
5	26/12/2018	weather/find	I-datetime

# id: test_274
# text EN: I want to book a restaurant for my father in law and I in Buckner a year from now .
# text TAT: Мин каенана һәм миңа бер елдан соң Buckner ресторанны броньларга телим .
# intent = BookRestaurant
# slots: 5:20:party_size_description, 22:34:datetime, 36:42:location, 44:53:restaurant_type
1	Мин	BookRestaurant	O
2	каенана	BookRestaurant	O
3	һәм	BookRestaurant	O
4	миңа	BookRestaurant	O
5	бер	BookRestaurant	B-datetime
6	елдан	BookRestaurant	I-datetime
7	соң	BookRestaurant	I-datetime
8	Buckner	BookRestaurant	B-location
9	ресторанны	BookRestaurant	O
10	броньларга	BookRestaurant	O
11	телим	BookRestaurant	B-datetime
12	.	BookRestaurant	O

# id: test_275
# text EN: Rate this book a 1
# text TAT: Бу китапка 1 балл бир
# intent = RateBook
# slots: 1:2:object_select, 4:10:object_type, 12:12:rating_value
1	Бу	RateBook	O
2	китапка	RateBook	O
3	1	RateBook	B-rating_value
4	балл	RateBook	O
5	бир	RateBook	O

# id: test_276
# text EN: add this artist to my spotlight on country 2016 playlist
# text TAT: бу башкаручыны минем spotlight on country 2016 плейлистына өстә
# intent = weather/find
# slots: 4:14:music_item, 16:20:reference, 22:46:playlist
1	бу	AddToPlaylist	O
2	башкаручыны	AddToPlaylist	O
3	минем	AddToPlaylist	B-datetime
4	spotlight	AddToPlaylist	O
5	on	AddToPlaylist	O
6	country	AddToPlaylist	B-location
7	2016	AddToPlaylist	B-datetime
8	плейлистына	AddToPlaylist	O
9	өстә	AddToPlaylist	O

# id: test_277
# text EN: Could you locate the Epic Conditions picture ?
# text TAT: Син Epic Conditions рәсемен таба алмасыңмы ?
# intent = weather/find
# slots: 5:19:object_name, 21:27:object_type
1	Син	SearchCreativeWork	O
2	Epic	SearchCreativeWork	B-location
3	Conditions	SearchCreativeWork	B-weather/attribute
4	рәсемен	SearchCreativeWork	B-datetime
5	таба	SearchCreativeWork	B-location
6	алмасыңмы	SearchCreativeWork	B-datetime
7	?	SearchCreativeWork	O

# id: test_278
# text EN: Play rich sex on Iheart
# text TAT: Iheart-та rich sex уйна
# intent = SearchScreeningEvent
# slots: 1:9:service, 11:18:track
1	Iheart-та	PlayMusic	O
2	rich	PlayMusic	B-playlist
3	sex	PlayMusic	I-playlist
4	уйна	PlayMusic	I-playlist

# id: test_279
# text EN: Is Bartok the Magnificent playing at seven AM ?
# text TAT: Bartok the Magnificent иртәнге җидедә башланачакмы ?
# intent = weather/find
# slots: 1:22:movie_name, 24:37:datetime
1	Bartok	SearchScreeningEvent	I-location
2	the	SearchScreeningEvent	I-location
3	Magnificent	SearchScreeningEvent	I-object_name
4	иртәнге	SearchScreeningEvent	B-location
5	җидедә	SearchScreeningEvent	O
6	башланачакмы	SearchScreeningEvent	O
7	?	SearchScreeningEvent	O

# id: test_280
# text EN: Play something on Zvooq
# text TAT: Zvooq-да берәр нәрсә уйна
# intent = SearchScreeningEvent
# slots: 1:8:service
1	Zvooq-да	PlayMusic	O
2	берәр	PlayMusic	B-datetime
3	нәрсә	PlayMusic	I-datetime
4	уйна	PlayMusic	O

# id: test_281
# text EN: Let me hear Chris Knight music
# text TAT: Миңа Крис Найт музыкасын тыңларга бир
# intent = PlayMusic
# slots: 6:14:artist
1	Миңа	PlayMusic	B-artist
2	Крис	PlayMusic	B-artist
3	Найт	PlayMusic	I-artist
4	музыкасын	PlayMusic	O
5	тыңларга	PlayMusic	O
6	бир	PlayMusic	O

# id: test_282
# text EN: play Jill Sobule album
# text TAT: Джилл Собул альбомын кабыз
# intent = PlayMusic
# slots: 1:11:album, 13:20:music_item
1	Джилл	PlayMusic	B-artist
2	Собул	PlayMusic	I-artist
3	альбомын	PlayMusic	O
4	кабыз	PlayMusic	I-artist

# id: test_283
# text EN: Give four stars to The Broken Window
# text TAT: The Broken Window дүрт йолдыз бирегез
# intent = AddToPlaylist
# slots: 1:17:object_name, 19:22:rating_value, 24:29:rating_unit
1	The	RateBook	B-object_name
2	Broken	RateBook	I-object_name
3	Window	RateBook	I-object_name
4	дүрт	RateBook	O
5	йолдыз	RateBook	O
6	бирегез	RateBook	O

# id: test_284
# text EN: Tell me the forecast for 6 am in Tatra-Nationalpark
# text TAT: Tatra-милли паркында иртәнге 6да һава торышын миңа әйт
# intent = weather/find
# slots: 1:20:location, 22:32:datetime
1	Tatra-милли	weather/find	I-location
2	паркында	weather/find	O
3	иртәнге	weather/find	I-datetime
4	6да	weather/find	I-datetime
5	һава	weather/find	B-weather/attribute
6	торышын	weather/find	O
7	миңа	weather/find	O
8	әйт	weather/find	O

# id: test_285
# text EN: Please book me a table at a bistro which serves lorna doone .
# text TAT: Зинһар, миңа бистродагы өстәлне броньла, анда lorna doone хезмәт итәләр .
# intent = BookRestaurant
# slots: 25:31:restaurant_type, 59:71:served_dish
1	Зинһар	BookRestaurant	I-artist
2	,	BookRestaurant	O
3	миңа	BookRestaurant	O
4	бистродагы	BookRestaurant	B-datetime
5	өстәлне	BookRestaurant	O
6	броньла	BookRestaurant	I-artist
7	,	BookRestaurant	O
8	анда	BookRestaurant	O
9	lorna	BookRestaurant	B-artist
10	doone	BookRestaurant	I-artist
11	хезмәт	BookRestaurant	O
12	итәләр	BookRestaurant	O
13	.	BookRestaurant	O

# id: test_286
# text EN: Rate The Mystery of the Tolling Bell series 4 stars .
# text TAT: The Mystery of the Tolling Bell сериалны 4 йолдызга бәялә .
# intent = RateBook
# slots: 1:31:object_name, 33:40:object_part_of_series_type, 42:42:rating_value, 44:51:rating_unit
1	The	RateBook	B-object_name
2	Mystery	RateBook	I-object_name
3	of	RateBook	I-object_name
4	the	RateBook	I-object_name
5	Tolling	RateBook	I-object_name
6	Bell	RateBook	I-object_name
7	сериалны	RateBook	O
8	4	RateBook	B-rating_value
9	йолдызга	RateBook	O
10	бәялә	RateBook	O
11	.	RateBook	O

# id: test_287
# text EN: Use Groove Shark to play music
# text TAT: Музыка уйнау өчен Groove Shark куллан
# intent = PlayMusic
# slots: 19:30:service
1	Музыка	PlayMusic	O
2	уйнау	PlayMusic	O
3	өчен	PlayMusic	O
4	Groove	PlayMusic	B-artist
5	Shark	PlayMusic	I-artist
6	куллан	PlayMusic	O

# id: test_288
# text EN: Check the timings for Snowbound at the closest movie theatre .
# text TAT: Якындагы кинотеатрда Snowbound күрсәтү графигын тикшер .
# intent = SearchScreeningEvent
# slots: 1:8:location, 10:20:object_location_type, 22:30:movie_name
1	Якындагы	SearchScreeningEvent	O
2	кинотеатрда	SearchScreeningEvent	O
3	Snowbound	SearchScreeningEvent	B-location
4	күрсәтү	SearchScreeningEvent	O
5	графигын	SearchScreeningEvent	O
6	тикшер	SearchScreeningEvent	O
7	.	SearchScreeningEvent	O

# id: test_289
# text EN: Please open Zvooq
# text TAT: Зинһар, Zvooq ач
# intent = BookRestaurant
# slots: 15:16:service
1	Зинһар	PlayMusic	B-location
2	,	PlayMusic	O
3	Zvooq	PlayMusic	B-location
4	ач	PlayMusic	O

# id: test_290
# text EN: book spot for 1 at Town of Ramsgate in Merit
# text TAT: 1 кешегә урын Меритта Town of Ramsgate броньла
# intent = BookRestaurant
# slots: 1:1:party_size_number, 15:21:location, 23:38:restaurant_name
1	1	BookRestaurant	B-datetime
2	кешегә	BookRestaurant	O
3	урын	BookRestaurant	O
4	Меритта	BookRestaurant	B-location
5	Town	BookRestaurant	B-location
6	of	BookRestaurant	I-location
7	Ramsgate	BookRestaurant	I-location
8	броньла	BookRestaurant	B-location

# id: test_291
# text EN: Will I Think I Do be playing at 7 PM ?
# text TAT: I Think I Do кичке 7-дә уйныймы ?
# intent = SearchScreeningEvent
# slots: 1:12:movie_name, 14:23:datetime
1	I	SearchScreeningEvent	O
2	Think	SearchScreeningEvent	O
3	I	SearchScreeningEvent	O
4	Do	SearchScreeningEvent	O
5	кичке	SearchScreeningEvent	B-datetime
6	7-дә	SearchScreeningEvent	O
7	уйныймы	SearchScreeningEvent	O
8	?	SearchScreeningEvent	O

# id: test_292
# text EN: will Custer National Forest be chillier at seven Pm
# text TAT: Custer National Forest кичке җидедә салкынрак булырмы
# intent = weather/find
# slots: 1:22:location, 24:35:datetime, 37:45:condition_temperature
1	Custer	weather/find	B-location
2	National	weather/find	I-location
3	Forest	weather/find	I-location
4	кичке	weather/find	O
5	җидедә	weather/find	O
6	салкынрак	weather/find	I-location
7	булырмы	weather/find	B-location

# id: test_293
# text EN: I want to listen to something on Youtube
# text TAT: Мин Youtube-та берәр нәрсә тыңларга телим
# intent = PlayMusic
# slots: 5:14:service
1	Мин	PlayMusic	O
2	Youtube-та	PlayMusic	O
3	берәр	PlayMusic	B-datetime
4	нәрсә	PlayMusic	O
5	тыңларга	PlayMusic	O
6	телим	PlayMusic	B-datetime

# id: test_294
# text EN: Search for the game Difficult Loves
# text TAT: Difficult Loves уенын эзлә
# intent = SearchScreeningEvent
# slots: 1:15:object_name, 17:21:object_type
1	Difficult	SearchCreativeWork	I-object_name
2	Loves	SearchCreativeWork	I-object_name
3	уенын	SearchCreativeWork	O
4	эзлә	SearchCreativeWork	O

# id: test_295
# text EN: What's the weather forecast for Bothe-Napa Valley State Park close by february 20 ?
# text TAT: Нинди һава торышы 20 февральгә Bothe-Napa Valley дәүләт паркында ?
# intent = weather/find
# slots: 19:30:datetime, 32:64:location
1	Нинди	weather/find	B-weather/temperatureUnit
2	һава	weather/find	O
3	торышы	weather/find	O
4	20	weather/find	B-datetime
5	февральгә	weather/find	I-datetime
6	Bothe-Napa	weather/find	I-location
7	Valley	weather/find	I-location
8	дәүләт	weather/find	O
9	паркында	weather/find	O
10	?	weather/find	O

# id: test_296
# text EN: show me the schedule of movie The Great Gildersleeve near movie house
# text TAT: миңа кинотеатр янындагы The Great Gildersleeve фильмы сессияләре расписаниесен күрсәт
# intent = SearchScreeningEvent
# slots: 6:14:object_location_type, 25:46:movie_name, 66:78:object_type
1	миңа	SearchScreeningEvent	O
2	кинотеатр	SearchScreeningEvent	I-location
3	янындагы	SearchScreeningEvent	O
4	The	SearchScreeningEvent	B-movie_name
5	Great	SearchScreeningEvent	I-movie_name
6	Gildersleeve	SearchScreeningEvent	I-movie_name
7	фильмы	SearchScreeningEvent	I-location
8	сессияләре	SearchScreeningEvent	O
9	расписаниесен	SearchScreeningEvent	O
10	күрсәт	SearchScreeningEvent	O

# id: test_297
# text EN: Tell me the weather forecast for Gibsland
# text TAT: Миңа Гибслендта һава торышын әйт
# intent = weather/find
# slots: 6:15:location
1	Миңа	weather/find	B-location
2	Гибслендта	weather/find	O
3	һава	weather/find	O
4	торышын	weather/find	O
5	әйт	weather/find	O

# id: test_298
# text EN: Can I get the times for movies in the neighbourhood
# text TAT: Мин күршедәге кино графигын белә аламмы
# intent = SearchScreeningEvent
# slots: 5:13:location, 15:18:movie_type, 20:27:object_type
1	Мин	SearchScreeningEvent	O
2	күршедәге	SearchScreeningEvent	O
3	кино	SearchScreeningEvent	B-movie_type
4	графигын	SearchScreeningEvent	O
5	белә	SearchScreeningEvent	O
6	аламмы	SearchScreeningEvent	O

# id: test_299
# text EN: Rate Soul Music a 0 .
# text TAT: Soul Music-ка 0 балл бир .
# intent = RateBook
# slots: 1:13:object_name, 15:15:rating_value
1	Soul	RateBook	B-object_name
2	Music-ка	RateBook	O
3	0	RateBook	B-rating_value
4	балл	RateBook	O
5	бир	RateBook	O
6	.	RateBook	O

# id: test_300
# text EN: Book a reservation for five people for a tatar taverna in Sargents
# text TAT: Сарджентстада татар тавернасында биш кешегә өстәл заказ итегез
# intent = BookRestaurant
# slots: 1:13:location, 15:19:cuisine, 21:32:restaurant_type, 34:36:party_size_number
1	Сарджентстада	BookRestaurant	B-location
2	татар	BookRestaurant	B-location
3	тавернасында	BookRestaurant	O
4	биш	BookRestaurant	B-datetime
5	кешегә	BookRestaurant	O
6	өстәл	BookRestaurant	O
7	заказ	BookRestaurant	O
8	итегез	BookRestaurant	O

# id: test_301
# text EN: Play All Things Must Pass .
# text TAT: All Things Must Pass кабыз
# intent = weather/find
# slots: 1:20:track
1	All	PlayMusic	B-object_name
2	Things	PlayMusic	I-object_name
3	Must	PlayMusic	I-object_name
4	Pass	PlayMusic	I-object_name
5	кабыз	PlayMusic	B-datetime
6	.	PlayMusic	O

# id: test_302
# text EN: What is the rain forecast for one hour from now in South Korea
# text TAT: Кореяда бер сәгатьтән соң нинди яңгыр фаразы булачак
# intent = weather/find
# slots: 1:7:location, 9:25:datetime, 33:37:condition_description
1	Кореяда	weather/find	O
2	бер	weather/find	B-datetime
3	сәгатьтән	weather/find	I-datetime
4	соң	weather/find	I-datetime
5	нинди	weather/find	O
6	яңгыр	weather/find	B-weather/attribute
7	фаразы	weather/find	O
8	булачак	weather/find	O

# id: test_303
# text EN: Book a spot for 4 in Oklahoma at South Street Diner
# text TAT: Оклахомада South Street Diner-да 4 кешелек урын броньла
# intent = BookRestaurant
# slots: 1:10:location, 12:32:restaurant_name, 34:34:party_size_number
1	Оклахомада	BookRestaurant	I-location
2	South	BookRestaurant	B-location
3	Street	BookRestaurant	I-location
4	Diner-да	BookRestaurant	O
5	4	BookRestaurant	B-party_size_number
6	кешелек	BookRestaurant	O
7	урын	BookRestaurant	O
8	броньла	BookRestaurant	I-artist

# id: test_304
# text EN: Play music off Netflix .
# text TAT: Netflix-тан музыканы уйнат .
# intent = PlayMusic
# slots: 1:11:service
1	Netflix-тан	PlayMusic	I-artist
2	музыканы	PlayMusic	O
3	уйнат	PlayMusic	O
4	.	PlayMusic	O

# id: test_305
# text EN: I want to see Shattered Image .
# text TAT: Мин Shattered Image-не күрергә телим .
# intent = SearchScreeningEvent
# slots: 5:22:movie_name
1	Мин	SearchScreeningEvent	O
2	Shattered	SearchScreeningEvent	I-movie_name
3	Image-не	SearchScreeningEvent	O
4	күрергә	SearchScreeningEvent	O
5	телим	SearchScreeningEvent	O
6	.	SearchScreeningEvent	O

# id: test_306
# text EN: Search for The Sound of One Hand Clapping
# text TAT: The Sound of One Hand Clapping-ны таб
# intent = RateBook
# slots: 1:33:object_name
1	The	SearchCreativeWork	B-object_name
2	Sound	SearchCreativeWork	I-object_name
3	of	SearchCreativeWork	I-object_name
4	One	SearchCreativeWork	I-object_name
5	Hand	SearchCreativeWork	I-object_name
6	Clapping-ны	SearchCreativeWork	O
7	таб	SearchCreativeWork	O

# id: test_307
# text EN: Look for the album Wolves Within
# text TAT: Wolves Within альбомын эзлә
# intent = AddToPlaylist
# slots: 1:13:object_name, 15:22:object_type
1	Wolves	SearchCreativeWork	I-object_name
2	Within	SearchCreativeWork	I-object_name
3	альбомын	SearchCreativeWork	O
4	эзлә	SearchCreativeWork	O

# id: test_308
# text EN: is We Are Northern Lights playing in any movie theatre
# text TAT: берәр кинотеатрда We Are Northern Lights күрсәтеләрмә
# intent = SearchScreeningEvent
# slots: 7:17:object_location_type, 19:40:movie_name
1	берәр	SearchScreeningEvent	O
2	кинотеатрда	SearchScreeningEvent	O
3	We	SearchScreeningEvent	B-movie_name
4	Are	SearchScreeningEvent	I-movie_name
5	Northern	SearchScreeningEvent	I-movie_name
6	Lights	SearchScreeningEvent	I-movie_name
7	күрсәтеләрмә	SearchScreeningEvent	O

# id: test_309
# text EN: Add our little corner of the world music from gilmore girls to my The Funny Thing About Football Is playlist.
# text TAT: Безнең кечкенә дөнья почмагы, Гилмор кыз музыкасы минем Иң көлкесе әйберләр футболда плейлистыма өстә.
# intent = AddToPlaylist
# slots: 1:55:entity_name, 57:58:reference, 60:96:playlist
1	Безнең	AddToPlaylist	O
2	кечкенә	AddToPlaylist	O
3	дөнья	AddToPlaylist	O
4	почмагы	AddToPlaylist	O
5	,	AddToPlaylist	O
6	Гилмор	AddToPlaylist	I-playlist
7	кыз	AddToPlaylist	I-artist
8	музыкасы	AddToPlaylist	O
9	минем	AddToPlaylist	O
10	Иң	AddToPlaylist	I-playlist
11	көлкесе	AddToPlaylist	I-playlist
12	әйберләр	AddToPlaylist	O
13	футболда	AddToPlaylist	O
14	плейлистыма	AddToPlaylist	O
15	өстә	AddToPlaylist	O
16	.	AddToPlaylist	O

# id: test_310
# text EN: what is the forecast for hotter weather at Southford Falls State Park
# text TAT: Саутфорд Фолс дәүләт паркында эссе һава торышы фаразы нинди
# intent = weather/find
# slots: 1:29:location, 31:34:condition_temperature
1	Саутфорд	weather/find	B-location
2	Фолс	weather/find	I-location
3	дәүләт	weather/find	I-location
4	паркында	weather/find	O
5	эссе	weather/find	O
6	һава	weather/find	B-weather/attribute
7	торышы	weather/find	B-weather/attribute
8	фаразы	weather/find	O
9	нинди	weather/find	B-location

# id: test_311
# text EN: Please book me a table at a pizzeria with a parking facility in Ghana .
# text TAT: Зинһар, миӊа Гана парковкасы белән пиццерия өстәленә заказ бир .
# intent = BookRestaurant
# slots: 19:28:location, 30:34:facility, 45:52:restaurant_type
1	Зинһар	BookRestaurant	B-location
2	,	BookRestaurant	O
3	миӊа	BookRestaurant	B-location
4	Гана	BookRestaurant	B-location
5	парковкасы	BookRestaurant	O
6	белән	BookRestaurant	O
7	пиццерия	BookRestaurant	B-location
8	өстәленә	BookRestaurant	O
9	заказ	BookRestaurant	O
10	бир	BookRestaurant	O
11	.	BookRestaurant	O

# id: test_312
# text EN: I want to hear a seventies sound track .
# text TAT: Мин җитмешенче еллар саундтрегын тыңларга телим .
# intent = PlayMusic
# slots: 5:14:datetime, 22:32:music_item
1	Мин	PlayMusic	B-datetime
2	җитмешенче	PlayMusic	B-datetime
3	еллар	PlayMusic	I-datetime
4	саундтрегын	PlayMusic	O
5	тыңларга	PlayMusic	O
6	телим	PlayMusic	B-datetime
7	.	PlayMusic	O

# id: test_313
# text EN: Weather in two hours in Uzbekistan
# text TAT: Ике сәгатьтән соң Үзбәкстанда һава торышы
# intent = weather/find
# slots: 1:17:datetime, 19:29:location
1	Ике	weather/find	I-datetime
2	сәгатьтән	weather/find	I-datetime
3	соң	weather/find	I-datetime
4	Үзбәкстанда	weather/find	O
5	һава	weather/find	O
6	торышы	weather/find	O

# id: test_314
# text EN: Please find me the Journal of the British Astronomical Association movie .
# text TAT: Зинһар, миңа Journal of the British Astronomical Association фильмын таб .
# intent = SearchCreativeWork
# slots: 22:68:object_name, 70:72:object_type
1	Зинһар	SearchCreativeWork	I-artist
2	,	SearchCreativeWork	O
3	миңа	SearchCreativeWork	O
4	Journal	SearchCreativeWork	B-object_name
5	of	SearchCreativeWork	I-object_name
6	the	SearchCreativeWork	I-object_name
7	British	SearchCreativeWork	I-object_name
8	Astronomical	SearchCreativeWork	I-object_name
9	Association	SearchCreativeWork	I-object_name
10	фильмын	SearchCreativeWork	O
11	таб	SearchCreativeWork	B-datetime
12	.	SearchCreativeWork	O

# id: test_315
# text EN: Book a reservation for 8 people in Wardville , Kansas
# text TAT: Уордвилл-да, Канзас-та 8 кешелек урын броньла
# intent = BookRestaurant
# slots: 1:12:location, 24:24:location, 26:32:party_size_number
1	Уордвилл-да	BookRestaurant	O
2	,	BookRestaurant	O
3	Канзас-та	BookRestaurant	O
4	8	BookRestaurant	B-datetime
5	кешелек	BookRestaurant	O
6	урын	BookRestaurant	O
7	броньла	BookRestaurant	I-artist

# id: test_316
# text EN: What will the weather be faraway from here ?
# text TAT: Нинди һава торышы моннан ерак булачак ?
# intent = weather/find
# slots: 19:24:location, 26:29:location
1	Нинди	weather/find	B-location
2	һава	weather/find	O
3	торышы	weather/find	O
4	моннан	weather/find	O
5	ерак	weather/find	O
6	булачак	weather/find	O
7	?	weather/find	O

# id: test_317
# text EN: Add Richard McNamara newest song to the Just Smile playlist
# text TAT: Ричард Макнамараның яңа җырын Just Smile плейлистыма өстә
# intent = AddToPlaylist
# slots: 1:19:artist, 25:29:music_item, 31:40:playlist
1	Ричард	AddToPlaylist	B-artist
2	Макнамараның	AddToPlaylist	B-datetime
3	яңа	AddToPlaylist	O
4	җырын	AddToPlaylist	O
5	Just	AddToPlaylist	B-artist
6	Smile	AddToPlaylist	I-artist
7	плейлистыма	AddToPlaylist	O
8	өстә	AddToPlaylist	O

# id: test_318
# text EN: how cold will it be here in 1 second
# text TAT: монда 1 секундтан соң никадәр салкын булыр
# intent = weather/find
# slots: 1:5:location, 7:21:datetime, 31:36:condition_temperature
1	монда	weather/find	O
2	1	weather/find	B-datetime
3	секундтан	weather/find	I-datetime
4	соң	weather/find	I-datetime
5	никадәр	weather/find	B-datetime
6	салкын	weather/find	B-weather/attribute
7	булыр	weather/find	B-weather/attribute

# id: test_319
# text EN: Looking for a painting with the title With You
# text TAT: With You исемле рәсем эзлә
# intent = AddToPlaylist
# slots: 1:8:object_name, 17:21:object_type
1	With	SearchCreativeWork	I-playlist
2	You	SearchCreativeWork	I-object_name
3	исемле	SearchCreativeWork	O
4	рәсем	SearchCreativeWork	O
5	эзлә	SearchCreativeWork	O

# id: test_320
# text EN: Find the creative work Deadly Weapons
# text TAT: Deadly Weapons иҗади эшен таб
# intent = SearchCreativeWork
# slots: 1:14:object_name
1	Deadly	SearchCreativeWork	I-object_name
2	Weapons	SearchCreativeWork	I-object_name
3	иҗади	SearchCreativeWork	O
4	эшен	SearchCreativeWork	O
5	таб	SearchCreativeWork	B-datetime

# id: test_321
# text EN: What will the weather be in nov. in Brookneal ?
# text TAT: Ноябрьдә Брукнилда һава торышы нинди булыр ?
# intent = weather/find
# slots: 1:8:datetime, 10:18:location
1	Ноябрьдә	weather/find	O
2	Брукнилда	weather/find	O
3	һава	weather/find	O
4	торышы	weather/find	O
5	нинди	weather/find	O
6	булыр	weather/find	O
7	?	weather/find	O

# id: test_322
# text EN: Book a reservation at tavern for noodle
# text TAT: Токмач өчен тавернада өстәл броньла
# intent = BookRestaurant
# slots: 1:6:served_dish, 13:21:restaurant_type
1	Токмач	BookRestaurant	B-location
2	өчен	BookRestaurant	B-location
3	тавернада	BookRestaurant	O
4	өстәл	BookRestaurant	I-artist
5	броньла	BookRestaurant	I-artist

# id: test_323
# text EN: what is the forecast for Costa Rica
# text TAT: Коста-Рикада нинди һава торышы
# intent = weather/find
# slots: 1:23:location
1	Коста	weather/find	B-location
2	-	weather/find	O
3	Рикада	weather/find	O
4	нинди	weather/find	B-weather/attribute
5	һава	weather/find	O
6	торышы	weather/find	O

# id: test_324
# text EN: Is The Two Gladiators playing
# text TAT: The Two Gladiators уйнымы
# intent = SearchScreeningEvent
# slots: 1:18:movie_name
1	The	SearchScreeningEvent	I-movie_name
2	Two	SearchScreeningEvent	I-movie_name
3	Gladiators	SearchScreeningEvent	I-movie_name
4	уйнымы	SearchScreeningEvent	B-movie_type

# id: test_325
# text EN: what movies at Star Theatres .
# text TAT: Star Theatres-да нинди фильмнар бар .
# intent = SearchScreeningEvent
# slots: 1:16:location, 24:31:movie_type
1	Star	SearchScreeningEvent	B-location
2	Theatres-да	SearchScreeningEvent	O
3	нинди	SearchScreeningEvent	B-location
4	фильмнар	SearchScreeningEvent	I-object_type
5	бар	SearchScreeningEvent	O
6	.	SearchScreeningEvent	O

# id: test_326
# text EN: Can you please find me the Harry Hood saga ?
# text TAT: Зинһар миңа Harry Hood сагасын таба аласызмы ?
# intent = weather/find
# slots: 13:22:object_name, 24:30:object_type
1	Зинһар	SearchCreativeWork	I-artist
2	миңа	SearchCreativeWork	O
3	Harry	SearchCreativeWork	B-location
4	Hood	SearchCreativeWork	I-object_name
5	сагасын	SearchCreativeWork	O
6	таба	SearchCreativeWork	O
7	аласызмы	SearchCreativeWork	B-datetime
8	?	SearchCreativeWork	O

# id: test_327
# text EN: add this tune to my Sleepify playlist
# text TAT: бу көйне минем Sleepify плейлистыма өстә
# intent = weather/find
# slots: 4:8:music_item, 10:14:reference, 16:23:playlist
1	бу	AddToPlaylist	O
2	көйне	AddToPlaylist	O
3	минем	AddToPlaylist	B-datetime
4	Sleepify	AddToPlaylist	I-playlist
5	плейлистыма	AddToPlaylist	O
6	өстә	AddToPlaylist	O

# id: test_328
# text EN: Is Any Which Way You Can playing in 15 seconds
# text TAT: Any Which Way You Can 15 секундтан соң уйнаячакмы
# intent = SearchScreeningEvent
# slots: 1:21:movie_name, 23:38:datetime
1	Any	SearchScreeningEvent	O
2	Which	SearchScreeningEvent	O
3	Way	SearchScreeningEvent	I-movie_name
4	You	SearchScreeningEvent	I-movie_name
5	Can	SearchScreeningEvent	I-movie_name
6	15	SearchScreeningEvent	I-datetime
7	секундтан	SearchScreeningEvent	I-datetime
8	соң	SearchScreeningEvent	I-datetime
9	уйнаячакмы	SearchScreeningEvent	O

# id: test_329
# text EN: Play music from E-type .
# text TAT: E-type музыкасын кабыз .
# intent = PlayMusic
# slots: 1:6:artist
1	E-type	PlayMusic	I-playlist
2	музыкасын	PlayMusic	O
3	кабыз	PlayMusic	I-artist
4	.	PlayMusic	O

# id: test_330
# text EN: Give one start to the current book
# text TAT: Хәзерге китапка бер йолдыз куй
# intent = PlayMusic
# slots: 1:7:object_select, 9:15:object_type, 17:19:rating_value
1	Хәзерге	RateBook	B-datetime
2	китапка	RateBook	O
3	бер	RateBook	O
4	йолдыз	RateBook	O
5	куй	RateBook	O

# id: test_331
# text EN: Play Another Passenger from Louis Nelson Delisle .
# text TAT: Louis Nelson Delisle-ның Another Passenger уйнат .
# intent = PlayMusic
# slots: 1:24:artist, 26:42:album
1	Louis	PlayMusic	B-artist
2	Nelson	PlayMusic	B-artist
3	Delisle-ның	PlayMusic	O
4	Another	PlayMusic	B-artist
5	Passenger	PlayMusic	I-movie_name
6	уйнат	PlayMusic	O
7	.	PlayMusic	O

# id: test_332
# text EN: Where can I find the movie schedules
# text TAT: Кайда мин кино графигын таба алам
# intent = SearchScreeningEvent
# slots: 11:23:object_type
1	Кайда	SearchScreeningEvent	O
2	мин	SearchScreeningEvent	B-datetime
3	кино	SearchScreeningEvent	B-movie_type
4	графигын	SearchScreeningEvent	O
5	таба	SearchScreeningEvent	O
6	алам	SearchScreeningEvent	O

# id: test_333
# text EN: what's the forecast for sep. 26 in Emerado Saint Pierre and Miquelon
# text TAT: Эмерадода Сен-Пьер һәм Микелонда 26 сентябрьгә нинди һава торышы
# intent = weather/find
# slots: 1:9:location, 11:46:location, 48:57:datetime
1	Эмерадода	weather/find	I-location
2	Сен	weather/find	B-location
3	-	weather/find	I-location
4	Пьер	weather/find	I-location
5	һәм	weather/find	O
6	Микелонда	weather/find	O
7	26	weather/find	B-datetime
8	сентябрьгә	weather/find	I-datetime
9	нинди	weather/find	O
10	һава	weather/find	B-weather/attribute
11	торышы	weather/find	O

# id: test_334
# text EN: Lets eat near Oakfield 17 seconds from now at Ted Peters Famous Smoked Fish
# text TAT: Ted Peters Famous Smoked Fish-та Окфилд янында 17 секундтансын ашарга барык
# intent = BookRestaurant
# slots: 1:32:restaurant_name, 34:39:location, 41:46:location, 48:62:datetime
1	Ted	BookRestaurant	B-artist
2	Peters	BookRestaurant	I-artist
3	Famous	BookRestaurant	I-movie_name
4	Smoked	BookRestaurant	I-object_name
5	Fish-та	BookRestaurant	O
6	Окфилд	BookRestaurant	B-location
7	янында	BookRestaurant	I-datetime
8	17	BookRestaurant	B-datetime
9	секундтансын	BookRestaurant	I-datetime
10	ашарга	BookRestaurant	O
11	барык	BookRestaurant	O

# id: test_335
# text EN: get me the trailer of Good Morning Sunshine
# text TAT: миңа Good Morning Sunshine трейлерын таб
# intent = PlayMusic
# slots: 6:26:object_name, 28:36:object_type
1	миңа	SearchCreativeWork	O
2	Good	SearchCreativeWork	I-object_name
3	Morning	SearchCreativeWork	I-object_name
4	Sunshine	SearchCreativeWork	I-object_name
5	трейлерын	SearchCreativeWork	O
6	таб	SearchCreativeWork	O

# id: test_336
# text EN: I want to book a brasserie for 3 people in Netherlands Antilles .
# text TAT: Мин Нидерланд Антиль утрауларында 3 кешегә сыра ресторанны броньларга телим .
# intent = BookRestaurant
# slots: 5:33:location, 35:35:party_size_number, 44:58:restaurant_type
1	Мин	BookRestaurant	B-location
2	Нидерланд	BookRestaurant	I-location
3	Антиль	BookRestaurant	B-location
4	утрауларында	BookRestaurant	O
5	3	BookRestaurant	B-party_size_number
6	кешегә	BookRestaurant	O
7	сыра	BookRestaurant	B-location
8	ресторанны	BookRestaurant	O
9	броньларга	BookRestaurant	O
10	телим	BookRestaurant	B-datetime
11	.	BookRestaurant	O

# id: test_337
# text EN: rate this current album 0 stars
# text TAT: бу хәзерге альбомга 0 йолдыз куй
# intent = RateBook
# slots: 1:10:object_select, 12:19:object_type, 21:21:rating_value, 23:28:rating_unit
1	бу	RateBook	O
2	хәзерге	RateBook	B-datetime
3	альбомга	RateBook	O
4	0	RateBook	B-rating_value
5	йолдыз	RateBook	O
6	куй	RateBook	O

# id: test_338
# text EN: Like to book a seat in Monaco for the Yankee Doodle Coffee Shop
# text TAT: Монакода Yankee Doodle Coffee Ѕһор-та урын алырга теләр идем
# intent = AddToPlaylist
# slots: 1:8:location, 10:37:restaurant_name
1	Монакода	BookRestaurant	O
2	Yankee	BookRestaurant	B-location
3	Doodle	BookRestaurant	I-object_name
4	Coffee	BookRestaurant	I-object_name
5	Ѕһор-та	BookRestaurant	O
6	урын	BookRestaurant	O
7	алырга	BookRestaurant	O
8	теләр	BookRestaurant	O
9	идем	BookRestaurant	O

# id: test_339
# text EN: Add the artist to the political punks playlist.
# text TAT: Political punks плейлистыма башкаручыны өстә.
# intent = AddToPlaylist
# slots: 1:15:playlist, 29:39:music_item
1	Political	AddToPlaylist	B-playlist
2	punks	AddToPlaylist	I-playlist
3	плейлистыма	AddToPlaylist	I-playlist
4	башкаручыны	AddToPlaylist	I-playlist
5	өстә	AddToPlaylist	O
6	.	AddToPlaylist	O

# id: test_340
# text EN: Will it be colder four months from now in Suwanee AK
# text TAT: Дүрт айдан соң Саванида AK-ында салкынрак булырмы
# intent = weather/find
# slots: 1:14:datetime, 16:23:location, 25:31:location, 33:41:condition_temperature
1	Дүрт	weather/find	I-datetime
2	айдан	weather/find	I-datetime
3	соң	weather/find	I-datetime
4	Саванида	weather/find	O
5	AK-ында	weather/find	O
6	салкынрак	weather/find	B-weather/attribute
7	булырмы	weather/find	B-weather/attribute

# id: test_341
# text EN: add Muzika za decu to my Crash Course playlist
# text TAT: минем Crash Course плейлистыма Muzika za decu өстә
# intent = AddToPlaylist
# slots: 1:5:reference, 7:18:playlist, 32:45:entity_name
1	минем	AddToPlaylist	B-datetime
2	Crash	AddToPlaylist	B-playlist
3	Course	AddToPlaylist	I-playlist
4	плейлистыма	AddToPlaylist	O
5	Muzika	AddToPlaylist	I-playlist
6	za	AddToPlaylist	I-playlist
7	decu	AddToPlaylist	I-playlist
8	өстә	AddToPlaylist	O

# id: test_342
# text EN: Can you look up the Molecular Oncology saga ?
# text TAT: Molecular Oncology сагасын эзли аласынмы ?
# intent = weather/find
# slots: 1:18:object_name, 20:26:object_type
1	Molecular	SearchCreativeWork	I-object_name
2	Oncology	SearchCreativeWork	I-object_name
3	сагасын	SearchCreativeWork	O
4	эзли	SearchCreativeWork	O
5	аласынмы	SearchCreativeWork	B-datetime
6	?	SearchCreativeWork	O

# id: test_343
# text EN: I want to book a restaurant for six people in Wagstaff AK .
# text TAT: Мин алты кешелек ресторанны Вагстаффта AK-да броньларга телим .
# intent = BookRestaurant
# slots: 5:8:party_size_number, 18:27:restaurant_type, 29:38:location, 40:44:location
1	Мин	BookRestaurant	O
2	алты	BookRestaurant	O
3	кешелек	BookRestaurant	O
4	ресторанны	BookRestaurant	O
5	Вагстаффта	BookRestaurant	B-location
6	AK-да	BookRestaurant	O
7	броньларга	BookRestaurant	O
8	телим	BookRestaurant	B-datetime
9	.	BookRestaurant	O

# id: test_344
# text EN: Play some symphony music from David Lindley .
# text TAT: Дэвид Линдлиның симфоник музыкасын уйнат .
# intent = PlayMusic
# slots: 1:15:artist, 17:24:music_item
1	Дэвид	PlayMusic	B-artist
2	Линдлиның	PlayMusic	O
3	симфоник	PlayMusic	I-artist
4	музыкасын	PlayMusic	O
5	уйнат	PlayMusic	O
6	.	PlayMusic	O

# id: test_345
# text EN: Please fine me the TV series , Now We Are Married .
# text TAT: Зинһар, миңа Now We Are Married телесериалын таб .
# intent = SearchCreativeWork
# slots: 18:44:object_name, 46:48:object_type
1	Зинһар	SearchCreativeWork	I-artist
2	,	SearchCreativeWork	O
3	миңа	SearchCreativeWork	O
4	Now	SearchCreativeWork	I-object_name
5	We	SearchCreativeWork	I-object_name
6	Are	SearchCreativeWork	I-object_name
7	Married	SearchCreativeWork	I-object_name
8	телесериалын	SearchCreativeWork	O
9	таб	SearchCreativeWork	B-object_type
10	.	SearchCreativeWork	O

# id: test_346
# text EN: I want to see Outcast .
# text TAT: Мин Outcast-ны карарга телим .
# intent = SearchScreeningEvent
# slots: 5:14:movie_name
1	Мин	SearchScreeningEvent	B-location
2	Outcast-ны	SearchScreeningEvent	O
3	карарга	SearchScreeningEvent	O
4	телим	SearchScreeningEvent	B-datetime
5	.	SearchScreeningEvent	O

# id: test_347
# text EN: add the current track to my This Is Tchaikovsky playlist
# text TAT: минем This Is Tchaikovsky плейлистыма хәзерге трекны өстә
# intent = AddToPlaylist
# slots: 1:5:reference, 7:25:playlist, 47:52:music_item
1	минем	AddToPlaylist	O
2	This	AddToPlaylist	B-datetime
3	Is	AddToPlaylist	I-playlist
4	Tchaikovsky	AddToPlaylist	I-playlist
5	плейлистыма	AddToPlaylist	O
6	хәзерге	AddToPlaylist	B-datetime
7	трекны	AddToPlaylist	O
8	өстә	AddToPlaylist	O

# id: test_348
# text EN: Play This Is: Miles Davis on Lastfm .
# text TAT: Lastfm-да This Is: Miles Davis-ны кабыз .
# intent = AddToPlaylist
# slots: 1:9:service, 11:33:playlist
1	Lastfm-да	PlayMusic	O
2	This	PlayMusic	B-object_name
3	Is:	PlayMusic	I-object_name
4	Miles	PlayMusic	I-movie_name
5	Davis-ны	PlayMusic	O
6	кабыз	PlayMusic	B-weather/attribute
7	.	PlayMusic	O

# id: test_349
# text EN: book the best table in Tanzania for 5 people at a diner
# text TAT: Танзаниядә кабымханәдә 5 кешегә иң яхшы өстәлне броньла
# intent = weather/find
# slots: 1:10:location, 12:22:restaurant_type, 24:24:party_size_number, 33:39:sort
1	Танзаниядә	BookRestaurant	O
2	кабымханәдә	BookRestaurant	O
3	5	BookRestaurant	B-datetime
4	кешегә	BookRestaurant	O
5	иң	BookRestaurant	O
6	яхшы	BookRestaurant	O
7	өстәлне	BookRestaurant	O
8	броньла	BookRestaurant	I-artist

# id: test_350
# text EN: Let's hear good Mohammad Mamle on Vimeo .
# text TAT: Әйдә Vimeo-да яхшы элекке Mohammad Mamle тыңлыйк .
# intent = PlayMusic
# slots: 6:13:service, 20:25:sort, 27:40:artist
1	Әйдә	PlayMusic	O
2	Vimeo-да	PlayMusic	O
3	яхшы	PlayMusic	I-artist
4	элекке	PlayMusic	O
5	Mohammad	PlayMusic	B-artist
6	Mamle	PlayMusic	I-artist
7	тыңлыйк	PlayMusic	O
8	.	PlayMusic	O

# id: test_351
# text EN: Put Vandemataram Srinivas 's track onto HipHop Hot 50 .
# text TAT: Vandemataram Srinivas трегын HipHop Hot 50-гә куй.
# intent = AddToPlaylist
# slots: 1:21:artist, 23:28:music_item, 30:45:playlist
1	Vandemataram	AddToPlaylist	I-artist
2	Srinivas	AddToPlaylist	I-artist
3	трегын	AddToPlaylist	O
4	HipHop	AddToPlaylist	I-playlist
5	Hot	AddToPlaylist	I-playlist
6	50-гә	AddToPlaylist	O
7	куй	AddToPlaylist	O
8	.	AddToPlaylist	O

# id: test_352
# text EN: Get me the Secret South song .
# text TAT: Миңа Secret South җырын таб .
# intent = PlayMusic
# slots: 6:17:object_name, 19:23:object_type
1	Миңа	SearchCreativeWork	B-artist
2	Secret	SearchCreativeWork	B-artist
3	South	SearchCreativeWork	I-playlist
4	җырын	SearchCreativeWork	O
5	таб	SearchCreativeWork	B-datetime
6	.	SearchCreativeWork	O

# id: test_353
# text EN: nineties songs on Zvooq
# text TAT: Zvooq-та туксанынчы еллар җырлары
# intent = PlayMusic
# slots: 1:8:service, 10:19:datetime
1	Zvooq-та	PlayMusic	O
2	туксанынчы	PlayMusic	B-datetime
3	еллар	PlayMusic	B-datetime
4	җырлары	PlayMusic	O

# id: test_354
# text EN: what is the forecast in Admire in TX starting at seventeen
# text TAT: кичке биштән башлап Техаста Admire-да һава торышы нинди
# intent = weather/find
# slots: 1:12:datetime, 21:27:location, 29:37:location
1	кичке	weather/find	O
2	биштән	weather/find	O
3	башлап	weather/find	O
4	Техаста	weather/find	I-location
5	Admire-да	weather/find	O
6	һава	weather/find	B-weather/attribute
7	торышы	weather/find	O
8	нинди	weather/find	O

# id: test_355
# text EN: Play something on Last Fm
# text TAT: Last FM-да берәр нәрсә уйнат
# intent = PlayMusic
# slots: 1:10:service
1	Last	PlayMusic	B-datetime
2	FM-да	PlayMusic	O
3	берәр	PlayMusic	B-datetime
4	нәрсә	PlayMusic	I-datetime
5	уйнат	PlayMusic	O

# id: test_356
# text EN: I want to see The Portrait of a Lady at the nearest cinema .
# text TAT: Мин якындагы кинотеатрда The Portrait of a Lady карарга телим .
# intent = SearchScreeningEvent
# slots: 5:12:location, 14:24:object_location_type, 26:47:movie_name
1	Мин	SearchScreeningEvent	O
2	якындагы	SearchScreeningEvent	I-location
3	кинотеатрда	SearchScreeningEvent	O
4	The	SearchScreeningEvent	B-movie_name
5	Portrait	SearchScreeningEvent	I-movie_name
6	of	SearchScreeningEvent	I-movie_name
7	a	SearchScreeningEvent	I-movie_name
8	Lady	SearchScreeningEvent	I-movie_name
9	карарга	SearchScreeningEvent	O
10	телим	SearchScreeningEvent	O
11	.	SearchScreeningEvent	O

# id: test_357
# text EN: Please find me Phineas Redux .
# text TAT: Зинһар, миңа Phineas Redux таб .
# intent = SearchCreativeWork
# slots: 22:30:object_name
1	Зинһар	SearchCreativeWork	I-artist
2	,	SearchCreativeWork	O
3	миңа	SearchCreativeWork	O
4	Phineas	SearchCreativeWork	I-object_name
5	Redux	SearchCreativeWork	I-object_name
6	таб	SearchCreativeWork	O
7	.	SearchCreativeWork	O

# id: test_358
# text EN: Add the 40 cal tune to the laundry playlist.
# text TAT: Laundry плейлистына 40 cal көйен өстә.
# intent = weather/find
# slots: 1:7:playlist, 21:26:artist, 28:32:music_item
1	Laundry	AddToPlaylist	B-location
2	плейлистына	AddToPlaylist	O
3	40	AddToPlaylist	B-weather/attribute
4	cal	AddToPlaylist	B-weather/temperatureUnit
5	көйен	AddToPlaylist	O
6	өстә	AddToPlaylist	O
7	.	AddToPlaylist	O

# id: test_359
# text EN: Open itunes and play Ben Burnley Ready To Die
# text TAT: Itunes-ны ач һәм Ben Burnley Ready To Die-ны уйнат
# intent = PlayMusic
# slots: 1:9:service, 18:28:artist, 30:44:album
1	Itunes-ны	PlayMusic	O
2	ач	PlayMusic	O
3	һәм	PlayMusic	O
4	Ben	PlayMusic	B-artist
5	Burnley	PlayMusic	I-artist
6	Ready	PlayMusic	B-service
7	To	PlayMusic	I-playlist
8	Die-ны	PlayMusic	O
9	уйнат	PlayMusic	O

# id: test_360
# text EN: What will the weather be in Monument of Lihula on december the 5th ?
# text TAT: 5-енче декабрьдә Лихул һәйкәле янында нинди һава торышы булачак ?
# intent = weather/find
# slots: 1:16:datetime, 18:30:location
1	5-енче	weather/find	I-datetime
2	декабрьдә	weather/find	I-datetime
3	Лихул	weather/find	B-location
4	һәйкәле	weather/find	B-location
5	янында	weather/find	O
6	нинди	weather/find	O
7	һава	weather/find	B-weather/attribute
8	торышы	weather/find	O
9	булачак	weather/find	O
10	?	weather/find	O

# id: test_361
# text EN: Show the Sexy Dance 2 times at the closest movie house
# text TAT: Якындагы кинотеатрда Sexy Dance 2 расписаниесен күрсәт
# intent = SearchScreeningEvent
# slots: 1:8:location, 10:20:object_location_type, 22:33:movie_name, 35:47:object_type
1	Якындагы	SearchScreeningEvent	O
2	кинотеатрда	SearchScreeningEvent	O
3	Sexy	SearchScreeningEvent	B-movie_name
4	Dance	SearchScreeningEvent	I-movie_name
5	2	SearchScreeningEvent	I-movie_name
6	расписаниесен	SearchScreeningEvent	O
7	күрсәт	SearchScreeningEvent	O

# id: test_362
# text EN: Looking for a song with the title of Live at the Kings Center
# text TAT: Live at the Kings Center дип аталган җырны таб
# intent = PlayMusic
# slots: 1:24:object_name, 38:42:object_type
1	Live	SearchCreativeWork	I-object_name
2	at	SearchCreativeWork	I-object_name
3	the	SearchCreativeWork	I-object_name
4	Kings	SearchCreativeWork	I-object_name
5	Center	SearchCreativeWork	I-object_name
6	дип	SearchCreativeWork	O
7	аталган	SearchCreativeWork	O
8	җырны	SearchCreativeWork	O
9	таб	SearchCreativeWork	B-service

# id: test_363
# text EN: What's the weather like in Tyonek , New Jersey
# text TAT: Тайонкта , Нью-Джерсида нинди һава торышы
# intent = weather/find
# slots: 1:8:location, 12:34:location
1	Тайонкта	weather/find	B-location
2	,	weather/find	O
3	Нью	weather/find	B-location
4	-	weather/find	I-location
5	Джерсида	weather/find	I-location
6	нинди	weather/find	B-datetime
7	һава	weather/find	O
8	торышы	weather/find	O

# id: test_364
# text EN: I want to book Tupelo Honey Cafe in New Jersey for five people.
# text TAT: Мин биш кешелек өстәл Tupelo Honey Cafe-да Нью-Джерсида броньларга телим.
# intent = BookRestaurant
# slots: 5:7:party_size_number, 23:42:restaurant_name, 44:73:location
1	Мин	BookRestaurant	O
2	биш	BookRestaurant	B-datetime
3	кешелек	BookRestaurant	O
4	өстәл	BookRestaurant	B-location
5	Tupelo	BookRestaurant	B-location
6	Honey	BookRestaurant	I-location
7	Cafe-да	BookRestaurant	O
8	Нью	BookRestaurant	B-location
9	-	BookRestaurant	I-location
10	Джерсида	BookRestaurant	I-location
11	броньларга	BookRestaurant	O
12	телим	BookRestaurant	B-datetime
13	.	BookRestaurant	O

# id: test_365
# text EN: book spot for my nieces and I at a tea house
# text TAT: чәй йорта миӊа һәм минем cеңелләремә урын броньла
# intent = weather/find
# slots: 1:9:restaurant_type, 11:36:party_size_description
1	чәй	BookRestaurant	B-datetime
2	йорта	BookRestaurant	O
3	миӊа	BookRestaurant	B-location
4	һәм	BookRestaurant	O
5	минем	BookRestaurant	B-datetime
6	cеңелләремә	BookRestaurant	B-location
7	урын	BookRestaurant	B-location
8	броньла	BookRestaurant	I-artist

# id: test_366
# text EN: Will it be hot in the Netherlands on February 16th ?
# text TAT: 16 февральдә Нидерландта эссе булачакмы ?
# intent = weather/find
# slots: 1:12:datetime, 14:24:location, 26:29:condition_temperature
1	16	weather/find	B-datetime
2	февральдә	weather/find	I-datetime
3	Нидерландта	weather/find	O
4	эссе	weather/find	O
5	булачакмы	weather/find	O
6	?	weather/find	O

# id: test_367
# text EN: I'd like to add jordan rudess onto the Divertido para niños playlist.
# text TAT: Мин jordan rudess-ны Divertido para niños плейлистына өстәргә телим.
# intent = weather/find
# slots: 5:20:artist, 22:41:playlist
1	Мин	AddToPlaylist	O
2	jordan	AddToPlaylist	B-location
3	rudess-ны	AddToPlaylist	O
4	Divertido	AddToPlaylist	I-playlist
5	para	AddToPlaylist	I-location
6	niños	AddToPlaylist	B-location
7	плейлистына	AddToPlaylist	O
8	өстәргә	AddToPlaylist	O
9	телим	AddToPlaylist	O
10	.	AddToPlaylist	O

# id: test_368
# text EN: Rate In the Company of Cheerful Ladies a zero out of 6
# text TAT: In the Company of Cheerful Ladies-ка 6-дан нуль куй
# intent = AddToPlaylist
# slots: 1:36:object_name, 38:42:best_rating, 44:47:rating_value
1	In	RateBook	I-movie_name
2	the	RateBook	I-object_name
3	Company	RateBook	I-object_name
4	of	RateBook	I-object_name
5	Cheerful	RateBook	I-object_name
6	Ladies-ка	RateBook	O
7	6-дан	RateBook	I-datetime
8	нуль	RateBook	I-playlist
9	куй	RateBook	I-playlist

# id: test_369
# text EN: Book me a reservation for the best bistro
# text TAT: Миңа иң яхшы бистрода өстәл броньла
# intent = weather/find
# slots: 6:12:sort, 14:21:restaurant_type
1	Миңа	BookRestaurant	O
2	иң	BookRestaurant	O
3	яхшы	BookRestaurant	O
4	бистрода	BookRestaurant	I-artist
5	өстәл	BookRestaurant	I-artist
6	броньла	BookRestaurant	I-artist

# id: test_370
# text EN: rate the current textbook 1 out of 6
# text TAT: Хәзерге дәреслеккә 6-дан 1 куй
# intent = RateBook
# slots: 1:7:object_select, 9:18:object_type, 20:24:best_rating, 26:26:rating_value
1	Хәзерге	RateBook	B-datetime
2	дәреслеккә	RateBook	O
3	6-дан	RateBook	O
4	1	RateBook	B-rating_value
5	куй	RateBook	I-datetime

# id: test_371
# text EN: what are the movie times
# text TAT: кино вакытлары кайчан
# intent = SearchScreeningEvent
# slots: 1:14:object_type
1	кино	SearchScreeningEvent	B-movie_type
2	вакытлары	SearchScreeningEvent	O
3	кайчан	SearchScreeningEvent	B-location

# id: test_372
# text EN: What will the weather be in Ohio ?
# text TAT: Огайода нинди hава торышы булачак ?
# intent = weather/find
# slots: 1:7:location
1	Огайода	weather/find	B-location
2	нинди	weather/find	B-weather/attribute
3	hава	weather/find	B-weather/attribute
4	торышы	weather/find	B-weather/attribute
5	булачак	weather/find	O
6	?	weather/find	O

# id: test_373
# text EN: Add this artist to Showstopper Being Mary Jane
# text TAT: Бу артистны Showstopper Being Mary Jane плейлистына өстә
# intent = AddToPlaylist
# slots: 4:11:music_item, 13:39:playlist
1	Бу	AddToPlaylist	O
2	артистны	AddToPlaylist	O
3	Showstopper	AddToPlaylist	I-playlist
4	Being	AddToPlaylist	I-playlist
5	Mary	AddToPlaylist	I-object_name
6	Jane	AddToPlaylist	I-playlist
7	плейлистына	AddToPlaylist	O
8	өстә	AddToPlaylist	O

# id: test_374
# text EN: Book a reservation for my babies and I
# text TAT: Балаларыма һәм миңа броньла
# intent = PlayMusic
# slots: 1:19:party_size_description
1	Балаларыма	BookRestaurant	I-playlist
2	һәм	BookRestaurant	O
3	миңа	BookRestaurant	B-datetime
4	броньла	BookRestaurant	I-artist

# id: test_375
# text EN: What will the weather be in Sarygamyş Sanctuary on august 21, 2035 ?
# text TAT: 2035 елның 21 августында Сарыкамыш тыюлыгыда нинди һава торышы булачак ?
# intent = weather/find
# slots: 1:24:datetime, 26:44:location
1	2035	weather/find	B-datetime
2	елның	weather/find	I-datetime
3	21	weather/find	I-datetime
4	августында	weather/find	I-datetime
5	Сарыкамыш	weather/find	B-location
6	тыюлыгыда	weather/find	O
7	нинди	weather/find	O
8	һава	weather/find	B-weather/attribute
9	торышы	weather/find	O
10	булачак	weather/find	O
11	?	weather/find	O

# id: test_376
# text EN: Rate Ruth five out of 6 points .
# text TAT: Руфь китапка 6-дан биш балл бир .
# intent = RateBook
# slots: 1:12:object_name, 14:18:best_rating, 20:22:rating_value, 24:27:rating_unit
1	Руфь	RateBook	B-datetime
2	китапка	RateBook	O
3	6-дан	RateBook	O
4	биш	RateBook	B-rating_value
5	балл	RateBook	O
6	бир	RateBook	O
7	.	RateBook	O

# id: test_377
# text EN: Reminiscences of the Anti-Japanese Guerillas chronicle deserves zero points out of 6 for a rating.
# text TAT: Reminiscences of the Anti-Japanese Guerillas хроникасы 6-дан ноль балл рейтинг лаек.
# intent = RateBook
# slots: 1:44:object_name, 46:54:object_part_of_series_type, 56:60:best_rating, 62:65:rating_value, 67:70:rating_unit
1	Reminiscences	RateBook	I-object_name
2	of	RateBook	O
3	the	RateBook	I-object_name
4	Anti-Japanese	RateBook	I-object_name
5	Guerillas	RateBook	I-object_name
6	хроникасы	RateBook	O
7	6-дан	RateBook	I-datetime
8	ноль	RateBook	I-datetime
9	балл	RateBook	O
10	рейтинг	RateBook	O
11	лаек	RateBook	O
12	.	RateBook	O

# id: test_378
# text EN: Show me Southern Theatres movie times
# text TAT: Миңа Көньяк Театрларындагы кино графикларын күрсәт
# intent = SearchScreeningEvent
# slots: 6:26:location, 28:43:object_type
1	Миңа	SearchScreeningEvent	B-location
2	Көньяк	SearchScreeningEvent	I-location
3	Театрларындагы	SearchScreeningEvent	O
4	кино	SearchScreeningEvent	B-movie_type
5	графикларын	SearchScreeningEvent	O
6	күрсәт	SearchScreeningEvent	O

# id: test_379
# text EN: Find the movie schedule close by
# text TAT: Якындагы кинотеатрда кино графикларын таб
# intent = SearchScreeningEvent
# slots: 1:20:location, 22:37:object_type
1	Якындагы	SearchScreeningEvent	O
2	кинотеатрда	SearchScreeningEvent	O
3	кино	SearchScreeningEvent	O
4	графикларын	SearchScreeningEvent	O
5	таб	SearchScreeningEvent	B-datetime

# id: test_380
# text EN: Add this album to the Spanish Beat playlist
# text TAT: Бу альбом Испан ритмнар плейлистына өстә
# intent = AddToPlaylist
# slots: 4:9:music_item, 11:23:playlist
1	Бу	AddToPlaylist	O
2	альбом	AddToPlaylist	O
3	Испан	AddToPlaylist	I-playlist
4	ритмнар	AddToPlaylist	I-playlist
5	плейлистына	AddToPlaylist	O
6	өстә	AddToPlaylist	O

# id: test_381
# text EN: Book a reservation for 6 people for a creole tavern in Montenegro
# text TAT: 6 кешегә креол тавернасында Черногориядә броньла
# intent = BookRestaurant
# slots: 1:1:party_size_number, 10:14:cuisine, 16:27:restaurant_type, 29:40:location
1	6	BookRestaurant	B-datetime
2	кешегә	BookRestaurant	O
3	креол	BookRestaurant	B-location
4	тавернасында	BookRestaurant	O
5	Черногориядә	BookRestaurant	O
6	броньла	BookRestaurant	I-artist

# id: test_382
# text EN: Give the Catedral series four stars .
# text TAT: Cathedral сериясенә дүрт йолдыз бир .
# intent = AddToPlaylist
# slots: 1:9:object_name, 11:19:object_part_of_series_type, 21:24:rating_value, 26:31:rating_unit
1	Cathedral	RateBook	I-playlist
2	сериясенә	RateBook	O
3	дүрт	RateBook	O
4	йолдыз	RateBook	O
5	бир	RateBook	O
6	.	RateBook	O

# id: test_383
# text EN: Add The Famous Flower of Serving-Men to my evening acoustic playlist.
# text TAT: The Famous Flower of Serving-Men минем кичке акустика плейлистымна өстә.
# intent = AddToPlaylist
# slots: 1:32:entity_name, 34:38:reference, 40:53:playlist
1	The	AddToPlaylist	O
2	Famous	AddToPlaylist	I-movie_name
3	Flower	AddToPlaylist	I-object_name
4	of	AddToPlaylist	I-object_name
5	Serving-Men	AddToPlaylist	I-object_name
6	минем	AddToPlaylist	O
7	кичке	AddToPlaylist	O
8	акустика	AddToPlaylist	O
9	плейлистымна	AddToPlaylist	O
10	өстә	AddToPlaylist	O
11	.	AddToPlaylist	O

# id: test_384
# text EN: Show me the schedule for ArcLight Hollywood for only animated movies
# text TAT: Миңа ArcLight Hollywood кинотеатырында анимацион фильмнарга гына расписаниесене күрсәт
# intent = SearchScreeningEvent
# slots: 6:38:location, 40:59:movie_type, 66:79:object_type
1	Миңа	SearchScreeningEvent	O
2	ArcLight	SearchScreeningEvent	B-location
3	Hollywood	SearchScreeningEvent	B-location
4	кинотеатырында	SearchScreeningEvent	O
5	анимацион	SearchScreeningEvent	B-datetime
6	фильмнарга	SearchScreeningEvent	O
7	гына	SearchScreeningEvent	O
8	расписаниесене	SearchScreeningEvent	O
9	күрсәт	SearchScreeningEvent	O

# id: test_385
# text EN: Please search for the painting titled This Is the Night .
# text TAT: Зинһар, Йолдызлы төн рәсемне таб .
# intent = AddToPlaylist
# slots: 18:28:object_name, 30:32:object_type
1	Зинһар	SearchCreativeWork	B-location
2	,	SearchCreativeWork	O
3	Йолдызлы	SearchCreativeWork	B-location
4	төн	SearchCreativeWork	B-datetime
5	рәсемне	SearchCreativeWork	O
6	таб	SearchCreativeWork	B-datetime
7	.	SearchCreativeWork	O

# id: test_386
# text EN: What will the humidity be in the current spot at 15:19:29 ?
# text TAT: Бу урында 15:19:29 дымлылык нинди булачак ?
# intent = weather/find
# slots: 1:9:location, 11:18:datetime, 20:27:condition_description
1	Бу	weather/find	O
2	урында	weather/find	O
3	15:19:29	weather/find	I-datetime
4	дымлылык	weather/find	B-weather/attribute
5	нинди	weather/find	B-weather/attribute
6	булачак	weather/find	O
7	?	weather/find	O

# id: test_387
# text EN: i want to see JLA Adventures: Trapped In Time
# text TAT: мин JLA Adventures: Trapped In Time-ны карарга телим
# intent = SearchScreeningEvent
# slots: 5:38:movie_name
1	мин	SearchScreeningEvent	O
2	JLA	SearchScreeningEvent	I-object_name
3	Adventures:	SearchScreeningEvent	I-object_name
4	Trapped	SearchScreeningEvent	I-object_name
5	In	SearchScreeningEvent	I-object_name
6	Time-ны	SearchScreeningEvent	O
7	карарга	SearchScreeningEvent	O
8	телим	SearchScreeningEvent	B-datetime

# id: test_388
# text EN: Add a derek watkins tune to This Is Johnny Cash
# text TAT: This Is Johnny Cash-ка дерек уоткинсныӊ көйен өстә
# intent = weather/find
# slots: 1:22:playlist, 24:39:artist, 41:45:music_item
1	This	AddToPlaylist	O
2	Is	AddToPlaylist	O
3	Johnny	AddToPlaylist	B-artist
4	Cash-ка	AddToPlaylist	O
5	дерек	AddToPlaylist	O
6	уоткинсныӊ	AddToPlaylist	O
7	көйен	AddToPlaylist	O
8	өстә	AddToPlaylist	O

# id: test_389
# text EN: Find a creative work called Fire in the Hole
# text TAT: Fire in the Hole дип аталган иҗади эш таб
# intent = AddToPlaylist
# slots: 1:16:object_name
1	Fire	SearchCreativeWork	I-object_name
2	in	SearchCreativeWork	I-object_name
3	the	SearchCreativeWork	I-object_name
4	Hole	SearchCreativeWork	I-object_name
5	дип	SearchCreativeWork	O
6	аталган	SearchCreativeWork	O
7	иҗади	SearchCreativeWork	O
8	эш	SearchCreativeWork	O
9	таб	SearchCreativeWork	I-playlist

# id: test_390
# text EN: book a table near pat's college
# text TAT: пэтныӊ колледж янында өстәлне броньла
# intent = BookRestaurant
# slots: 1:14:location, 16:21:location
1	пэтныӊ	BookRestaurant	B-location
2	колледж	BookRestaurant	O
3	янында	BookRestaurant	O
4	өстәлне	BookRestaurant	O
5	броньла	BookRestaurant	I-artist

# id: test_391
# text EN: Is Patrick Still Lives showing at AMC Theaters
# text TAT: Patrick Still Lives AMC кинотеатрларында барамы
# intent = SearchScreeningEvent
# slots: 1:19:movie_name, 21:40:location
1	Patrick	SearchScreeningEvent	B-location
2	Still	SearchScreeningEvent	B-location
3	Lives	SearchScreeningEvent	I-location
4	AMC	SearchScreeningEvent	B-location
5	кинотеатрларында	SearchScreeningEvent	I-location
6	барамы	SearchScreeningEvent	O

# id: test_392
# text EN: I want to book a joint in a spa .
# text TAT: Мин спа массажын броньларга телим .
# intent = AddToPlaylist
# slots: 5:7:facility, 9:16:restaurant_type
1	Мин	BookRestaurant	B-location
2	спа	BookRestaurant	B-weather/attribute
3	массажын	BookRestaurant	O
4	броньларга	BookRestaurant	O
5	телим	BookRestaurant	B-datetime
6	.	BookRestaurant	O

# id: test_393
# text EN: need a table somewhere in Quarryville 14 hours from now
# text TAT: 14 сәгатьтән соң берәр җирдә Кварривиллда өстәл кирәк
# intent = weather/find
# slots: 1:16:datetime, 30:41:location
1	14	BookRestaurant	I-datetime
2	сәгатьтән	BookRestaurant	I-datetime
3	соң	BookRestaurant	I-datetime
4	берәр	BookRestaurant	I-datetime
5	җирдә	BookRestaurant	O
6	Кварривиллда	BookRestaurant	O
7	өстәл	BookRestaurant	B-weather/attribute
8	кирәк	BookRestaurant	B-weather/attribute

# id: test_394
# text EN: play some Gary Lee Conner
# text TAT: Гари Ли Коннерны уйнат
# intent = SearchScreeningEvent
# slots: 1:16:artist
1	Гари	PlayMusic	B-artist
2	Ли	PlayMusic	I-artist
3	Коннерны	PlayMusic	I-playlist
4	уйнат	PlayMusic	O

# id: test_395
# text EN: show the closest movie theatre that shows Boycott
# text TAT: иң якын кинотеатрны кайда Boycott-ны күрсәтәләр күрсәт
# intent = SearchScreeningEvent
# slots: 1:7:location, 9:19:object_location_type, 27:36:movie_name
1	иң	SearchScreeningEvent	O
2	якын	SearchScreeningEvent	B-location
3	кинотеатрны	SearchScreeningEvent	O
4	кайда	SearchScreeningEvent	O
5	Boycott-ны	SearchScreeningEvent	O
6	күрсәтәләр	SearchScreeningEvent	O
7	күрсәт	SearchScreeningEvent	O

# id: test_396
# text EN: Please play my ecstatic playlist.
# text TAT: Зинһар, минем ecstatic плейлистны кабыз.
# intent = weather/find
# slots: 24:33:playlist
1	Зинһар	PlayMusic	B-location
2	,	PlayMusic	O
3	минем	PlayMusic	B-location
4	ecstatic	PlayMusic	O
5	плейлистны	PlayMusic	O
6	кабыз	PlayMusic	B-weather/attribute
7	.	PlayMusic	O

# id: test_397
# text EN: Please look up the song The Mad Magician .
# text TAT: Зинһар, The Mad Magician җырын таб .
# intent = PlayMusic
# slots: 13:30:object_name, 32:34:object_type
1	Зинһар	SearchCreativeWork	I-artist
2	,	SearchCreativeWork	O
3	The	SearchCreativeWork	B-object_name
4	Mad	SearchCreativeWork	I-object_name
5	Magician	SearchCreativeWork	I-object_name
6	җырын	SearchCreativeWork	O
7	таб	SearchCreativeWork	B-datetime
8	.	SearchCreativeWork	O

# id: test_398
# text EN: Check the schedule for Bow Tie Cinemas .
# text TAT: Bow Tie Cinemas-ның расписаниесен тикшер .
# intent = SearchScreeningEvent
# slots: 1:19:location, 21:33:object_type
1	Bow	SearchScreeningEvent	B-location
2	Tie	SearchScreeningEvent	I-location
3	Cinemas-ның	SearchScreeningEvent	I-location
4	расписаниесен	SearchScreeningEvent	O
5	тикшер	SearchScreeningEvent	O
6	.	SearchScreeningEvent	O

# id: test_399
# text EN: Book me a reservation for a party of 3 at a pub in Northern Mariana Islands
# text TAT: Миңа Төньяк Мариан утрауларындагы пабта кичәгә 3 кешелек өстәл броньла
# intent = BookRestaurant
# slots: 6:33:location, 35:39:restaurant_type, 48:48:party_size_number
1	Миңа	BookRestaurant	B-location
2	Төньяк	BookRestaurant	B-location
3	Мариан	BookRestaurant	B-location
4	утрауларындагы	BookRestaurant	O
5	пабта	BookRestaurant	I-playlist
6	кичәгә	BookRestaurant	O
7	3	BookRestaurant	B-datetime
8	кешелек	BookRestaurant	O
9	өстәл	BookRestaurant	B-playlist
10	броньла	BookRestaurant	I-artist

# id: test_400
# text EN: I need to add to my Infinite Indie Folk list the works of Rahim Shah
# text TAT: Миңа Infinite Indie Folk исемлеккә Rahim Shah-ның әсәрләрен өстәргә кирәк
# intent = AddToPlaylist
# slots: 6:24:playlist, 36:49:artist
1	Миңа	AddToPlaylist	O
2	Infinite	AddToPlaylist	B-playlist
3	Indie	AddToPlaylist	I-playlist
4	Folk	AddToPlaylist	I-playlist
5	исемлеккә	AddToPlaylist	O
6	Rahim	AddToPlaylist	B-artist
7	Shah-ның	AddToPlaylist	I-artist
8	әсәрләрен	AddToPlaylist	O
9	өстәргә	AddToPlaylist	O
10	кирәк	AddToPlaylist	O

# id: test_401
# text EN: Add Jerry Calliste, Jr to my Te quiero playlist.
# text TAT: Минем Te quiero плейлистыма Кече Джерри Каллистны өстә.
# intent = AddToPlaylist
# slots: 1:5:reference, 7:15:playlist, 29:49:artist
1	Минем	AddToPlaylist	B-datetime
2	Te	AddToPlaylist	B-artist
3	quiero	AddToPlaylist	B-playlist
4	плейлистыма	AddToPlaylist	O
5	Кече	AddToPlaylist	B-artist
6	Джерри	AddToPlaylist	B-artist
7	Каллистны	AddToPlaylist	O
8	өстә	AddToPlaylist	O
9	.	AddToPlaylist	O

# id: test_402
# text EN: How much colder will it be not far from Utah around 3 Am ?
# text TAT: Юта янында төнге 3 сәгать тирәсендә никадәр салкынрак булачак ?
# intent = weather/find
# slots: 1:3:location, 5:10:location, 12:25:datetime, 45:53:condition_temperature
1	Юта	weather/find	B-datetime
2	янында	weather/find	O
3	төнге	weather/find	B-datetime
4	3	weather/find	I-datetime
5	сәгать	weather/find	I-datetime
6	тирәсендә	weather/find	I-datetime
7	никадәр	weather/find	O
8	салкынрак	weather/find	B-weather/attribute
9	булачак	weather/find	O
10	?	weather/find	O

# id: test_403
# text EN: Add the album to the Hipster Soul playlist.
# text TAT: Альбомны Hipster Soul плейлистына өстә.
# intent = AddToPlaylist
# slots: 1:8:music_item, 10:21:playlist
1	Альбомны	AddToPlaylist	O
2	Hipster	AddToPlaylist	I-playlist
3	Soul	AddToPlaylist	I-playlist
4	плейлистына	AddToPlaylist	O
5	өстә	AddToPlaylist	O
6	.	AddToPlaylist	O

# id: test_404
# text EN: I want to eat a delicatessen in thirteen hours that serves eastern european food
# text TAT: Мин унөч сәгатьтән соң деликатес ресторанында ашарга телим, анда көнчыгыш европа ризыклары сатыла
# intent = BookRestaurant
# slots: 5:22:datetime, 24:45:restaurant_type, 75:90:cuisine
1	Мин	BookRestaurant	O
2	унөч	BookRestaurant	I-datetime
3	сәгатьтән	BookRestaurant	I-datetime
4	соң	BookRestaurant	I-datetime
5	деликатес	BookRestaurant	B-location
6	ресторанында	BookRestaurant	O
7	ашарга	BookRestaurant	O
8	телим	BookRestaurant	B-datetime
9	,	BookRestaurant	O
10	анда	BookRestaurant	O
11	көнчыгыш	BookRestaurant	I-reminder/todo
12	европа	BookRestaurant	I-reminder/todo
13	ризыклары	BookRestaurant	O
14	сатыла	BookRestaurant	O

# id: test_405
# text EN: play a sixties soundtrack
# text TAT: алтмышынчы еллар саундтрегын кабыз
# intent = AddToPlaylist
# slots: 1:16:datetime, 18:28:music_item
1	алтмышынчы	PlayMusic	I-playlist
2	еллар	PlayMusic	I-playlist
3	саундтрегын	PlayMusic	O
4	кабыз	PlayMusic	I-artist

# id: test_406
# text EN: Give this album one stars
# text TAT: Бу альбомга бер йолдыз бир
# intent = RateBook
# slots: 1:2:object_select, 4:11:object_type, 13:15:rating_value, 17:22:rating_unit
1	Бу	RateBook	O
2	альбомга	RateBook	O
3	бер	RateBook	O
4	йолдыз	RateBook	O
5	бир	RateBook	O

# id: test_407
# text EN: Play the greatest music from Bryan Maclean .
# text TAT: Bryan Macleanның иң олуг музыкасын кабыз .
# intent = PlayMusic
# slots: 1:16:artist, 18:24:sort
1	Bryan	PlayMusic	B-artist
2	Macleanның	PlayMusic	O
3	иң	PlayMusic	O
4	олуг	PlayMusic	B-datetime
5	музыкасын	PlayMusic	O
6	кабыз	PlayMusic	I-artist
7	.	PlayMusic	O

# id: test_408
# text EN: what is the forecast in Nicodemus and nearby
# text TAT: Nicodemus-та һәм аның тирәсендәге һава торышы нинди
# intent = weather/find
# slots: 1:12:location, 18:33:location
1	Nicodemus-та	weather/find	O
2	һәм	weather/find	O
3	аның	weather/find	B-location
4	тирәсендәге	weather/find	O
5	һава	weather/find	O
6	торышы	weather/find	O
7	нинди	weather/find	O

# id: test_409
# text EN: Looking for a game called Phinally Phamous
# text TAT: Phinally Phamous дип аталган уен эзлә
# intent = AddToPlaylist
# slots: 1:16:object_name, 30:32:object_type
1	Phinally	SearchCreativeWork	I-object_name
2	Phamous	SearchCreativeWork	I-object_name
3	дип	SearchCreativeWork	O
4	аталган	SearchCreativeWork	O
5	уен	SearchCreativeWork	O
6	эзлә	SearchCreativeWork	O

# id: test_410
# text EN: Give a rating of 2 to Juneteenth .
# text TAT: Juneteenth-га 2 балл куй .
# intent = BookRestaurant
# slots: 1:13:object_name, 15:15:rating_value
1	Juneteenth-га	RateBook	O
2	2	RateBook	B-datetime
3	балл	RateBook	I-datetime
4	куй	RateBook	B-datetime
5	.	RateBook	O

# id: test_411
# text EN: Give zero stars to Rhialto the Marvellous
# text TAT: Rhialto the Marvellous-га нуль йолдыз бир
# intent = AddToPlaylist
# slots: 1:25:object_name, 27:30:rating_value, 32:37:rating_unit
1	Rhialto	RateBook	I-artist
2	the	RateBook	I-object_name
3	Marvellous-га	RateBook	O
4	нуль	RateBook	I-playlist
5	йолдыз	RateBook	O
6	бир	RateBook	O

# id: test_412
# text EN: I want to hear soundtrack music on Youtube from Helena Iren Michaelsen
# text TAT: Мин Хелена Ирен Михаэльсенның Youtube-та саундтрегын ишетергә телим
# intent = PlayMusic
# slots: 1:15:artist, 31:40:service, 42:52:music_item
1	Мин	PlayMusic	B-artist
2	Хелена	PlayMusic	I-artist
3	Ирен	PlayMusic	B-artist
4	Михаэльсенның	PlayMusic	O
5	Youtube-та	PlayMusic	O
6	саундтрегын	PlayMusic	O
7	ишетергә	PlayMusic	O
8	телим	PlayMusic	B-datetime

# id: test_413
# text EN: book a table on 1/20/2023 for 5 people in MH
# text TAT: 5 кешегә 20/01/2023 MH-да өстәл броньла
# intent = alarm/set_alarm
# slots: 1:1:party_size_number, 10:19:datetime, 21:25:location
1	5	BookRestaurant	B-datetime
2	кешегә	BookRestaurant	O
3	20/01/2023	BookRestaurant	I-datetime
4	MH-да	BookRestaurant	O
5	өстәл	BookRestaurant	O
6	броньла	BookRestaurant	I-artist

# id: test_414
# text EN: movie schedules close by for animated movies
# text TAT: якындагы анимация фильмнары сессияләре расписаниесе
# intent = SearchScreeningEvent
# slots: 1:8:location, 10:27:movie_type, 29:51:object_type
1	якындагы	SearchScreeningEvent	O
2	анимация	SearchScreeningEvent	B-datetime
3	фильмнары	SearchScreeningEvent	I-location
4	сессияләре	SearchScreeningEvent	I-datetime
5	расписаниесе	SearchScreeningEvent	O

# id: test_415
# text EN: Add jack white to my playlist This Is Shakira
# text TAT: Минем This Is Shakira плейлистымна jack white-ны өстә
# intent = AddToPlaylist
# slots: 1:5:reference, 7:21:playlist, 36:48:artist
1	Минем	AddToPlaylist	I-playlist
2	This	AddToPlaylist	I-playlist
3	Is	AddToPlaylist	I-playlist
4	Shakira	AddToPlaylist	I-playlist
5	плейлистымна	AddToPlaylist	O
6	jack	AddToPlaylist	B-playlist
7	white-ны	AddToPlaylist	O
8	өстә	AddToPlaylist	O

# id: test_416
# text EN: I want to book a restaurant for five people in Sri Lanka .
# text TAT: Мин Шри-Ланкада биш кешегә ресторан броньларга телим .
# intent = BookRestaurant
# slots: 5:15:location, 17:19:party_size_number, 28:35:restaurant_type
1	Мин	BookRestaurant	B-location
2	Шри-Ланкада	BookRestaurant	O
3	биш	BookRestaurant	B-datetime
4	кешегә	BookRestaurant	O
5	ресторан	BookRestaurant	B-restaurant_type
6	броньларга	BookRestaurant	O
7	телим	BookRestaurant	B-datetime
8	.	BookRestaurant	O

# id: test_417
# text EN: Please search for the television show , Episodi di The Blacklist .
# text TAT: Зинһар, Episodi di The Blacklist телевизион тапшыруын таб .
# intent = PlayMusic
# slots: 17:43:object_name, 45:57:object_type
1	Зинһар	SearchCreativeWork	O
2	,	SearchCreativeWork	O
3	Episodi	SearchCreativeWork	I-object_name
4	di	SearchCreativeWork	I-object_name
5	The	SearchCreativeWork	I-object_name
6	Blacklist	SearchCreativeWork	I-object_name
7	телевизион	SearchCreativeWork	O
8	тапшыруын	SearchCreativeWork	O
9	таб	SearchCreativeWork	B-datetime
10	.	SearchCreativeWork	O

# id: test_418
# text EN: what is the forecast for colder temps beginning on Law Day here
# text TAT: монда Law Day-нән башлап салкын һава торышы нинди
# intent = weather/find
# slots: 1:5:location, 7:17:datetime, 26:31:condition_temperature
1	монда	weather/find	O
2	Law	weather/find	B-datetime
3	Day-нән	weather/find	O
4	башлап	weather/find	O
5	салкын	weather/find	B-weather/attribute
6	һава	weather/find	O
7	торышы	weather/find	O
8	нинди	weather/find	O

# id: test_419
# text EN: I want to book a restaurant for ten people.
# text TAT: Мин ун кешелек өстәленә ресторанда заказ бирергә телим.
# intent = BookRestaurant
# slots: 5:6:party_size_number, 25:34:restaurant_type
1	Мин	BookRestaurant	O
2	ун	BookRestaurant	B-datetime
3	кешелек	BookRestaurant	O
4	өстәленә	BookRestaurant	B-location
5	ресторанда	BookRestaurant	O
6	заказ	BookRestaurant	O
7	бирергә	BookRestaurant	O
8	телим	BookRestaurant	O
9	.	BookRestaurant	O

# id: test_420
# text EN: Play something by Duke Ellington from the seventies
# text TAT: Җитмешенче еллардагы Дюк Эллингтоннан берәр нәрсә уйна
# intent = PlayMusic
# slots: 1:10:datetime, 22:37:artist
1	Җитмешенче	PlayMusic	B-datetime
2	еллардагы	PlayMusic	O
3	Дюк	PlayMusic	B-artist
4	Эллингтоннан	PlayMusic	O
5	берәр	PlayMusic	B-datetime
6	нәрсә	PlayMusic	B-datetime
7	уйна	PlayMusic	O

# id: test_421
# text EN: Rate Cotton Comes to Harlem a 2
# text TAT: Cotton Comes to Harlem-ны 2-гә бәялә
# intent = RateBook
# slots: 1:25:object_name, 27:30:rating_value
1	Cotton	RateBook	I-object_name
2	Comes	RateBook	I-object_name
3	to	RateBook	I-object_name
4	Harlem-ны	RateBook	O
5	2-гә	RateBook	O
6	бәялә	RateBook	O

# id: test_422
# text EN: Add a song to my playlist madden nfl 16
# text TAT: Җырны минем madden nfl 16 плейлистымна өстә
# intent = weather/find
# slots: 7:11:reference, 13:25:playlist, 27:38:music_item
1	Җырны	AddToPlaylist	O
2	минем	AddToPlaylist	B-datetime
3	madden	AddToPlaylist	B-weather/attribute
4	nfl	AddToPlaylist	B-weather/attribute
5	16	AddToPlaylist	B-datetime
6	плейлистымна	AddToPlaylist	O
7	өстә	AddToPlaylist	O

# id: test_423
# text EN: Add Toyan to my Epic Gaming playlist.
# text TAT: Toyan-ны минем Epic Gaming плейлистымна өстә.
# intent = AddToPlaylist
# slots: 1:8:artist, 10:14:reference, 16:26:playlist
1	Toyan-ны	AddToPlaylist	O
2	минем	AddToPlaylist	B-datetime
3	Epic	AddToPlaylist	B-playlist
4	Gaming	AddToPlaylist	I-playlist
5	плейлистымна	AddToPlaylist	O
6	өстә	AddToPlaylist	O
7	.	AddToPlaylist	O

# id: test_424
# text EN: play some new Les Vandyke on Slacker
# text TAT: Slacker-да ниндидер яңа Les Vandyke уйнат
# intent = SearchScreeningEvent
# slots: 1:10:service, 21:23:sort, 25:35:artist
1	Slacker-да	PlayMusic	O
2	ниндидер	PlayMusic	B-datetime
3	яңа	PlayMusic	O
4	Les	PlayMusic	B-artist
5	Vandyke	PlayMusic	I-artist
6	уйнат	PlayMusic	O

# id: test_425
# text EN: rate the Three Junes one out of 6
# text TAT: Three Junes-га 6-дан берге бәялә
# intent = BookRestaurant
# slots: 1:14:object_name, 16:20:best_rating, 22:26:rating_value
1	Three	RateBook	B-datetime
2	Junes-га	RateBook	I-datetime
3	6-дан	RateBook	I-datetime
4	берге	RateBook	I-datetime
5	бәялә	RateBook	I-datetime

# id: test_426
# text EN: Book a reservation for nine people at a bakery in Nunez
# text TAT: Nunez пекарнясында тугыз кешегә өстәл заказ ит
# intent = BookRestaurant
# slots: 1:5:location, 7:18:restaurant_type, 20:24:party_size_number
1	Nunez	BookRestaurant	B-location
2	пекарнясында	BookRestaurant	O
3	тугыз	BookRestaurant	O
4	кешегә	BookRestaurant	O
5	өстәл	BookRestaurant	O
6	заказ	BookRestaurant	O
7	ит	BookRestaurant	O

# id: test_427
# text EN: Rate this current novel two out of 6 .
# text TAT: Бу агымдагы романны 6-дан икеге бәялә .
# intent = RateBook
# slots: 1:11:object_select, 13:19:object_type, 21:25:best_rating, 27:31:rating_value
1	Бу	RateBook	O
2	агымдагы	RateBook	O
3	романны	RateBook	O
4	6-дан	RateBook	O
5	икеге	RateBook	O
6	бәялә	RateBook	O
7	.	RateBook	O

# id: test_428
# text EN: Play The Happy Blues by Ronnie Wood .
# text TAT: Ронни Вудның The Happy Blues-ны уйнат .
# intent = PlayMusic
# slots: 1:12:artist, 14:31:album
1	Ронни	PlayMusic	B-artist
2	Вудның	PlayMusic	O
3	The	PlayMusic	B-artist
4	Happy	PlayMusic	I-object_name
5	Blues-ны	PlayMusic	O
6	уйнат	PlayMusic	O
7	.	PlayMusic	O

# id: test_429
# text EN: Play a symphony from 2013 .
# text TAT: 2013 елгы симфонияне уйнат .
# intent = PlayMusic
# slots: 1:9:datetime, 11:20:music_item
1	2013	PlayMusic	B-datetime
2	елгы	PlayMusic	O
3	симфонияне	PlayMusic	O
4	уйнат	PlayMusic	O
5	.	PlayMusic	O

# id: test_430
# text EN: Play Subconscious Lobotomy from Jennifer Paull .
# text TAT: Jennifer Paull-ның Subconscious Lobotomy-ны уйнат .
# intent = PlayMusic
# slots: 1:18:artist, 20:43:album
1	Jennifer	PlayMusic	B-artist
2	Paull-ның	PlayMusic	O
3	Subconscious	PlayMusic	I-object_name
4	Lobotomy-ны	PlayMusic	O
5	уйнат	PlayMusic	O
6	.	PlayMusic	O

# id: test_431
# text EN: Give The Crystal Snare 5 stars
# text TAT: The Crystal Snare-га 5 йолдыз бир
# intent = RateBook
# slots: 1:20:object_name, 22:22:rating_value, 24:29:rating_unit
1	The	RateBook	B-object_name
2	Crystal	RateBook	I-object_name
3	Snare-га	RateBook	O
4	5	RateBook	B-rating_value
5	йолдыз	RateBook	O
6	бир	RateBook	O

# id: test_432
# text EN: Give zero stars to this textbook
# text TAT: Бу дәреслеккә нуль йолдыз куй
# intent = AddToPlaylist
# slots: 1:2:object_select, 4:13:object_type, 15:18:rating_value, 20:25:rating_unit
1	Бу	RateBook	O
2	дәреслеккә	RateBook	O
3	нуль	RateBook	B-datetime
4	йолдыз	RateBook	O
5	куй	RateBook	O

# id: test_433
# text EN: Rate the current series 4 points
# text TAT: Агымдагы серияне 4 баллга бәялә
# intent = RateBook
# slots: 1:8:object_select, 10:16:object_part_of_series_type, 18:18:rating_value, 20:25:rating_unit
1	Агымдагы	RateBook	O
2	серияне	RateBook	O
3	4	RateBook	B-rating_value
4	баллга	RateBook	O
5	бәялә	RateBook	O

# id: test_434
# text EN: I want a table at James D. Conrey House in Urbank California
# text TAT: Мин Urbank California-да James D. Conrey House-да өстәл телим
# intent = BookRestaurant
# slots: 5:10:location, 12:24:location, 26:49:restaurant_name
1	Мин	BookRestaurant	B-location
2	Urbank	BookRestaurant	I-location
3	California-да	BookRestaurant	O
4	James	BookRestaurant	B-location
5	D.	BookRestaurant	I-object_name
6	Conrey	BookRestaurant	I-object_name
7	House-да	BookRestaurant	O
8	өстәл	BookRestaurant	O
9	телим	BookRestaurant	I-party_size_description

# id: test_435
# text EN: Is Babar: King of the Elephants playing
# text TAT: Babar: King of the Elephants уйнымы
# intent = SearchScreeningEvent
# slots: 1:28:movie_name
1	Babar:	SearchScreeningEvent	I-object_name
2	King	SearchScreeningEvent	I-object_name
3	of	SearchScreeningEvent	I-object_name
4	the	SearchScreeningEvent	I-object_name
5	Elephants	SearchScreeningEvent	I-object_name
6	уйнымы	SearchScreeningEvent	I-movie_name

# id: test_436
# text EN: Add a song to this is racionais mc's
# text TAT: this is racionais mc's-га җырны өстә
# intent = AddToPlaylist
# slots: 1:25:playlist, 27:31:music_item
1	this	AddToPlaylist	O
2	is	AddToPlaylist	O
3	racionais	AddToPlaylist	I-playlist
4	mc's-га	AddToPlaylist	I-playlist
5	җырны	AddToPlaylist	O
6	өстә	AddToPlaylist	O

# id: test_437
# text EN: rate the current essay zero out of 6 stars
# text TAT: Хәзерге эссега 6-дан нуль йолдыз куй
# intent = RateBook
# slots: 1:7:object_select, 9:14:object_type, 16:20:best_rating, 22:25:rating_value, 27:32:rating_unit
1	Хәзерге	RateBook	B-datetime
2	эссега	RateBook	O
3	6-дан	RateBook	O
4	нуль	RateBook	O
5	йолдыз	RateBook	O
6	куй	RateBook	O

# id: test_438
# text EN: Let's hear stuff from Andrew Hewitt .
# text TAT: Әйдә Эндрю Хьюиттан берәр нәрсә тыңлыйк .
# intent = PlayMusic
# slots: 6:19:artist
1	Әйдә	PlayMusic	O
2	Эндрю	PlayMusic	B-artist
3	Хьюиттан	PlayMusic	O
4	берәр	PlayMusic	B-datetime
5	нәрсә	PlayMusic	O
6	тыңлыйк	PlayMusic	O
7	.	PlayMusic	O

# id: test_439
# text EN: Find animated movies close by
# text TAT: Якында анимация фильмнарын таб
# intent = SearchScreeningEvent
# slots: 1:6:location, 8:26:movie_type
1	Якында	SearchScreeningEvent	O
2	анимация	SearchScreeningEvent	B-datetime
3	фильмнарын	SearchScreeningEvent	O
4	таб	SearchScreeningEvent	B-datetime

# id: test_440
# text EN: give the current chronicle five of 6 points
# text TAT: хәзерге хроникага 6-дан биш балл бир
# intent = RateBook
# slots: 1:7:object_select, 9:17:object_part_of_series_type, 19:23:best_rating, 25:27:rating_value, 29:32:rating_unit
1	хәзерге	RateBook	B-datetime
2	хроникага	RateBook	O
3	6-дан	RateBook	O
4	биш	RateBook	B-rating_value
5	балл	RateBook	O
6	бир	RateBook	O

# id: test_441
# text EN: I need a table for 4 in Saint Helena at Settha Palace Hotel
# text TAT: Миңа Settha Palace Hotel-да Saint Helena-да 4 кешелек өстәл кирәк
# intent = BookRestaurant
# slots: 6:27:restaurant_name, 29:43:location, 45:53:party_size_number
1	Миңа	BookRestaurant	B-location
2	Settha	BookRestaurant	B-location
3	Palace	BookRestaurant	I-restaurant_name
4	Hotel-да	BookRestaurant	O
5	Saint	BookRestaurant	B-location
6	Helena-да	BookRestaurant	O
7	4	BookRestaurant	B-party_size_number
8	кешелек	BookRestaurant	O
9	өстәл	BookRestaurant	O
10	кирәк	BookRestaurant	O

# id: test_442
# text EN: What is the weather going to be like in Virginia on st. patrick's day ?
# text TAT: Изге Патрик көнендә Вирджинияда һава торышы нинди булыр ?
# intent = weather/find
# slots: 1:19:datetime, 21:31:location
1	Изге	weather/find	I-datetime
2	Патрик	weather/find	I-datetime
3	көнендә	weather/find	O
4	Вирджинияда	weather/find	O
5	һава	weather/find	O
6	торышы	weather/find	O
7	нинди	weather/find	O
8	булыр	weather/find	O
9	?	weather/find	O

# id: test_443
# text EN: I need a list of Speakeasy Theaters movie times
# text TAT: Миңа Speakeasy Theaters киноның вакыт исемлеге кирәк
# intent = SearchScreeningEvent
# slots: 6:23:location, 25:37:object_type
1	Миңа	SearchScreeningEvent	B-location
2	Speakeasy	SearchScreeningEvent	I-movie_name
3	Theaters	SearchScreeningEvent	I-location
4	киноның	SearchScreeningEvent	O
5	вакыт	SearchScreeningEvent	O
6	исемлеге	SearchScreeningEvent	O
7	кирәк	SearchScreeningEvent	O

# id: test_444
# text EN: Look for the television show Meet the Prince
# text TAT: Meet the Prince телевизион тапшыруын эзлә
# intent = SearchCreativeWork
# slots: 1:15:object_name, 17:36:object_type
1	Meet	SearchCreativeWork	I-object_name
2	the	SearchCreativeWork	I-object_name
3	Prince	SearchCreativeWork	I-object_name
4	телевизион	SearchCreativeWork	B-datetime
5	тапшыруын	SearchCreativeWork	O
6	эзлә	SearchCreativeWork	O

# id: test_445
# text EN: Please get me the Compulsive Disclosure song .
# text TAT: Зинһар, миңа Compulsive Disclosure җырын бир .
# intent = PlayMusic
# slots: 25:40:object_name, 42:44:object_type
1	Зинһар	SearchCreativeWork	I-artist
2	,	SearchCreativeWork	O
3	миңа	SearchCreativeWork	O
4	Compulsive	SearchCreativeWork	I-object_name
5	Disclosure	SearchCreativeWork	I-object_name
6	җырын	SearchCreativeWork	O
7	бир	SearchCreativeWork	O
8	.	SearchCreativeWork	O

# id: test_446
# text EN: Play Trance Life on Zvooq .
# text TAT: Zvooq-та Trance Life-ны уйнат .
# intent = SearchScreeningEvent
# slots: 1:8:service, 10:23:playlist
1	Zvooq-та	PlayMusic	O
2	Trance	PlayMusic	I-object_name
3	Life-ны	PlayMusic	O
4	уйнат	PlayMusic	O
5	.	PlayMusic	O

# id: test_447
# text EN: Please find me the work, Serious Awesomeness !.
# text TAT: Зинһар, миңа Serious Awesomeness ! эшен таб.
# intent = SearchScreeningEvent
# slots: 22:34:object_name
1	Зинһар	SearchCreativeWork	I-artist
2	,	SearchCreativeWork	O
3	миңа	SearchCreativeWork	O
4	Serious	SearchCreativeWork	I-object_name
5	Awesomeness	SearchCreativeWork	I-object_name
6	!	SearchCreativeWork	O
7	эшен	SearchCreativeWork	O
8	таб	SearchCreativeWork	B-datetime
9	.	SearchCreativeWork	O

# id: test_448
# text EN: i want to see I Dream of Jeanie in a movie theatre
# text TAT: мин кинотеатрда I Dream of Jeanie-ны карарга телим
# intent = SearchScreeningEvent
# slots: 5:15:object_location_type, 17:36:movie_name
1	мин	SearchScreeningEvent	O
2	кинотеатрда	SearchScreeningEvent	O
3	I	SearchScreeningEvent	B-movie_name
4	Dream	SearchScreeningEvent	I-movie_name
5	of	SearchScreeningEvent	I-movie_name
6	Jeanie-ны	SearchScreeningEvent	O
7	карарга	SearchScreeningEvent	O
8	телим	SearchScreeningEvent	O

# id: test_449
# text EN: Play Paul Mccartney
# text TAT: Пол Маккартни уйнат
# intent = SearchScreeningEvent
# slots: 1:13:artist
1	Пол	PlayMusic	O
2	Маккартни	PlayMusic	I-artist
3	уйнат	PlayMusic	O

# id: test_450
# text EN: Rate the current novel 3 stars
# text TAT: Хәзерге романны 3 йолдызга бәялә
# intent = RateBook
# slots: 1:7:object_select, 9:15:object_type, 17:17:rating_value, 19:26:rating_unit
1	Хәзерге	RateBook	B-datetime
2	романны	RateBook	O
3	3	RateBook	B-rating_value
4	йолдызга	RateBook	O
5	бәялә	RateBook	O

# id: test_451
# text EN: Can you search the book , Paris - When It Sizzles ?
# text TAT: Paris - When It Sizzles китабын таба аласызмы ?
# intent = SearchScreeningEvent
# slots: 1:23:object_name, 25:31:object_type
1	Paris	SearchCreativeWork	B-location
2	-	SearchCreativeWork	O
3	When	SearchCreativeWork	B-object_name
4	It	SearchCreativeWork	I-object_name
5	Sizzles	SearchCreativeWork	I-object_name
6	китабын	SearchCreativeWork	O
7	таба	SearchCreativeWork	O
8	аласызмы	SearchCreativeWork	O
9	?	SearchCreativeWork	O

# id: test_452
# text EN: play some seventies Filipp Kirkorow
# text TAT: Филипп Киркоровның җитмешенче еллар пьесасын уйнат
# intent = PlayMusic
# slots: 1:18:artist, 20:29:datetime
1	Филипп	PlayMusic	O
2	Киркоровның	PlayMusic	O
3	җитмешенче	PlayMusic	B-datetime
4	еллар	PlayMusic	I-datetime
5	пьесасын	PlayMusic	O
6	уйнат	PlayMusic	O

# id: test_453
# text EN: I want to book a bougatsa restaurant in next year nearby Penn for three people.
# text TAT: Киләсе елда мин Пенни янындагы bougatsa ресторанын өч кешегә броньларга телим.
# intent = BookRestaurant
# slots: 1:11:datetime, 17:21:location, 23:30:location, 32:39:cuisine, 41:50:restaurant_type, 52:53:party_size_number
1	Киләсе	BookRestaurant	B-datetime
2	елда	BookRestaurant	I-datetime
3	мин	BookRestaurant	O
4	Пенни	BookRestaurant	B-location
5	янындагы	BookRestaurant	O
6	bougatsa	BookRestaurant	B-location
7	ресторанын	BookRestaurant	O
8	өч	BookRestaurant	B-party_size_number
9	кешегә	BookRestaurant	O
10	броньларга	BookRestaurant	O
11	телим	BookRestaurant	B-datetime
12	.	BookRestaurant	O

# id: test_454
# text EN: Will it be rainy in Tenino ?
# text TAT: Тенинода яңгырлар булырмы ?
# intent = weather/find
# slots: 1:8:location, 10:17:condition_description
1	Тенинода	weather/find	B-location
2	яңгырлар	weather/find	B-weather/attribute
3	булырмы	weather/find	B-weather/attribute
4	?	weather/find	O

# id: test_455
# text EN: Please look up Three Essays on the Theory of Sexuality show .
# text TAT: Зинһар, Three Essays on the Theory of Sexuality шоусын эзлә .
# intent = SearchCreativeWork
# slots: 15:54:object_name, 56:59:object_type
1	Зинһар	SearchCreativeWork	I-artist
2	,	SearchCreativeWork	O
3	Three	SearchCreativeWork	B-object_name
4	Essays	SearchCreativeWork	I-object_name
5	on	SearchCreativeWork	I-object_name
6	the	SearchCreativeWork	I-object_name
7	Theory	SearchCreativeWork	I-object_name
8	of	SearchCreativeWork	I-object_name
9	Sexuality	SearchCreativeWork	I-object_name
10	шоусын	SearchCreativeWork	O
11	эзлә	SearchCreativeWork	O
12	.	SearchCreativeWork	O

# id: test_456
# text EN: I want to eat in Ramona
# text TAT: Мин Рамонда ашарга телим
# intent = AddToPlaylist
# slots: 5:11:location
1	Мин	BookRestaurant	B-location
2	Рамонда	BookRestaurant	B-location
3	ашарга	BookRestaurant	O
4	телим	BookRestaurant	B-artist

# id: test_457
# text EN: Add the boy george track to the Emo Forever playlist.
# text TAT: Emo Forever плейлистына boy george трегын өстә.
# intent = weather/find
# slots: 1:11:playlist, 25:34:artist, 36:41:music_item
1	Emo	AddToPlaylist	B-location
2	Forever	AddToPlaylist	B-location
3	плейлистына	AddToPlaylist	O
4	boy	AddToPlaylist	B-artist
5	george	AddToPlaylist	I-artist
6	трегын	AddToPlaylist	O
7	өстә	AddToPlaylist	O
8	.	AddToPlaylist	O

# id: test_458
# text EN: I want to book a steakhouse in Vimy Ridge .
# text TAT: Vimy Ridge-да стейк-хаус заказ итәргә телим .
# intent = weather/find
# slots: 1:13:location, 15:24:restaurant_type
1	Vimy	BookRestaurant	B-location
2	Ridge-да	BookRestaurant	O
3	стейк-хаус	BookRestaurant	I-location
4	заказ	BookRestaurant	O
5	итәргә	BookRestaurant	O
6	телим	BookRestaurant	O
7	.	BookRestaurant	O

# id: test_459
# text EN: Is Without Witness playing twenty two hours from now
# text TAT: Without Witness егерме ике  сәгатьтән соң уйнаячакмы
# intent = SearchScreeningEvent
# slots: 1:15:movie_name, 17:41:datetime
1	Without	SearchScreeningEvent	I-movie_name
2	Witness	SearchScreeningEvent	I-movie_name
3	егерме	SearchScreeningEvent	I-datetime
4	ике	SearchScreeningEvent	I-datetime
5	сәгатьтән	SearchScreeningEvent	I-datetime
6	соң	SearchScreeningEvent	I-datetime
7	уйнаячакмы	SearchScreeningEvent	O

# id: test_460
# text EN: Book spot for 9
# text TAT: 9 кешегә урын броньла
# intent = alarm/set_alarm
# slots: 1:1:party_size_number
1	9	BookRestaurant	B-datetime
2	кешегә	BookRestaurant	O
3	урын	BookRestaurant	O
4	броньла	BookRestaurant	O

# id: test_461
# text EN: add this track to my Hands Up playlist
# text TAT: бу трекны минем Hands Up плейлистына өстә
# intent = AddToPlaylist
# slots: 4:9:music_item, 11:15:reference, 17:24:playlist
1	бу	AddToPlaylist	O
2	трекны	AddToPlaylist	O
3	минем	AddToPlaylist	B-datetime
4	Hands	AddToPlaylist	B-playlist
5	Up	AddToPlaylist	I-playlist
6	плейлистына	AddToPlaylist	O
7	өстә	AddToPlaylist	O

# id: test_462
# text EN: Play something from 90s Pop Rock Essentials
# text TAT: 90s Pop Rock Essentials-тан берәр нәрсә уйнат
# intent = PlayMusic
# slots: 1:27:playlist
1	90s	PlayMusic	I-playlist
2	Pop	PlayMusic	I-playlist
3	Rock	PlayMusic	I-playlist
4	Essentials-тан	PlayMusic	O
5	берәр	PlayMusic	B-datetime
6	нәрсә	PlayMusic	O
7	уйнат	PlayMusic	O

# id: test_463
# text EN: Can you find me the Blue Spring trailer ?
# text TAT: Син миңа Blue Spring трейлерын таба аласыңмы ?
# intent = weather/find
# slots: 10:20:object_name, 22:30:object_type
1	Син	SearchCreativeWork	O
2	миңа	SearchCreativeWork	O
3	Blue	SearchCreativeWork	I-movie_name
4	Spring	SearchCreativeWork	I-playlist
5	трейлерын	SearchCreativeWork	O
6	таба	SearchCreativeWork	I-playlist
7	аласыңмы	SearchCreativeWork	B-datetime
8	?	SearchCreativeWork	O

# id: test_464
# text EN: Give two stars out of 6 to 36 Children
# text TAT: 36 Children-га 6-дан ике йолдыз куй
# intent = RateBook
# slots: 1:14:object_name, 16:20:best_rating, 22:24:rating_value, 26:31:rating_unit
1	36	RateBook	B-datetime
2	Children-га	RateBook	O
3	6-дан	RateBook	O
4	ике	RateBook	B-datetime
5	йолдыз	RateBook	O
6	куй	RateBook	O

# id: test_465
# text EN: I want animated movies at MJR Theatres
# text TAT: Мин MJR театрында анимацион фильмнарны телим
# intent = SearchScreeningEvent
# slots: 5:17:location, 19:38:movie_type
1	Мин	SearchScreeningEvent	B-location
2	MJR	SearchScreeningEvent	I-location
3	театрында	SearchScreeningEvent	O
4	анимацион	SearchScreeningEvent	B-datetime
5	фильмнарны	SearchScreeningEvent	O
6	телим	SearchScreeningEvent	B-movie_type

# id: test_466
# text EN: Add the artist mike to the Sexy as Folk playlist.
# text TAT: Sexy as Folk плейлистына башкаручы mike-ны өстә.
# intent = AddToPlaylist
# slots: 1:12:playlist, 26:34:music_item, 36:42:artist
1	Sexy	AddToPlaylist	B-playlist
2	as	AddToPlaylist	I-playlist
3	Folk	AddToPlaylist	I-playlist
4	плейлистына	AddToPlaylist	O
5	башкаручы	AddToPlaylist	O
6	mike-ны	AddToPlaylist	O
7	өстә	AddToPlaylist	O
8	.	AddToPlaylist	O

# id: test_467
# text EN: add Highway Patrolman in my playlist this is al green
# text TAT: минем this is al green плейлистына Highway Patrolman өстә
# intent = weather/find
# slots: 1:5:reference, 7:22:playlist, 36:52:entity_name
1	минем	AddToPlaylist	O
2	this	AddToPlaylist	O
3	is	AddToPlaylist	O
4	al	AddToPlaylist	O
5	green	AddToPlaylist	B-location
6	плейлистына	AddToPlaylist	O
7	Highway	AddToPlaylist	B-location
8	Patrolman	AddToPlaylist	I-location
9	өстә	AddToPlaylist	O

# id: test_468
# text EN: Find me the novel with the name To Lose My Life …
# text TAT: Миңа To Lose My Life исемле романны таб …
# intent = SearchCreativeWork
# slots: 6:20:object_name, 29:35:object_type
1	Миңа	SearchCreativeWork	O
2	To	SearchCreativeWork	I-object_name
3	Lose	SearchCreativeWork	I-object_name
4	My	SearchCreativeWork	I-object_name
5	Life	SearchCreativeWork	I-object_name
6	исемле	SearchCreativeWork	O
7	романны	SearchCreativeWork	O
8	таб	SearchCreativeWork	B-object_type
9	…	SearchCreativeWork	O

# id: test_469
# text EN: mark this album a score of 5
# text TAT: бу альбомны 5-кә бәялә
# intent = RateBook
# slots: 1:2:object_select, 4:11:object_type, 13:16:rating_value
1	бу	RateBook	O
2	альбомны	RateBook	O
3	5-кә	RateBook	O
4	бәялә	RateBook	O

# id: test_470
# text EN: Is Rare Birds showing at the nearest movie theatre at noon .
# text TAT: Төшке ашта якындагы кинотеатрда Rare Birds күрсәтеләчәк .
# intent = SearchScreeningEvent
# slots: 1:10:datetime, 12:19:location, 21:31:object_location_type, 33:42:movie_name
1	Төшке	SearchScreeningEvent	I-datetime
2	ашта	SearchScreeningEvent	I-datetime
3	якындагы	SearchScreeningEvent	O
4	кинотеатрда	SearchScreeningEvent	O
5	Rare	SearchScreeningEvent	B-movie_name
6	Birds	SearchScreeningEvent	I-movie_name
7	күрсәтеләчәк	SearchScreeningEvent	O
8	.	SearchScreeningEvent	O

# id: test_471
# text EN: Rate The 8-Week Cholesterol Cure three out of 6 .
# text TAT: The 8-Week Cholesterol Cure-га 6-дан өчкә бәялә .
# intent = SearchScreeningEvent
# slots: 1:30:object_name, 32:36:best_rating, 38:41:rating_value
1	The	RateBook	O
2	8-Week	RateBook	I-datetime
3	Cholesterol	RateBook	I-object_name
4	Cure-га	RateBook	O
5	6-дан	RateBook	I-datetime
6	өчкә	RateBook	I-datetime
7	бәялә	RateBook	O
8	.	RateBook	O

# id: test_472
# text EN: Add martin barre to my punk unplugged playlist.
# text TAT: Martin barre-ны минем punk unplugged плейлистыма өстә.
# intent = AddToPlaylist
# slots: 1:15:artist, 17:21:reference, 23:36:playlist
1	Martin	AddToPlaylist	B-artist
2	barre-ны	AddToPlaylist	O
3	минем	AddToPlaylist	B-playlist
4	punk	AddToPlaylist	I-playlist
5	unplugged	AddToPlaylist	I-playlist
6	плейлистыма	AddToPlaylist	O
7	өстә	AddToPlaylist	O
8	.	AddToPlaylist	O

# id: test_473
# text EN: rate the current novel zero out of 6
# text TAT: хәзерге романны 6-дан нульгә бәялә
# intent = RateBook
# slots: 1:7:object_select, 9:15:object_type, 17:21:best_rating, 23:28:rating_value
1	хәзерге	RateBook	B-datetime
2	романны	RateBook	O
3	6-дан	RateBook	O
4	нульгә	RateBook	O
5	бәялә	RateBook	O

# id: test_474
# text EN: What times will The Young Swordsman be showing at my cinema ?
# text TAT: Минем кинотеатрда The Young Swordsman нинди вакытта барачак ?
# intent = SearchScreeningEvent
# slots: 7:17:object_location_type, 19:37:movie_name, 45:51:object_type
1	Минем	SearchScreeningEvent	B-location
2	кинотеатрда	SearchScreeningEvent	O
3	The	SearchScreeningEvent	O
4	Young	SearchScreeningEvent	I-movie_name
5	Swordsman	SearchScreeningEvent	I-movie_name
6	нинди	SearchScreeningEvent	B-datetime
7	вакытта	SearchScreeningEvent	O
8	барачак	SearchScreeningEvent	O
9	?	SearchScreeningEvent	O

# id: test_475
# text EN: What are the movies showing in the neighbourhood
# text TAT: Тирә-юньдә нинди фильмнар күрсәтеләр
# intent = SearchScreeningEvent
# slots: 1:10:location, 18:25:movie_type
1	Тирә-юньдә	SearchScreeningEvent	O
2	нинди	SearchScreeningEvent	O
3	фильмнар	SearchScreeningEvent	B-movie_type
4	күрсәтеләр	SearchScreeningEvent	O

# id: test_476
# text EN: I want to book Oregon Electric Station in North City .
# text TAT: Мин North City-дәге Oregon Electric Station броньларга телим .
# intent = AddToPlaylist
# slots: 5:19:location, 21:43:restaurant_name
1	Мин	BookRestaurant	B-location
2	North	BookRestaurant	B-location
3	City-дәге	BookRestaurant	O
4	Oregon	BookRestaurant	B-location
5	Electric	BookRestaurant	I-object_name
6	Station	BookRestaurant	I-object_name
7	броньларга	BookRestaurant	O
8	телим	BookRestaurant	B-datetime
9	.	BookRestaurant	O

# id: test_477
# text EN: how's the weather here at two Am
# text TAT: монда төнге сәгать икедә һава торышы нинди
# intent = weather/find
# slots: 1:5:location, 7:24:datetime
1	монда	weather/find	O
2	төнге	weather/find	B-datetime
3	сәгать	weather/find	I-datetime
4	икедә	weather/find	I-datetime
5	һава	weather/find	O
6	торышы	weather/find	O
7	нинди	weather/find	O

# id: test_478
# text EN: Fine the movie schedules for the Wanda Group .
# text TAT: Wanda Group-ның фильм кестесін таб .
# intent = SearchScreeningEvent
# slots: 1:15:location, 17:30:object_type
1	Wanda	SearchScreeningEvent	B-location
2	Group-ның	SearchScreeningEvent	O
3	фильм	SearchScreeningEvent	B-object_type
4	кестесін	SearchScreeningEvent	O
5	таб	SearchScreeningEvent	B-datetime
6	.	SearchScreeningEvent	O

# id: test_479
# text EN: what is the forecast for Waurika in Samoa
# text TAT: Самоада Ваурикада нинди һава торышы
# intent = weather/find
# slots: 1:7:location, 9:17:location
1	Самоада	weather/find	B-location
2	Ваурикада	weather/find	I-location
3	нинди	weather/find	B-location
4	һава	weather/find	O
5	торышы	weather/find	O

# id: test_480
# text EN: Show the movie schedules in the neighborhood
# text TAT: Тирә-яктагы фильмнар расписаниесен күрсәт
# intent = SearchScreeningEvent
# slots: 1:11:location, 13:34:object_type
1	Тирә-яктагы	SearchScreeningEvent	B-datetime
2	фильмнар	SearchScreeningEvent	B-datetime
3	расписаниесен	SearchScreeningEvent	O
4	күрсәт	SearchScreeningEvent	O

# id: test_481
# text EN: Play some blues britânico .
# text TAT: Blues britânico уйнат .
# intent = PlayMusic
# slots: 1:15:genre
1	Blues	PlayMusic	O
2	britânico	PlayMusic	I-playlist
3	уйнат	PlayMusic	O
4	.	PlayMusic	O

# id: test_482
# text EN: Is No Time to Be Young showing at AMC Theaters
# text TAT: AMC Theaters-да No Time to Be Young күрсәтеләме
# intent = SearchScreeningEvent
# slots: 1:15:location, 17:35:movie_name
1	AMC	SearchScreeningEvent	B-location
2	Theaters-да	SearchScreeningEvent	O
3	No	SearchScreeningEvent	I-movie_name
4	Time	SearchScreeningEvent	I-movie_name
5	to	SearchScreeningEvent	I-movie_name
6	Be	SearchScreeningEvent	I-movie_name
7	Young	SearchScreeningEvent	I-movie_name
8	күрсәтеләме	SearchScreeningEvent	O

# id: test_483
# text EN: Please look up and find me Monty Python Live at the Hollywood Bowl .
# text TAT: Зинһар, миңа Монти Пайтон Голливудта эзлә һәм таб .
# intent = BookRestaurant
# slots: 20:41:object_name
1	Зинһар	SearchCreativeWork	O
2	,	SearchCreativeWork	O
3	миңа	SearchCreativeWork	O
4	Монти	SearchCreativeWork	B-location
5	Пайтон	SearchCreativeWork	B-location
6	Голливудта	SearchCreativeWork	O
7	эзлә	SearchCreativeWork	O
8	һәм	SearchCreativeWork	O
9	таб	SearchCreativeWork	B-datetime
10	.	SearchCreativeWork	O

# id: test_484
# text EN: what is the forecast for here for blizzard conditions at five pm
# text TAT: кичке бишкә монда буран аркасында һава торышы нинди
# intent = weather/find
# slots: 1:11:datetime, 13:17:location, 19:23:condition_description
1	кичке	weather/find	O
2	бишкә	weather/find	O
3	монда	weather/find	B-location
4	буран	weather/find	B-location
5	аркасында	weather/find	O
6	һава	weather/find	B-weather/attribute
7	торышы	weather/find	O
8	нинди	weather/find	O

# id: test_485
# text EN: add ireland in the junior eurovision song contest 2015 to my Jazzy Dinner playlist
# text TAT: Ирландия балалар евровидениеда 2015 минем Jazzy Dinner плейлистына өстә
# intent = AddToPlaylist
# slots: 1:35:entity_name, 37:41:reference, 43:54:playlist
1	Ирландия	AddToPlaylist	B-location
2	балалар	AddToPlaylist	O
3	евровидениеда	AddToPlaylist	O
4	2015	AddToPlaylist	B-datetime
5	минем	AddToPlaylist	I-datetime
6	Jazzy	AddToPlaylist	I-playlist
7	Dinner	AddToPlaylist	I-playlist
8	плейлистына	AddToPlaylist	O
9	өстә	AddToPlaylist	O

# id: test_486
# text EN: Add a song to Indie Hipster
# text TAT: Indie Hipster-га җырны өстә
# intent = PlayMusic
# slots: 1:16:playlist, 18:22:music_item
1	Indie	AddToPlaylist	B-artist
2	Hipster-га	AddToPlaylist	O
3	җырны	AddToPlaylist	O
4	өстә	AddToPlaylist	O

# id: test_487
# text EN: Can you find me the National Anthem of the Ancient Britons television show ?
# text TAT: Син миңа National Anthem of the Ancient Britons телевизион тапшыруын таба аласыңмы ?
# intent = PlayMusic
# slots: 10:47:object_name, 49:68:object_type
1	Син	SearchCreativeWork	O
2	миңа	SearchCreativeWork	O
3	National	SearchCreativeWork	I-playlist
4	Anthem	SearchCreativeWork	I-playlist
5	of	SearchCreativeWork	I-object_name
6	the	SearchCreativeWork	I-object_name
7	Ancient	SearchCreativeWork	I-object_name
8	Britons	SearchCreativeWork	I-object_name
9	телевизион	SearchCreativeWork	O
10	тапшыруын	SearchCreativeWork	O
11	таба	SearchCreativeWork	O
12	аласыңмы	SearchCreativeWork	B-datetime
13	?	SearchCreativeWork	O

# id: test_488
# text EN: To the travelling playlist, please add this David Gahan song .
# text TAT: travelling плейлистына зинһар, бу Дэвид Гаан җырын өстә .
# intent = weather/find
# slots: 1:10:playlist, 41:50:artist, 52:55:music_item
1	travelling	AddToPlaylist	O
2	плейлистына	AddToPlaylist	O
3	зинһар	AddToPlaylist	B-weather/attribute
4	,	AddToPlaylist	O
5	бу	AddToPlaylist	O
6	Дэвид	AddToPlaylist	B-artist
7	Гаан	AddToPlaylist	I-artist
8	җырын	AddToPlaylist	O
9	өстә	AddToPlaylist	O
10	.	AddToPlaylist	O

# id: test_489
# text EN: I want to hear them from the artist Murcof
# text TAT: Мин аларны Murcof рәссамнан ишетергә телим
# intent = PlayMusic
# slots: 5:10:music_item, 12:17:artist
1	Мин	PlayMusic	O
2	аларны	PlayMusic	O
3	Murcof	PlayMusic	I-artist
4	рәссамнан	PlayMusic	B-datetime
5	ишетергә	PlayMusic	O
6	телим	PlayMusic	O

# id: test_490
# text EN: rate The Gift: Imagination and the Erotic Life of Property five stars
# text TAT: The Gift: Imagination and the Erotic Life of Property-ны биш йолдызга бәялә
# intent = RateBook
# slots: 1:56:object_name, 58:60:rating_value, 62:69:rating_unit
1	The	RateBook	I-object_name
2	Gift:	RateBook	I-object_name
3	Imagination	RateBook	I-object_name
4	and	RateBook	I-object_name
5	the	RateBook	I-object_name
6	Erotic	RateBook	I-object_name
7	Life	RateBook	I-object_name
8	of	RateBook	I-object_name
9	Property-ны	RateBook	O
10	биш	RateBook	O
11	йолдызга	RateBook	O
12	бәялә	RateBook	O

# id: test_491
# text EN: Find me a TV show called Baby Blue
# text TAT: Миңа Baby Blue дип аталган телевизион тапшыруны таб
# intent = PlayMusic
# slots: 6:14:object_name, 28:47:object_type
1	Миңа	SearchCreativeWork	O
2	Baby	SearchCreativeWork	B-object_name
3	Blue	SearchCreativeWork	I-object_name
4	дип	SearchCreativeWork	O
5	аталган	SearchCreativeWork	O
6	телевизион	SearchCreativeWork	B-datetime
7	тапшыруны	SearchCreativeWork	O
8	таб	SearchCreativeWork	B-datetime

# id: test_492
# text EN: look for the book The Girl Who Was Plugged In
# text TAT: The Girl Who Was Plugged In китабын эзлә
# intent = SearchCreativeWork
# slots: 1:27:object_name, 29:35:object_type
1	The	SearchCreativeWork	B-object_name
2	Girl	SearchCreativeWork	I-object_name
3	Who	SearchCreativeWork	I-object_name
4	Was	SearchCreativeWork	I-object_name
5	Plugged	SearchCreativeWork	I-object_name
6	In	SearchCreativeWork	I-object_name
7	китабын	SearchCreativeWork	O
8	эзлә	SearchCreativeWork	O

# id: test_493
# text EN: phyllis ward and veronica need a table at a restaurant in 152 days
# text TAT: филлис уордка һәм вероникага 152 көннән соң ресторанда өстәл кирәк
# intent = BookRestaurant
# slots: 1:28:party_size_description, 30:43:datetime, 45:54:restaurant_type
1	филлис	BookRestaurant	O
2	уордка	BookRestaurant	B-location
3	һәм	BookRestaurant	O
4	вероникага	BookRestaurant	O
5	152	BookRestaurant	I-datetime
6	көннән	BookRestaurant	I-datetime
7	соң	BookRestaurant	I-datetime
8	ресторанда	BookRestaurant	O
9	өстәл	BookRestaurant	O
10	кирәк	BookRestaurant	O

# id: test_494
# text EN: Book a popular restaurant for 5 people
# text TAT: 5 кешелек танылган ресторанны броньла
# intent = BookRestaurant
# slots: 1:1:party_size_number, 11:18:sort, 20:29:restaurant_type
1	5	BookRestaurant	B-datetime
2	кешелек	BookRestaurant	O
3	танылган	BookRestaurant	O
4	ресторанны	BookRestaurant	O
5	броньла	BookRestaurant	O

# id: test_495
# text EN: Book a reservation for The Dome, Edinburgh close to Brooklawn
# text TAT: Бруклон янында The Dome, Edinburgh отеленда номерны броньла
# intent = BookRestaurant
# slots: 1:7:location, 9:14:location, 16:34:restaurant_name
1	Бруклон	BookRestaurant	B-location
2	янында	BookRestaurant	O
3	The	BookRestaurant	B-location
4	Dome,	BookRestaurant	I-location
5	Edinburgh	BookRestaurant	B-location
6	отеленда	BookRestaurant	O
7	номерны	BookRestaurant	O
8	броньла	BookRestaurant	B-location

# id: test_496
# text EN: Add this album to Old School Death Metal
# text TAT: Бу альбомны Old School Death Metal-га өстә
# intent = AddToPlaylist
# slots: 4:11:music_item, 13:37:playlist
1	Бу	AddToPlaylist	O
2	альбомны	AddToPlaylist	O
3	Old	AddToPlaylist	I-playlist
4	School	AddToPlaylist	I-object_name
5	Death	AddToPlaylist	I-object_name
6	Metal-га	AddToPlaylist	O
7	өстә	AddToPlaylist	O

# id: test_497
# text EN: Look for the TV series Jersey Boys
# text TAT: Jersey Boys телесериалын эзлә
# intent = SearchCreativeWork
# slots: 1:11:object_name, 13:24:object_type
1	Jersey	SearchCreativeWork	I-object_name
2	Boys	SearchCreativeWork	I-object_name
3	телесериалын	SearchCreativeWork	O
4	эзлә	SearchCreativeWork	O

# id: test_498
# text EN: Book a reservation for nine people at the best pub nearby Tangier in six months
# text TAT: Алты ай эчендә Танжер янындагы иң яхшы пабта тугыз кешегә өстәл броньла
# intent = AddToPlaylist
# slots: 1:14:datetime, 16:21:location, 23:30:location, 32:38:sort, 40:44:restaurant_type, 46:50:party_size_number
1	Алты	BookRestaurant	B-datetime
2	ай	BookRestaurant	I-datetime
3	эчендә	BookRestaurant	O
4	Танжер	BookRestaurant	B-location
5	янындагы	BookRestaurant	O
6	иң	BookRestaurant	O
7	яхшы	BookRestaurant	B-weather/attribute
8	пабта	BookRestaurant	O
9	тугыз	BookRestaurant	B-weather/attribute
10	кешегә	BookRestaurant	O
11	өстәл	BookRestaurant	I-weather/attribute
12	броньла	BookRestaurant	I-artist

# id: test_499
# text EN: Show me the movies at Harkins Theatres .
# text TAT: Миңа Harkins Theatres-ында фильмларны күрсәт .
# intent = SearchScreeningEvent
# slots: 6:26:location, 28:37:movie_type
1	Миңа	SearchScreeningEvent	B-location
2	Harkins	SearchScreeningEvent	B-location
3	Theatres-ында	SearchScreeningEvent	O
4	фильмларны	SearchScreeningEvent	O
5	күрсәт	SearchScreeningEvent	O
6	.	SearchScreeningEvent	O

# id: test_500
# text EN: book a party at their campus within the same area for churrascaria
# text TAT: аларның кампусында шул ук райондагы чурраскарияга кичәгә заказ бир
# intent = BookRestaurant
# slots: 1:18:location, 20:35:location, 37:49:restaurant_type
1	аларның	BookRestaurant	O
2	кампусында	BookRestaurant	O
3	шул	BookRestaurant	B-location
4	ук	BookRestaurant	O
5	райондагы	BookRestaurant	O
6	чурраскарияга	BookRestaurant	O
7	кичәгә	BookRestaurant	O
8	заказ	BookRestaurant	O
9	бир	BookRestaurant	O

